scorer,DLC_resnet50_bab_bar_2pts_dlc3Feb24shuffle1_500,DLC_resnet50_bab_bar_2pts_dlc3Feb24shuffle1_500,DLC_resnet50_bab_bar_2pts_dlc3Feb24shuffle1_500,DLC_resnet50_bab_bar_2pts_dlc3Feb24shuffle1_500,DLC_resnet50_bab_bar_2pts_dlc3Feb24shuffle1_500,DLC_resnet50_bab_bar_2pts_dlc3Feb24shuffle1_500
bodyparts,beam_left,beam_left,beam_left,beam_right,beam_right,beam_right
coords,x,y,likelihood,x,y,likelihood
0,76.46920013427734,353.7513122558594,0.5156863331794739,1823.125,326.05023193359375,0.7341437935829163
1,76.2341537475586,353.12060546875,0.5241798162460327,1823.1087646484375,326.0989074707031,0.7223852872848511
2,76.3539810180664,353.53955078125,0.5190012454986572,1823.107421875,326.10186767578125,0.7224499583244324
3,76.24282836914062,353.39752197265625,0.5118340253829956,1823.1197509765625,326.107421875,0.722197413444519
4,76.3542709350586,353.3808898925781,0.5099871158599854,1823.1695556640625,326.0754699707031,0.7350254058837891
5,76.14625549316406,353.0635070800781,0.5140587687492371,1823.0697021484375,326.06103515625,0.7231292128562927
6,76.13088989257812,353.3840026855469,0.5266836285591125,1823.15771484375,326.0899658203125,0.7273714542388916
7,76.10424041748047,353.4473571777344,0.5291600227355957,1823.1385498046875,326.1291809082031,0.730815589427948
8,76.15620422363281,353.37506103515625,0.5304553508758545,1823.0697021484375,326.11419677734375,0.7272481322288513
9,76.01687622070312,353.26666259765625,0.5299150347709656,1823.2205810546875,326.1511535644531,0.7246655225753784
10,76.00049591064453,353.3180236816406,0.5255409479141235,1823.130126953125,326.23309326171875,0.724644124507904
11,76.16737365722656,353.3488464355469,0.5201459527015686,1823.164306640625,326.2080383300781,0.7256860136985779
12,75.99836730957031,353.07916259765625,0.5209724307060242,1823.2413330078125,326.1383361816406,0.7221260666847229
13,76.02818298339844,353.08868408203125,0.5219807624816895,1823.247802734375,326.0533752441406,0.7181368470191956
14,75.99642181396484,353.14581298828125,0.5243361592292786,1823.2882080078125,326.09942626953125,0.7180486917495728
15,76.0778579711914,353.161376953125,0.523914635181427,1823.1611328125,326.0766906738281,0.7147383093833923
16,76.14920806884766,353.1914367675781,0.5275529623031616,1823.356201171875,326.1029968261719,0.7142208218574524
17,76.10690307617188,353.18658447265625,0.5278415083885193,1823.1751708984375,326.1732177734375,0.7142132520675659
18,76.12939453125,353.24090576171875,0.5330502390861511,1823.14453125,326.1412048339844,0.7145229578018188
19,75.91297912597656,353.1009521484375,0.5311216711997986,1823.2154541015625,326.2170715332031,0.7149189710617065
20,75.97770690917969,352.92022705078125,0.5283584594726562,1823.2862548828125,326.1700439453125,0.717749834060669
21,75.78507232666016,353.0932922363281,0.529184877872467,1823.0765380859375,326.4307556152344,0.7163904905319214
22,75.800537109375,353.01611328125,0.5253042578697205,1823.136474609375,326.4256286621094,0.7178401947021484
23,75.77653503417969,353.05059814453125,0.5277575254440308,1823.2413330078125,326.3984069824219,0.7201181650161743
24,75.79405975341797,353.0983581542969,0.5350990891456604,1823.235107421875,326.2507019042969,0.7202883958816528
25,75.76155090332031,353.1759033203125,0.5286114811897278,1823.3248291015625,326.15972900390625,0.7182104587554932
26,75.69115447998047,353.3593444824219,0.5311986207962036,1823.3671875,326.1717529296875,0.7178619503974915
27,75.85454559326172,353.30859375,0.5237208604812622,1823.3770751953125,326.0771484375,0.72179114818573
28,75.71514892578125,353.45751953125,0.5209071636199951,1823.245361328125,326.048583984375,0.7188642621040344
29,75.76038360595703,353.376953125,0.5299520492553711,1823.257568359375,326.166015625,0.7164298892021179
30,75.6172866821289,353.3517761230469,0.5334962606430054,1823.1590576171875,326.1419372558594,0.7163043022155762
31,75.68438720703125,353.4104919433594,0.5332518219947815,1823.2274169921875,326.1574401855469,0.7147240042686462
32,75.83050537109375,353.456787109375,0.5295556783676147,1823.2816162109375,326.0943603515625,0.721618115901947
33,75.7238998413086,353.315185546875,0.524398684501648,1823.30712890625,326.0911560058594,0.7144728899002075
34,75.66743469238281,353.3108215332031,0.5245426297187805,1823.31298828125,325.97137451171875,0.7180153131484985
35,75.79962158203125,353.31207275390625,0.5276057720184326,1823.2249755859375,326.02252197265625,0.7187895774841309
36,75.54289245605469,353.3387145996094,0.5275307297706604,1823.1715087890625,325.9798278808594,0.7202585935592651
37,75.68965148925781,353.220458984375,0.5304977297782898,1823.1395263671875,326.0954895019531,0.7179017663002014
38,75.74469757080078,353.1296081542969,0.5244163274765015,1823.0338134765625,326.0889892578125,0.714743435382843
39,75.8177261352539,353.21099853515625,0.5252222418785095,1823.0975341796875,326.15380859375,0.7139531970024109
40,75.77582550048828,353.35211181640625,0.5345726013183594,1823.137939453125,326.0799560546875,0.7164886593818665
41,75.71196746826172,353.19964599609375,0.5267356634140015,1822.99853515625,326.11602783203125,0.7137105464935303
42,75.78963470458984,353.2645263671875,0.5332417488098145,1823.069580078125,326.17523193359375,0.7160725593566895
43,75.75326538085938,353.1850280761719,0.5301687121391296,1822.9691162109375,326.22216796875,0.7129994630813599
44,75.7530746459961,353.2154846191406,0.5357463955879211,1822.948974609375,326.2300720214844,0.7148040533065796
45,75.72576141357422,353.23236083984375,0.5311858057975769,1823.0706787109375,326.27166748046875,0.7129655480384827
46,75.73690795898438,353.3278503417969,0.537490963935852,1823.11962890625,326.2775573730469,0.7114964723587036
47,75.87881469726562,353.3455810546875,0.5369887948036194,1823.1396484375,326.3213806152344,0.7131211161613464
48,75.85742950439453,353.3633117675781,0.5362594723701477,1823.10498046875,326.31768798828125,0.7157825231552124
49,75.867431640625,353.2392883300781,0.5291018486022949,1823.200927734375,326.4233703613281,0.7134013175964355
50,76.07097625732422,353.22674560546875,0.5276833176612854,1823.2615966796875,326.4302673339844,0.7143359184265137
51,75.93610382080078,353.2438049316406,0.5270178914070129,1823.2373046875,326.434326171875,0.7153763175010681
52,75.97540283203125,353.1842956542969,0.5287454724311829,1823.242431640625,326.33514404296875,0.7156980037689209
53,75.81351470947266,353.2601013183594,0.5294848680496216,1823.2431640625,326.2877502441406,0.7202143669128418
54,75.86502838134766,353.2431945800781,0.5347477197647095,1823.217041015625,326.2983093261719,0.7187543511390686
55,75.81273651123047,353.2352600097656,0.5350565910339355,1823.191162109375,326.23828125,0.7199985980987549
56,75.73188781738281,353.43963623046875,0.5367558598518372,1823.353515625,326.2297668457031,0.718156635761261
57,75.64351654052734,353.26458740234375,0.5365287661552429,1823.4552001953125,326.23834228515625,0.7226656675338745
58,75.64976501464844,353.2287902832031,0.5319774746894836,1823.443115234375,326.2340087890625,0.7237761616706848
59,75.55630493164062,353.3299865722656,0.5337855219841003,1823.438232421875,326.2231750488281,0.7243185043334961
60,75.5842056274414,353.33349609375,0.5341642498970032,1823.5218505859375,326.15972900390625,0.7269183397293091
61,75.54271697998047,353.15216064453125,0.5307668447494507,1823.4993896484375,326.1705017089844,0.7268161773681641
62,75.54413604736328,353.05157470703125,0.5280762314796448,1823.388671875,326.1710205078125,0.7258847951889038
63,75.68634033203125,353.2271728515625,0.5312968492507935,1823.391357421875,326.1734619140625,0.7263098359107971
64,75.62910461425781,353.0154724121094,0.516734778881073,1823.4207763671875,326.1674499511719,0.7270552515983582
65,75.61773681640625,352.9430847167969,0.5204917192459106,1823.4061279296875,326.2007141113281,0.7253531813621521
66,75.53379821777344,352.9702453613281,0.5198696255683899,1823.3814697265625,326.22900390625,0.726434588432312
67,75.5064697265625,353.0434875488281,0.5130400061607361,1823.341796875,326.2727355957031,0.7249108552932739
68,75.61141967773438,353.0539245605469,0.5230192542076111,1823.429443359375,326.1584777832031,0.7265279293060303
69,75.62311553955078,352.9794921875,0.515891432762146,1823.2515869140625,326.2104797363281,0.7234179973602295
70,75.69480895996094,353.0147399902344,0.5137680768966675,1823.1776123046875,326.1775817871094,0.7223309874534607
71,75.58799743652344,353.001953125,0.5150291919708252,1823.30126953125,326.2135925292969,0.7225744724273682
72,75.53882598876953,353.06414794921875,0.5208308696746826,1823.466552734375,326.226806640625,0.7242106795310974
73,75.5404281616211,353.0443420410156,0.5160413980484009,1823.322265625,326.2508544921875,0.7200409770011902
74,75.63272857666016,352.9725341796875,0.5130419135093689,1823.3890380859375,326.2292785644531,0.7212241888046265
75,75.80976867675781,353.1510314941406,0.5175349116325378,1823.248291015625,326.2614440917969,0.7229123711585999
76,75.95697784423828,353.0239562988281,0.5116919279098511,1823.3013916015625,326.2356262207031,0.7231066823005676
77,75.76020050048828,352.9732666015625,0.5092300772666931,1823.1893310546875,326.2558898925781,0.7184152603149414
78,75.6752700805664,353.0470275878906,0.5153229236602783,1823.2186279296875,326.2615966796875,0.7189819812774658
79,75.69220733642578,353.05816650390625,0.5158687829971313,1823.166015625,326.29998779296875,0.7182331085205078
80,75.64067840576172,352.9530944824219,0.5177850127220154,1823.386474609375,326.2093200683594,0.7231752872467041
81,75.63372039794922,353.28753662109375,0.51856929063797,1823.393310546875,326.26483154296875,0.721204400062561
82,75.78871154785156,353.4256591796875,0.5213266611099243,1823.3875732421875,326.2695617675781,0.7201290726661682
83,75.87699127197266,353.4129943847656,0.5226253867149353,1823.3050537109375,326.28570556640625,0.7182916402816772
84,75.3969497680664,353.7894287109375,0.5324969291687012,1823.364013671875,326.28778076171875,0.7151660919189453
85,75.44737243652344,353.6160888671875,0.5246041417121887,1823.2498779296875,326.27191162109375,0.7117979526519775
86,75.59427642822266,353.61578369140625,0.5261780619621277,1823.2708740234375,326.2735900878906,0.71247798204422
87,75.61970520019531,353.5278625488281,0.5268675684928894,1823.3916015625,326.2342529296875,0.7149406671524048
88,75.6258316040039,353.5559387207031,0.5301164388656616,1823.4146728515625,326.1792907714844,0.7174452543258667
89,75.6319580078125,353.5000915527344,0.5296300649642944,1823.3828125,326.20428466796875,0.7172849178314209
90,75.53707885742188,353.5667419433594,0.5300065875053406,1823.3948974609375,326.1897888183594,0.7177286148071289
91,75.62759399414062,353.5893249511719,0.5346827507019043,1823.3934326171875,326.2254333496094,0.7167080640792847
92,75.71720123291016,353.45977783203125,0.5345577001571655,1823.41162109375,326.24951171875,0.7160273194313049
93,75.79967498779297,353.3104553222656,0.5373448133468628,1823.3206787109375,326.2776184082031,0.7163193225860596
94,75.79473876953125,353.2605285644531,0.5353674292564392,1823.2967529296875,326.26641845703125,0.718366265296936
95,75.75949096679688,353.2721862792969,0.5405096411705017,1823.1998291015625,326.2958068847656,0.7186300158500671
96,75.8176498413086,353.34466552734375,0.542860209941864,1823.296142578125,326.238037109375,0.716798722743988
97,75.77830505371094,353.30731201171875,0.5374863147735596,1823.2227783203125,326.191162109375,0.7170076370239258
98,75.80235290527344,353.4082336425781,0.5381098389625549,1823.2861328125,326.1565856933594,0.7185942530632019
99,75.80010223388672,353.40814208984375,0.539191722869873,1823.272705078125,326.2484130859375,0.7148106098175049
100,75.8455810546875,353.5112609863281,0.5451105833053589,1823.3084716796875,326.2362365722656,0.7156869769096375
101,75.86835479736328,353.5815124511719,0.5439879894256592,1823.18994140625,326.349609375,0.7153465747833252
102,75.85723114013672,353.48095703125,0.5409329533576965,1823.2171630859375,326.3298645019531,0.7172994017601013
103,75.76898193359375,353.47857666015625,0.5394414663314819,1823.281005859375,326.3582458496094,0.7157759070396423
104,75.72659301757812,353.4679870605469,0.5435288548469543,1823.2396240234375,326.3190002441406,0.7158548831939697
105,75.75147247314453,353.32867431640625,0.5434558987617493,1823.302490234375,326.347412109375,0.7211266160011292
106,75.73657989501953,353.34698486328125,0.5399350523948669,1823.3675537109375,326.3319396972656,0.7222241163253784
107,75.6974105834961,353.3966064453125,0.5342212915420532,1823.3533935546875,326.340087890625,0.7211258411407471
108,75.64434814453125,353.34051513671875,0.5407903790473938,1823.30126953125,326.2752685546875,0.7225655913352966
109,75.71739196777344,353.39410400390625,0.5343161821365356,1823.2479248046875,326.3096618652344,0.7160303592681885
110,75.89559936523438,353.4100036621094,0.5359445214271545,1823.357666015625,326.3048400878906,0.719429075717926
111,75.84413146972656,353.39971923828125,0.5420966148376465,1823.290283203125,326.3157653808594,0.715860903263092
112,75.78767395019531,353.35504150390625,0.5540719628334045,1823.3167724609375,326.2388610839844,0.7150986790657043
113,75.74026489257812,353.4004211425781,0.5429893136024475,1823.28955078125,326.37176513671875,0.7128966450691223
114,75.75494384765625,353.4195251464844,0.5416561961174011,1823.30859375,326.3944396972656,0.7121286988258362
115,75.69686889648438,353.5237731933594,0.5403111577033997,1823.32568359375,326.408935546875,0.7122612595558167
116,75.77375793457031,353.564208984375,0.5449058413505554,1823.39697265625,326.3798522949219,0.7142624855041504
117,75.74796295166016,353.5145568847656,0.5451602935791016,1823.2591552734375,326.45166015625,0.7133824825286865
118,75.72281646728516,353.5896301269531,0.5508368611335754,1823.3123779296875,326.4617004394531,0.7159215211868286
119,75.7508544921875,353.5177001953125,0.5461992621421814,1823.31103515625,326.40106201171875,0.7172550559043884
120,75.72442626953125,353.5394592285156,0.5467093586921692,1823.3631591796875,326.2731018066406,0.7199336290359497
121,75.68890380859375,353.5442810058594,0.5394120812416077,1823.288330078125,326.3132019042969,0.7165190577507019
122,75.64744567871094,353.49566650390625,0.536339521408081,1823.3133544921875,326.3106384277344,0.7139896750450134
123,75.67481994628906,353.4090881347656,0.5404677391052246,1823.3194580078125,326.2928466796875,0.7133095860481262
124,75.60003662109375,353.23651123046875,0.5491561889648438,1823.3648681640625,326.24688720703125,0.7138015627861023
125,75.64175415039062,353.2695007324219,0.5409905314445496,1823.2431640625,326.315673828125,0.7136811017990112
126,75.67365264892578,353.228759765625,0.5334159731864929,1823.2310791015625,326.28302001953125,0.715004563331604
127,75.64525604248047,353.22601318359375,0.5345920920372009,1823.220947265625,326.27166748046875,0.7130065560340881
128,75.55165100097656,353.11126708984375,0.5400214195251465,1823.10546875,326.16766357421875,0.7125619053840637
129,75.61318969726562,353.1933288574219,0.5359459519386292,1823.1517333984375,326.2009582519531,0.7127862572669983
130,75.6495590209961,353.19744873046875,0.5391078591346741,1823.1788330078125,326.20172119140625,0.7150185108184814
131,75.64983367919922,353.3138427734375,0.5380523800849915,1823.304443359375,326.2983703613281,0.7136938571929932
132,75.70864868164062,353.3593444824219,0.544884443283081,1823.4552001953125,326.2987060546875,0.7173919677734375
133,75.62214660644531,353.26763916015625,0.5406427979469299,1823.39990234375,326.3731689453125,0.714557409286499
134,75.60440826416016,353.3417053222656,0.5364990234375,1823.427490234375,326.36236572265625,0.7162383198738098
135,75.62364196777344,353.39422607421875,0.5375534892082214,1823.37451171875,326.3714904785156,0.714451253414154
136,75.58367919921875,353.3851623535156,0.5449222922325134,1823.40625,326.3638610839844,0.7127267122268677
137,75.58907318115234,353.4074401855469,0.5326892733573914,1823.309326171875,326.2777404785156,0.7105382680892944
138,75.54081726074219,353.3879089355469,0.5290027260780334,1823.3013916015625,326.27935791015625,0.7105661630630493
139,75.58247375488281,353.4307556152344,0.5297296047210693,1823.2230224609375,326.226806640625,0.7122503519058228
140,75.53038024902344,353.3903503417969,0.5308588147163391,1823.392822265625,326.02105712890625,0.7191599607467651
141,75.59176635742188,353.37811279296875,0.53201824426651,1823.159423828125,326.15264892578125,0.7178026437759399
142,75.55833435058594,353.40460205078125,0.5318838953971863,1823.145263671875,326.1662292480469,0.7161135673522949
143,75.60380554199219,353.4385986328125,0.533897876739502,1823.09130859375,326.2049865722656,0.719269871711731
144,75.6673355102539,353.3934020996094,0.5397464632987976,1823.1807861328125,326.1607666015625,0.7224483489990234
145,75.64697265625,353.59576416015625,0.5389091372489929,1823.0660400390625,326.3586120605469,0.7215821146965027
146,75.76866149902344,353.5702819824219,0.5398263335227966,1823.1190185546875,326.3556213378906,0.7210944294929504
147,75.66668701171875,353.5328674316406,0.5401514172554016,1823.054931640625,326.3929138183594,0.720268189907074
148,75.69384002685547,353.523681640625,0.5446281433105469,1822.921875,326.48370361328125,0.7164454460144043
149,75.75137329101562,353.4455261230469,0.5393995046615601,1822.9935302734375,326.51922607421875,0.7155278921127319
150,75.84574127197266,353.45941162109375,0.5420113205909729,1822.9979248046875,326.5455627441406,0.715387225151062
151,75.75463104248047,353.37457275390625,0.5439752340316772,1823.050537109375,326.54083251953125,0.7155854105949402
152,75.72787475585938,353.3581237792969,0.5442887544631958,1823.0802001953125,326.46380615234375,0.7133482098579407
153,75.74980163574219,353.3775329589844,0.5389485359191895,1823.1629638671875,326.5287780761719,0.7155178189277649
154,75.72390747070312,353.3802185058594,0.5366106629371643,1823.07470703125,326.4595642089844,0.7133703827857971
155,75.76354217529297,353.3349914550781,0.5346628427505493,1823.222900390625,326.4203796386719,0.7149736285209656
156,75.6117935180664,353.31585693359375,0.5344127416610718,1823.2076416015625,326.38958740234375,0.7154814004898071
157,75.63274383544922,353.4350280761719,0.5330281853675842,1823.1182861328125,326.5185852050781,0.7147423624992371
158,75.62895202636719,353.4620056152344,0.5354442596435547,1823.117919921875,326.4383239746094,0.7146492600440979
159,75.74650573730469,353.4232482910156,0.5358275175094604,1823.21533203125,326.47833251953125,0.7122785449028015
160,75.70309448242188,353.39447021484375,0.5434125065803528,1823.2705078125,326.4474792480469,0.7113164663314819
161,75.79034423828125,353.3672180175781,0.534609317779541,1823.252685546875,326.42791748046875,0.7141799330711365
162,75.78966522216797,353.333740234375,0.5323957800865173,1823.213623046875,326.4254150390625,0.7154121994972229
163,75.79609680175781,353.4085998535156,0.5367767214775085,1823.1385498046875,326.4429931640625,0.715228796005249
164,75.7649154663086,353.34954833984375,0.5369659066200256,1823.277099609375,326.3247985839844,0.7166693210601807
165,76.04818725585938,353.6372375488281,0.5302345752716064,1823.2069091796875,326.3697204589844,0.7193472385406494
166,75.98826599121094,353.63140869140625,0.5324667692184448,1823.346435546875,326.3531494140625,0.7198693156242371
167,75.99266052246094,353.59765625,0.5317795872688293,1823.2530517578125,326.3980407714844,0.7178401350975037
168,76.23279571533203,353.93255615234375,0.5439808368682861,1823.335693359375,326.4015197753906,0.7195608615875244
169,76.13452911376953,353.85137939453125,0.5369501709938049,1823.3302001953125,326.4542541503906,0.7177950143814087
170,76.04764556884766,353.8099670410156,0.5395799875259399,1823.3421630859375,326.4246520996094,0.7163175940513611
171,76.13569641113281,353.7493896484375,0.5401029586791992,1823.446533203125,326.42730712890625,0.721917986869812
172,76.14997863769531,353.8131408691406,0.5433247685432434,1823.4293212890625,326.3852233886719,0.7225697040557861
173,75.99073791503906,353.767578125,0.5386645197868347,1823.337646484375,326.3880920410156,0.7230290770530701
174,75.98188018798828,353.7633361816406,0.5420945882797241,1823.3099365234375,326.3561096191406,0.7233843803405762
175,75.96846008300781,353.77880859375,0.5426838397979736,1823.3369140625,326.4401550292969,0.7228350043296814
176,75.9185791015625,353.903076171875,0.5441778302192688,1823.4676513671875,326.3319396972656,0.7253609299659729
177,75.82239532470703,353.87060546875,0.5431711673736572,1823.48291015625,326.34100341796875,0.7245343327522278
178,75.98236083984375,353.9261474609375,0.5406740307807922,1823.49853515625,326.3092041015625,0.7240052223205566
179,75.97038269042969,353.9289855957031,0.5414909720420837,1823.468017578125,326.3318786621094,0.7245863080024719
180,75.98622131347656,353.94464111328125,0.5445037484169006,1823.5648193359375,326.3487243652344,0.7260903120040894
181,75.97400665283203,353.8410949707031,0.5445427894592285,1823.396240234375,326.3824462890625,0.7225608229637146
182,76.0001220703125,353.8290100097656,0.5448198914527893,1823.450439453125,326.3139953613281,0.7233750820159912
183,75.94083404541016,353.7749328613281,0.5453813672065735,1823.439453125,326.39874267578125,0.7220366597175598
184,75.87310028076172,353.6961669921875,0.550234317779541,1823.51220703125,326.2321472167969,0.7267430424690247
185,75.98261260986328,353.7109680175781,0.5462672710418701,1823.3525390625,326.32696533203125,0.7163554430007935
186,75.94268798828125,353.7199401855469,0.5452373027801514,1823.377685546875,326.3221130371094,0.7182145714759827
187,75.99219512939453,353.74041748046875,0.5485762357711792,1823.3818359375,326.3249206542969,0.7165057063102722
188,76.00930786132812,353.6539611816406,0.5484749674797058,1823.4013671875,326.3257141113281,0.7181238532066345
189,75.99588775634766,353.6163635253906,0.5455399751663208,1823.22216796875,326.47406005859375,0.7124184966087341
190,75.94224548339844,353.5537414550781,0.5455280542373657,1823.2435302734375,326.39031982421875,0.714214563369751
191,75.94332122802734,353.47943115234375,0.5451297760009766,1823.2362060546875,326.47760009765625,0.712516188621521
192,75.98728942871094,353.3570251464844,0.5549904108047485,1823.3402099609375,326.4466857910156,0.7153193354606628
193,76.03228759765625,353.5181884765625,0.5463454723358154,1823.313720703125,326.510498046875,0.7151892781257629
194,76.0477294921875,353.6246337890625,0.5438234210014343,1823.3902587890625,326.4561767578125,0.7172137498855591
195,76.02719116210938,353.50360107421875,0.5385651588439941,1823.4078369140625,326.436767578125,0.718561589717865
196,75.6279067993164,353.5749206542969,0.5521813631057739,1823.45849609375,326.3632507324219,0.7169223427772522
197,75.67515563964844,353.59619140625,0.5448063611984253,1823.3907470703125,326.4520263671875,0.7178884148597717
198,75.65715026855469,353.69903564453125,0.5425155162811279,1823.3507080078125,326.4371643066406,0.7192317843437195
199,75.64373779296875,353.66925048828125,0.5389043688774109,1823.2845458984375,326.40802001953125,0.7191042304039001
200,75.57838439941406,353.66046142578125,0.5392617583274841,1823.1693115234375,326.3636474609375,0.7146270871162415
201,75.73484802246094,353.5724182128906,0.5340397953987122,1823.0634765625,326.36114501953125,0.7168272137641907
202,75.76155853271484,353.54046630859375,0.5334599614143372,1822.966064453125,326.2703857421875,0.7186975479125977
203,75.69136810302734,353.49578857421875,0.5387538075447083,1823.007080078125,326.2614440917969,0.7155181765556335
204,75.7283706665039,353.5083312988281,0.5423510074615479,1823.001708984375,326.2320251464844,0.7142601013183594
205,75.69615936279297,353.59564208984375,0.5380629301071167,1823.0806884765625,326.3298645019531,0.7151826620101929
206,75.70606231689453,353.51708984375,0.5349786877632141,1823.0848388671875,326.3347473144531,0.714688241481781
207,75.65628051757812,353.51385498046875,0.5339648127555847,1823.1815185546875,326.3020324707031,0.7157508134841919
208,75.61590576171875,353.4710388183594,0.5392021536827087,1823.2423095703125,326.2473449707031,0.7209771871566772
209,75.60121154785156,353.51910400390625,0.5380120277404785,1823.111572265625,326.2611999511719,0.7151596546173096
210,75.67923736572266,353.4738464355469,0.5322845578193665,1823.1370849609375,326.28851318359375,0.7160788774490356
211,75.76749420166016,353.3985595703125,0.5349771976470947,1823.1744384765625,326.1742248535156,0.7181107401847839
212,75.80203247070312,353.4207458496094,0.5363566279411316,1823.167724609375,326.1828918457031,0.7180073261260986
213,75.706787109375,353.5693664550781,0.5384905934333801,1823.1094970703125,326.2237243652344,0.7160926461219788
214,75.7245101928711,353.5693664550781,0.5387778282165527,1823.1396484375,326.2133483886719,0.714245080947876
215,75.73868560791016,353.6490783691406,0.535305380821228,1823.0533447265625,326.2237243652344,0.7113869786262512
216,75.64437866210938,353.6539611816406,0.5495243072509766,1823.079833984375,326.2525939941406,0.7145372033119202
217,75.732177734375,353.656494140625,0.5397521257400513,1823.072998046875,326.2508850097656,0.7145612239837646
218,75.76750183105469,353.7110595703125,0.5392541885375977,1823.1160888671875,326.1815185546875,0.7149410247802734
219,75.76183319091797,353.6473693847656,0.5366747379302979,1822.97314453125,326.190185546875,0.7123034000396729
220,75.68138122558594,353.4870300292969,0.5389379858970642,1823.0126953125,326.2041931152344,0.7138299345970154
221,75.76248931884766,353.7451477050781,0.53443843126297,1823.137939453125,326.2269287109375,0.7154685258865356
222,75.85952758789062,353.7811279296875,0.5353375673294067,1823.2998046875,326.1336975097656,0.7184696197509766
223,75.82548522949219,353.7576599121094,0.5364289879798889,1823.257080078125,326.1863098144531,0.7188462018966675
224,75.70939636230469,353.36114501953125,0.5467511415481567,1823.2996826171875,326.06329345703125,0.7160306572914124
225,75.76268768310547,353.484130859375,0.5410199165344238,1823.1195068359375,326.187744140625,0.7192115783691406
226,75.62483215332031,353.4723815917969,0.5419257879257202,1823.477294921875,326.26153564453125,0.7240801453590393
227,75.67279052734375,353.58953857421875,0.5419837236404419,1823.4171142578125,326.2751159667969,0.7265611886978149
228,75.79840850830078,353.76739501953125,0.5469073057174683,1823.4447021484375,326.2844543457031,0.7306653261184692
229,75.75004577636719,353.6934509277344,0.5431833863258362,1823.36572265625,326.312744140625,0.7262839078903198
230,75.57464599609375,353.5019226074219,0.5388739705085754,1823.3839111328125,326.3152770996094,0.7275902032852173
231,75.64905548095703,353.5647277832031,0.545332133769989,1823.4027099609375,326.304443359375,0.7260672450065613
232,75.63452911376953,353.7193908691406,0.554069459438324,1823.5152587890625,326.3125305175781,0.7252557277679443
233,75.74066162109375,353.70281982421875,0.5552672147750854,1823.4508056640625,326.4342041015625,0.7259944677352905
234,75.81163787841797,353.6934509277344,0.5504332780838013,1823.4290771484375,326.454345703125,0.7257657051086426
235,75.64629364013672,353.71258544921875,0.5577362775802612,1823.438232421875,326.42767333984375,0.7230342626571655
236,75.61515045166016,353.7469482421875,0.5645081400871277,1823.5318603515625,326.3512268066406,0.7264277338981628
237,75.66588592529297,353.6761169433594,0.5565884709358215,1823.297607421875,326.4000549316406,0.7203443050384521
238,75.83512878417969,353.50738525390625,0.5571464896202087,1823.357177734375,326.4158630371094,0.7224860787391663
239,75.7998046875,353.4766540527344,0.5562503933906555,1823.2752685546875,326.43524169921875,0.7224557995796204
240,75.7565689086914,353.5870056152344,0.5577104687690735,1823.2889404296875,326.4054260253906,0.7195597290992737
241,75.74232482910156,353.5054931640625,0.5468472838401794,1823.2967529296875,326.4830322265625,0.7207122445106506
242,75.7491226196289,353.5235290527344,0.5467110276222229,1823.3966064453125,326.48529052734375,0.7207325100898743
243,75.7407455444336,353.5459289550781,0.5465137958526611,1823.4197998046875,326.4449462890625,0.722501814365387
244,75.78923034667969,353.5638427734375,0.5447304248809814,1823.537109375,326.4182434082031,0.7247495651245117
245,75.76282501220703,353.6142883300781,0.5421928763389587,1823.3922119140625,326.460205078125,0.7256697416305542
246,75.70207214355469,353.630859375,0.5390506386756897,1823.388916015625,326.5247802734375,0.7253513932228088
247,75.63843536376953,353.6314697265625,0.5422277450561523,1823.3043212890625,326.51556396484375,0.7263230681419373
248,75.59001922607422,353.6807556152344,0.550812840461731,1823.3897705078125,326.490966796875,0.7228178381919861
249,75.7293701171875,353.8669128417969,0.5471858978271484,1823.3773193359375,326.4520263671875,0.7214211225509644
250,75.6897201538086,353.7828369140625,0.5513370037078857,1823.36328125,326.48114013671875,0.7201632857322693
251,75.67521667480469,353.4979553222656,0.5461580157279968,1823.3167724609375,326.4514465332031,0.7221375703811646
252,75.7202377319336,353.37677001953125,0.5441139936447144,1823.3270263671875,326.29168701171875,0.7218376994132996
253,75.66378784179688,353.42706298828125,0.5408400893211365,1823.236572265625,326.3177185058594,0.7170299887657166
254,75.69112396240234,353.431396484375,0.536777138710022,1823.203857421875,326.3144836425781,0.7182363867759705
255,75.55146789550781,353.3699951171875,0.5390199422836304,1823.3382568359375,326.25970458984375,0.7188720107078552
256,75.52506256103516,353.3602600097656,0.5438189506530762,1823.521728515625,326.27484130859375,0.722151517868042
257,75.57027435302734,353.408203125,0.5444388389587402,1823.3251953125,326.2806701660156,0.7203356623649597
258,75.61498260498047,353.3986511230469,0.5436295866966248,1823.31591796875,326.2239685058594,0.7213124632835388
259,75.6118392944336,353.40380859375,0.5480120182037354,1823.2904052734375,326.2416076660156,0.7214115858078003
260,75.57220458984375,353.2469177246094,0.5485590696334839,1823.3199462890625,326.1571350097656,0.7255074977874756
261,75.5198974609375,353.32391357421875,0.5459278225898743,1823.2735595703125,326.2629089355469,0.7201213240623474
262,75.6174087524414,353.4127502441406,0.5448887348175049,1823.1865234375,326.24322509765625,0.7181239128112793
263,75.70138549804688,353.3400573730469,0.5463005304336548,1823.2535400390625,326.2384033203125,0.7174592018127441
264,75.75273132324219,353.46527099609375,0.5496629476547241,1823.265625,326.2829284667969,0.7185795307159424
265,75.65635681152344,353.4107971191406,0.5402252078056335,1823.1549072265625,326.21478271484375,0.7176604270935059
266,75.70186614990234,353.6546936035156,0.5385147929191589,1823.128173828125,326.2934875488281,0.7188830375671387
267,75.75234985351562,353.6379699707031,0.5393210053443909,1823.14794921875,326.3937072753906,0.720471978187561
268,75.72731018066406,353.54339599609375,0.5458053946495056,1823.0377197265625,326.3675231933594,0.7251730561256409
269,75.71681213378906,353.5323486328125,0.5425804257392883,1823.1138916015625,326.4966735839844,0.718539834022522
270,75.78008270263672,353.3917541503906,0.5402605533599854,1823.0977783203125,326.3537292480469,0.719244122505188
271,75.79263305664062,353.5863037109375,0.5512340664863586,1823.15869140625,326.42803955078125,0.7167145013809204
272,75.73189544677734,353.300048828125,0.5519810914993286,1823.230712890625,326.3443603515625,0.7167986035346985
273,75.7906265258789,353.1976318359375,0.5406234264373779,1823.1187744140625,326.3467712402344,0.7192307114601135
274,75.8398208618164,353.21905517578125,0.5396277904510498,1823.159912109375,326.3071594238281,0.7197065353393555
275,75.89972686767578,353.320556640625,0.5410493612289429,1823.1258544921875,326.3407897949219,0.719944179058075
276,75.89961242675781,353.3252258300781,0.5462533235549927,1823.1463623046875,326.3558349609375,0.7194600105285645
277,75.80628204345703,353.3621826171875,0.5387057065963745,1823.2315673828125,326.239990234375,0.7222221493721008
278,75.7688217163086,353.45367431640625,0.5330410599708557,1823.35693359375,326.1366271972656,0.7268543839454651
279,75.99092864990234,353.46697998046875,0.5329147577285767,1823.138427734375,326.07244873046875,0.7176744341850281
280,75.85662078857422,353.51043701171875,0.5391920208930969,1823.24609375,326.09521484375,0.7215456962585449
281,75.77044677734375,353.4982604980469,0.5342274904251099,1823.129150390625,326.16162109375,0.7203869819641113
282,75.81539154052734,353.4902648925781,0.5274984836578369,1823.14208984375,326.17486572265625,0.7216471433639526
283,75.37303161621094,353.1617126464844,0.5373732447624207,1823.3955078125,325.98974609375,0.7233371138572693
284,75.51490020751953,353.15118408203125,0.5376887917518616,1823.3948974609375,325.9269104003906,0.7271706461906433
285,75.53838348388672,353.236083984375,0.5349286794662476,1823.275390625,325.99713134765625,0.7231431007385254
286,75.46574401855469,353.2509460449219,0.5321467518806458,1823.342041015625,326.0740966796875,0.7256543040275574
287,75.41976928710938,353.303955078125,0.533210277557373,1823.34423828125,326.080322265625,0.7262104153633118
288,75.49832916259766,353.2923889160156,0.5351493954658508,1823.260498046875,326.0088195800781,0.7256023287773132
289,75.47312927246094,353.32745361328125,0.5345094203948975,1823.2952880859375,326.1269226074219,0.7219664454460144
290,75.52854919433594,353.3110656738281,0.5378919243812561,1823.3592529296875,326.08258056640625,0.7232795357704163
291,75.49664306640625,353.33453369140625,0.5305851101875305,1823.2928466796875,326.1342468261719,0.7223829627037048
292,75.54551696777344,353.2560729980469,0.5361169576644897,1823.2396240234375,326.1477966308594,0.7213159799575806
293,75.60564422607422,353.1985168457031,0.5306143164634705,1823.1624755859375,326.1634826660156,0.7144885063171387
294,75.5811767578125,353.123046875,0.5300487875938416,1823.1300048828125,326.1567077636719,0.7156016230583191
295,75.67365264892578,353.1142578125,0.5313225984573364,1823.1822509765625,326.1255187988281,0.715127170085907
296,75.73667907714844,353.0250244140625,0.533124566078186,1823.2171630859375,326.1006774902344,0.7161111831665039
297,75.74883270263672,353.17791748046875,0.5309219360351562,1823.2021484375,326.1473693847656,0.7155741453170776
298,75.75346374511719,353.39056396484375,0.5308447480201721,1823.2247314453125,326.1640319824219,0.7181228399276733
299,75.78470611572266,353.360595703125,0.5306867957115173,1823.2467041015625,326.15826416015625,0.7193940281867981
300,75.86933898925781,353.55914306640625,0.5322557091712952,1823.2216796875,326.1740417480469,0.7244812250137329
301,76.14322662353516,353.5548095703125,0.5273557901382446,1822.6993408203125,326.10498046875,0.714663565158844
302,76.09674072265625,353.6136779785156,0.5322421193122864,1822.635986328125,326.111083984375,0.7129296660423279
303,75.69718170166016,353.5247497558594,0.5375468134880066,1823.08251953125,326.0494384765625,0.7164813280105591
304,75.64852142333984,353.5457763671875,0.5422710180282593,1823.1898193359375,325.9767761230469,0.7199159860610962
305,75.98202514648438,353.8809509277344,0.5468292832374573,1823.23193359375,325.9784240722656,0.7203606963157654
306,76.41667938232422,354.2803649902344,0.5374809503555298,1823.1368408203125,325.4696960449219,0.7213478684425354
307,76.45848846435547,354.6228942871094,0.5474646687507629,1823.27734375,325.12603759765625,0.7168089151382446
308,75.97052764892578,355.4363708496094,0.5517500638961792,1823.443359375,324.3659973144531,0.6958097219467163
309,76.0304946899414,355.8909606933594,0.5361367464065552,1823.81787109375,323.75445556640625,0.6652469635009766
310,79.22542572021484,358.3825988769531,0.5161718130111694,1824.2767333984375,322.7674865722656,0.6544012427330017
311,79.14900970458984,359.455810546875,0.5473201870918274,1823.7489013671875,321.1832580566406,0.6503672003746033
312,76.5064468383789,359.5790710449219,0.5308631658554077,1823.233642578125,319.8888854980469,0.6096038222312927
313,76.63754272460938,360.8334655761719,0.5348948240280151,1824.3280029296875,317.2903137207031,0.6088168621063232
314,76.63710021972656,362.1655578613281,0.5214331746101379,1823.85205078125,317.1268615722656,0.6333895921707153
315,76.31340026855469,362.84722900390625,0.5152814388275146,1823.611572265625,316.74444580078125,0.6787710785865784
316,76.3831787109375,363.1324157714844,0.5113482475280762,1823.6177978515625,316.4320373535156,0.6862165331840515
317,76.21107482910156,363.4483642578125,0.5133257508277893,1823.60302734375,316.28131103515625,0.7065122127532959
318,76.04434204101562,363.7918701171875,0.5111212134361267,1823.58984375,315.9158630371094,0.7085204720497131
319,75.9661636352539,364.0444641113281,0.5137047171592712,1823.615234375,315.59954833984375,0.7014573216438293
320,76.47970581054688,364.90655517578125,0.48903539776802063,1823.7119140625,314.7020568847656,0.7145394086837769
321,75.83540344238281,367.4057312011719,0.4951091706752777,1823.0338134765625,312.4718933105469,0.753827691078186
322,78.59051513671875,370.9306640625,0.5169212222099304,1823.0213623046875,311.3384704589844,0.7416731715202332
323,78.56067657470703,372.33026123046875,0.5347681641578674,1822.992431640625,309.90521240234375,0.7134566903114319
324,78.52539825439453,372.5049133300781,0.539890706539154,1823.0965576171875,309.59295654296875,0.7122316956520081
325,78.42143249511719,372.6141662597656,0.5349266529083252,1822.964111328125,309.65087890625,0.7108420133590698
326,78.4501953125,372.6271057128906,0.5351705551147461,1822.931884765625,309.66748046875,0.7111545205116272
327,78.40777587890625,373.05010986328125,0.5355257391929626,1823.041748046875,309.53955078125,0.7100821137428284
328,78.24037170410156,373.8890686035156,0.5267514586448669,1823.1248779296875,308.24615478515625,0.698334276676178
329,78.10678100585938,375.26617431640625,0.5138516426086426,1823.1961669921875,307.4559326171875,0.6505126953125
330,78.71846008300781,376.4022216796875,0.5235173106193542,1823.6807861328125,305.76190185546875,0.6213204264640808
331,79.07499694824219,377.26983642578125,0.5256105661392212,1823.4412841796875,304.28594970703125,0.6016829013824463
332,79.58585357666016,377.6534423828125,0.5088923573493958,1823.2330322265625,303.3128662109375,0.5633469820022583
333,79.08991241455078,378.7799072265625,0.4844891130924225,1823.709716796875,301.43121337890625,0.5800050497055054
334,77.71981048583984,380.787353515625,0.4927704632282257,1823.707763671875,300.8664855957031,0.656880259513855
335,77.04251861572266,381.8599548339844,0.48331817984580994,1823.362548828125,299.8117370605469,0.6617022752761841
336,79.0903549194336,383.1578674316406,0.4610236585140228,1823.3983154296875,298.4743347167969,0.6983940005302429
337,79.21345520019531,385.4103088378906,0.4981120526790619,1822.7623291015625,296.64813232421875,0.7253115177154541
338,79.13504791259766,387.10101318359375,0.5257960557937622,1822.75537109375,295.19989013671875,0.7220734357833862
339,78.77156829833984,388.1023864746094,0.5253908634185791,1822.6123046875,294.2392883300781,0.7034636735916138
340,79.12307739257812,388.6454772949219,0.5486098527908325,1822.647705078125,293.7590637207031,0.7025187015533447
341,79.10350036621094,388.68304443359375,0.5466550588607788,1822.57080078125,293.7798767089844,0.7034529447555542
342,79.03756713867188,388.9226379394531,0.545323371887207,1822.5867919921875,293.47100830078125,0.7009807825088501
343,79.41073608398438,389.73394775390625,0.5630723834037781,1822.5047607421875,292.87261962890625,0.6896032094955444
344,79.82805633544922,390.6327819824219,0.5842975974082947,1822.015625,291.4714660644531,0.6356558799743652
345,80.56597137451172,391.8573303222656,0.5779033303260803,1822.8197021484375,289.47491455078125,0.6018035411834717
346,80.32460021972656,393.74871826171875,0.5188191533088684,1824.1365966796875,285.848876953125,0.5579780340194702
347,79.06658172607422,396.2079772949219,0.506973147392273,1822.80078125,285.14385986328125,0.6181105971336365
348,78.68880462646484,396.6201171875,0.48986801505088806,1822.7486572265625,283.85833740234375,0.6562479138374329
349,80.43579864501953,399.2988586425781,0.49211499094963074,1820.66845703125,280.0980529785156,0.6421900987625122
350,80.74056243896484,401.48431396484375,0.5531429052352905,1821.3416748046875,281.01824951171875,0.6930389404296875
351,80.12210083007812,402.3294372558594,0.5936193466186523,1822.1812744140625,279.9842224121094,0.7026498317718506
352,81.0267562866211,403.6481628417969,0.6214607954025269,1822.0255126953125,279.20513916015625,0.6799018979072571
353,81.27872467041016,404.2452392578125,0.6266915798187256,1821.5086669921875,278.34686279296875,0.6633103489875793
354,81.62801361083984,404.7751770019531,0.6451644897460938,1821.52880859375,277.78900146484375,0.6612859964370728
355,82.00780487060547,405.58746337890625,0.6556901335716248,1821.4287109375,276.6510925292969,0.6686098575592041
356,81.82196044921875,406.3583068847656,0.6562603116035461,1821.75,275.4756774902344,0.6281232833862305
357,81.92933654785156,407.6504821777344,0.6162652373313904,1822.05908203125,273.72100830078125,0.5961260795593262
358,81.62761688232422,409.8118896484375,0.5550124049186707,1818.558349609375,267.70477294921875,0.5753210186958313
359,83.07222747802734,412.497314453125,0.5054347515106201,1818.68212890625,266.3236083984375,0.6309698820114136
360,82.7358169555664,413.72723388671875,0.5483464002609253,1818.9002685546875,265.4319763183594,0.6580825448036194
361,82.02570343017578,414.4227294921875,0.5584662556648254,1818.7236328125,265.2264099121094,0.6573554873466492
362,81.83578491210938,414.69757080078125,0.5618762373924255,1818.85107421875,265.1673889160156,0.6549816131591797
363,82.0076675415039,415.08453369140625,0.5743794441223145,1818.8907470703125,265.03619384765625,0.6570258140563965
364,81.7177505493164,415.62322998046875,0.5844496488571167,1820.131591796875,264.7637939453125,0.6326677799224854
365,81.87318420410156,417.1807556152344,0.6167706847190857,1819.873291015625,263.60321044921875,0.6664870977401733
366,81.90762329101562,418.9687194824219,0.6696147322654724,1820.7730712890625,264.5496826171875,0.6702355742454529
367,82.57376098632812,420.5955505371094,0.6968525648117065,1820.1033935546875,260.5155029296875,0.6615586280822754
368,83.36947631835938,421.7511291503906,0.7119205594062805,1821.090087890625,260.42620849609375,0.6213056445121765
369,83.13153076171875,422.61627197265625,0.7052256464958191,1820.76513671875,259.9365234375,0.6107070446014404
370,83.65830993652344,423.4272155761719,0.6793757677078247,1820.482421875,258.4728698730469,0.5982846021652222
371,84.19213104248047,424.0835266113281,0.6598255038261414,1819.9259033203125,257.05963134765625,0.5744302868843079
372,84.52839660644531,424.2851867675781,0.6590552926063538,1820.116943359375,257.1089172363281,0.5691008567810059
373,84.4503173828125,424.2552795410156,0.6564106345176697,1820.2119140625,257.11138916015625,0.5638251304626465
374,84.44530487060547,424.3265075683594,0.6584010720252991,1820.283935546875,257.12451171875,0.5639218091964722
375,84.4217529296875,424.2376708984375,0.659573495388031,1820.5352783203125,256.92645263671875,0.564612090587616
376,84.48384094238281,424.5384521484375,0.6544255018234253,1818.4063720703125,252.46652221679688,0.5569506287574768
377,84.29736328125,425.1617126464844,0.6314734220504761,1818.4273681640625,252.14437866210938,0.5870848894119263
378,83.5008773803711,426.6483459472656,0.5968937277793884,1817.9830322265625,251.40902709960938,0.6282713413238525
379,84.18122100830078,429.625244140625,0.56854248046875,1817.8955078125,250.36033630371094,0.6627760529518127
380,83.378662109375,431.6833801269531,0.6215571761131287,1818.7099609375,249.29188537597656,0.6831260919570923
381,83.4942398071289,433.0926513671875,0.6517007946968079,1818.813720703125,248.2644805908203,0.6858871579170227
382,83.72740936279297,433.26019287109375,0.6605591773986816,1819.05224609375,247.32571411132812,0.687400758266449
383,83.75975036621094,433.1775207519531,0.6639230847358704,1819.0126953125,247.40093994140625,0.6880751848220825
384,83.91002655029297,433.1459655761719,0.6634981632232666,1819.069580078125,247.27867126464844,0.6883383393287659
385,83.91653442382812,433.2992248535156,0.6638468503952026,1819.04833984375,247.28318786621094,0.6853626370429993
386,83.99887084960938,433.2652587890625,0.6642380356788635,1818.9923095703125,247.3428497314453,0.6874871850013733
387,83.9571304321289,433.3055114746094,0.6672153472900391,1818.9266357421875,247.3872833251953,0.685675859451294
388,83.91568756103516,433.25543212890625,0.6676709055900574,1819.0267333984375,247.3162078857422,0.6850349307060242
389,83.92913818359375,433.3553771972656,0.6677252650260925,1818.9515380859375,247.33309936523438,0.6880120635032654
390,83.99982452392578,433.29571533203125,0.6676763892173767,1818.926025390625,247.29833984375,0.6887915134429932
391,84.1032485961914,433.34356689453125,0.6662318706512451,1818.9908447265625,247.20626831054688,0.6887550950050354
392,84.27537536621094,433.3860778808594,0.6681811213493347,1819.1158447265625,247.13490295410156,0.6922615766525269
393,84.18914794921875,433.4131164550781,0.6651843190193176,1819.03271484375,247.21466064453125,0.6953328847885132
394,84.20816802978516,433.44580078125,0.6629968285560608,1819.0120849609375,247.2687225341797,0.694858193397522
395,84.23353576660156,433.5202941894531,0.6627790927886963,1819.060302734375,247.26461791992188,0.6907333135604858
396,84.4837646484375,433.49530029296875,0.6610418558120728,1819.1348876953125,247.02488708496094,0.6832191944122314
397,84.30880737304688,433.4049377441406,0.6626114249229431,1819.0423583984375,247.08590698242188,0.6900136470794678
398,84.2329330444336,433.2331237792969,0.6594216823577881,1819.0950927734375,247.0623321533203,0.6885709762573242
399,84.21957397460938,433.21197509765625,0.6589499115943909,1819.0906982421875,247.09832763671875,0.6896706819534302
400,84.21468353271484,433.1854248046875,0.6578413248062134,1819.084716796875,247.010498046875,0.6881884336471558
401,84.08075714111328,433.30279541015625,0.6568536758422852,1819.1087646484375,247.0303955078125,0.6867570281028748
402,84.04561614990234,433.3541259765625,0.654955267906189,1819.2325439453125,247.08935546875,0.6820422410964966
403,84.06265258789062,433.1470031738281,0.6554357409477234,1819.1341552734375,247.39784240722656,0.679219126701355
404,83.58573913574219,432.4936218261719,0.6453371644020081,1818.9444580078125,248.7509307861328,0.6719348430633545
405,83.78710174560547,431.34088134765625,0.6150575280189514,1818.8204345703125,249.13095092773438,0.675432562828064
406,84.31951141357422,429.83612060546875,0.5784618854522705,1818.0299072265625,250.58604431152344,0.6657484769821167
407,83.67249298095703,425.6249084472656,0.6213966012001038,1818.3416748046875,251.58349609375,0.6224021911621094
408,84.19979858398438,424.07379150390625,0.6473406553268433,1818.81884765625,252.3499298095703,0.5734596252441406
409,83.6793441772461,423.5326843261719,0.6651480197906494,1820.29638671875,258.0908203125,0.5755433440208435
410,83.35563659667969,422.3974304199219,0.7052654027938843,1820.3177490234375,256.7936096191406,0.6152340769767761
411,82.62619018554688,421.355712890625,0.6933717131614685,1819.714599609375,258.82232666015625,0.6351953148841858
412,81.90558624267578,419.57763671875,0.6713320016860962,1820.0904541015625,260.61566162109375,0.6559534072875977
413,81.64689636230469,417.4107666015625,0.6133301854133606,1819.7584228515625,262.6893615722656,0.6721880435943604
414,81.74678802490234,414.92181396484375,0.5613890290260315,1819.71826171875,264.9466857910156,0.6405375599861145
415,82.74769592285156,412.97943115234375,0.5157468318939209,1819.0103759765625,265.63427734375,0.6437704563140869
416,82.11448669433594,409.4306945800781,0.5730194449424744,1818.4642333984375,267.2059631347656,0.5956257581710815
417,81.66789245605469,407.66864013671875,0.6275290250778198,1821.919677734375,273.81878662109375,0.6007322072982788
418,81.47393798828125,405.717041015625,0.6505436897277832,1822.0008544921875,275.9690856933594,0.6530556082725525
419,80.31812286376953,403.7297058105469,0.6051823496818542,1821.787841796875,278.20037841796875,0.6680606603622437
420,80.46053314208984,400.41864013671875,0.5142205357551575,1822.4105224609375,281.09295654296875,0.7070587873458862
421,78.62165832519531,396.4350891113281,0.5038833618164062,1822.5570068359375,283.4128112792969,0.6395533680915833
422,79.04888153076172,394.9277648925781,0.5145986080169678,1823.1070556640625,285.3722229003906,0.6007037162780762
423,80.47306823730469,391.94769287109375,0.5597345232963562,1822.97900390625,288.8157958984375,0.6012921929359436
424,79.44541931152344,390.2410583496094,0.5687547922134399,1822.275146484375,291.8848876953125,0.6534255146980286
425,79.20899963378906,387.1651306152344,0.5430896282196045,1822.279296875,294.72674560546875,0.7164186835289001
426,76.95437622070312,382.17572021484375,0.48827090859413147,1822.8936767578125,298.3323059082031,0.6840983629226685
427,77.60983276367188,379.7657165527344,0.4957016706466675,1823.70849609375,300.645263671875,0.625007688999176
428,78.8485107421875,377.01129150390625,0.5277277827262878,1823.2598876953125,304.53826904296875,0.6075330972671509
429,78.24945068359375,375.0355529785156,0.5293693542480469,1822.708984375,307.3482360839844,0.6430909037590027
430,78.44697570800781,372.3763122558594,0.544787585735321,1822.849365234375,309.70318603515625,0.7125623226165771
431,75.57044982910156,366.4714660644531,0.47468891739845276,1822.9554443359375,313.3240966796875,0.7257593274116516
432,76.19512939453125,362.7234802246094,0.5137810111045837,1823.830810546875,316.3041076660156,0.6792718768119812
433,76.39012145996094,359.8012390136719,0.526209831237793,1823.081787109375,319.5717468261719,0.5771620869636536
434,76.52057647705078,356.842041015625,0.5243774056434631,1823.7637939453125,322.6529846191406,0.651991605758667
435,76.20635986328125,354.9379577636719,0.5611491203308105,1823.4830322265625,324.79815673828125,0.7044928073883057
436,75.32656860351562,352.495361328125,0.5417676568031311,1823.35498046875,327.52264404296875,0.7360875606536865
437,75.61831665039062,348.5329284667969,0.48366448283195496,1823.420166015625,330.00042724609375,0.7109779715538025
438,76.0162353515625,345.339111328125,0.5188474059104919,1823.947998046875,332.4496765136719,0.6374338269233704
439,75.43470001220703,340.73236083984375,0.5319436192512512,1823.66015625,337.4857177734375,0.6604752540588379
440,74.86651611328125,337.234619140625,0.5527355074882507,1822.529052734375,341.0168151855469,0.6955646276473999
441,73.77921295166016,333.2683410644531,0.48933395743370056,1822.996826171875,345.45245361328125,0.7005228996276855
442,75.72002410888672,328.6053771972656,0.5621809363365173,1823.2314453125,348.4765319824219,0.6052468419075012
443,75.7027816772461,324.54736328125,0.5574946999549866,1822.9190673828125,352.90435791015625,0.6408568024635315
444,74.98432159423828,321.8618469238281,0.5366262793540955,1822.96337890625,355.90777587890625,0.6692878603935242
445,73.71959686279297,318.88214111328125,0.5061240196228027,1822.63623046875,357.9739990234375,0.7038607597351074
446,73.79637145996094,317.15081787109375,0.4816521108150482,1822.5767822265625,360.0003662109375,0.7291246652603149
447,75.97970581054688,315.63128662109375,0.4754355847835541,1822.3428955078125,362.24676513671875,0.6822688579559326
448,75.4641342163086,312.9313659667969,0.5142759084701538,1822.72412109375,363.9283447265625,0.6283053159713745
449,75.30144500732422,310.2174072265625,0.5089527368545532,1821.501220703125,367.9941101074219,0.6390673518180847
450,74.69403076171875,307.1087646484375,0.5120644569396973,1821.3253173828125,371.4827880859375,0.6485388875007629
451,73.99080657958984,303.7185974121094,0.5036914348602295,1820.8597412109375,373.3813171386719,0.697248101234436
452,73.54046630859375,302.2569274902344,0.44198691844940186,1821.5906982421875,376.3311462402344,0.7123239040374756
453,75.48298645019531,298.53106689453125,0.494720995426178,1821.876220703125,378.6932067871094,0.6521641612052917
454,75.34870910644531,294.7333984375,0.5045256614685059,1820.3924560546875,383.2535095214844,0.6341150999069214
455,74.71428680419922,291.9808349609375,0.5394588708877563,1820.9542236328125,386.628662109375,0.6638271808624268
456,74.36852264404297,288.64434814453125,0.5081179141998291,1820.4305419921875,388.3289794921875,0.6754236817359924
457,73.9899673461914,287.0049133300781,0.4685942530632019,1820.211181640625,389.7551574707031,0.6824237704277039
458,74.12030792236328,286.21466064453125,0.4249120056629181,1819.640625,389.5567321777344,0.7028172016143799
459,76.80535125732422,283.86865234375,0.42812418937683105,1819.1802978515625,390.724853515625,0.7074398398399353
460,75.11637115478516,282.8665771484375,0.4732082486152649,1818.56103515625,392.088134765625,0.6992865800857544
461,74.9047622680664,281.14630126953125,0.5288664102554321,1818.4093017578125,393.2220153808594,0.6638551950454712
462,75.11872100830078,278.81781005859375,0.5389866232872009,1817.484130859375,394.7199401855469,0.6066882014274597
463,75.16736602783203,276.5778503417969,0.5005847215652466,1819.70703125,399.8939208984375,0.6614197492599487
464,74.69861602783203,275.3058776855469,0.5131950378417969,1819.9368896484375,401.47662353515625,0.6661413311958313
465,74.0728759765625,274.0799560546875,0.5156559944152832,1819.55615234375,403.36322021484375,0.6462041139602661
466,73.73054504394531,272.68585205078125,0.4837663471698761,1819.38916015625,404.061767578125,0.6395899057388306
467,73.97269439697266,271.5852966308594,0.46638917922973633,1819.1199951171875,403.0895080566406,0.6629462838172913
468,74.15670013427734,270.76202392578125,0.4358707666397095,1819.2554931640625,403.78167724609375,0.6648598313331604
469,78.25311279296875,271.3804931640625,0.4207090139389038,1818.9217529296875,404.0059814453125,0.6703391671180725
470,78.12155151367188,271.2974853515625,0.4181407690048218,1818.805908203125,404.1034851074219,0.6748558878898621
471,78.05520629882812,271.2953796386719,0.41905292868614197,1818.799560546875,404.0727844238281,0.6761091947555542
472,78.13389587402344,271.24957275390625,0.419637531042099,1818.8092041015625,404.05145263671875,0.6755921840667725
473,78.09626770019531,271.3482360839844,0.41371896862983704,1818.9434814453125,404.0158996582031,0.6724604368209839
474,78.24516296386719,271.2774658203125,0.41162824630737305,1819.0341796875,404.0378723144531,0.6716039180755615
475,78.1707992553711,271.4429626464844,0.4138304591178894,1818.885498046875,404.0635986328125,0.6751868724822998
476,78.31674194335938,271.2941589355469,0.41592371463775635,1818.8648681640625,403.9440002441406,0.6737269163131714
477,78.17671203613281,271.5123291015625,0.415628582239151,1818.9720458984375,403.9264221191406,0.6753107905387878
478,78.062744140625,271.7601013183594,0.4258727729320526,1819.2899169921875,403.6527404785156,0.6679922938346863
479,73.67814636230469,271.3543701171875,0.45864248275756836,1819.15673828125,403.0819396972656,0.6573125720024109
480,73.8037338256836,272.79815673828125,0.49195313453674316,1818.8604736328125,403.65655517578125,0.6372604966163635
481,74.7071304321289,274.7726745605469,0.5053517818450928,1819.35107421875,401.7931823730469,0.6560702323913574
482,75.17916107177734,276.6163330078125,0.5107979774475098,1819.370361328125,399.3257141113281,0.6441657543182373
483,75.2800521850586,279.92364501953125,0.5339788198471069,1817.8173828125,393.5086669921875,0.6605114340782166
484,75.51863098144531,283.1044616699219,0.4558815062046051,1819.0775146484375,391.52838134765625,0.7033787369728088
485,73.65389251708984,286.5220947265625,0.4299513101577759,1819.7930908203125,388.9178771972656,0.6887258291244507
486,74.40446472167969,289.8289489746094,0.5277047157287598,1820.2608642578125,387.8170166015625,0.650233268737793
487,78.0533676147461,293.89337158203125,0.5078567862510681,1820.27978515625,384.6087646484375,0.6547564268112183
488,75.11804962158203,297.2798156738281,0.49398475885391235,1818.623779296875,377.9095153808594,0.6266238689422607
489,76.16988372802734,299.60009765625,0.44203078746795654,1819.6148681640625,375.17266845703125,0.6899200081825256
490,74.2063980102539,303.08905029296875,0.5005820989608765,1820.8218994140625,373.248291015625,0.6888704299926758
491,74.4722671508789,307.7469177246094,0.5261914134025574,1821.4583740234375,370.6942138671875,0.6448376774787903
492,74.93525695800781,310.71710205078125,0.5139988660812378,1820.955322265625,366.7467346191406,0.5984125733375549
493,76.04414367675781,315.8757019042969,0.47217172384262085,1822.0223388671875,362.02392578125,0.6882883310317993
494,74.40377044677734,319.4380798339844,0.5362662672996521,1822.5853271484375,357.32421875,0.7017242312431335
495,75.06500244140625,324.2881164550781,0.5595318078994751,1822.6768798828125,353.5903015136719,0.6428743600845337
496,75.26637268066406,328.8990783691406,0.5343871116638184,1822.9688720703125,348.74591064453125,0.6103115081787109
497,73.63407135009766,333.540771484375,0.5017993450164795,1822.8740234375,345.2909851074219,0.717497706413269
498,74.79351043701172,337.3027648925781,0.5712489485740662,1822.795654296875,341.0463562011719,0.7089494466781616
499,75.57732391357422,341.07159423828125,0.5311346650123596,1823.3685302734375,337.5114440917969,0.6533644199371338
500,75.92889404296875,345.4188537597656,0.5131105184555054,1823.864013671875,332.5764465332031,0.6432854533195496
501,74.71527862548828,350.9103088378906,0.5139358043670654,1823.05908203125,328.3265686035156,0.7369558811187744
502,78.44788360595703,358.04547119140625,0.5541289448738098,1824.19384765625,323.1846008300781,0.6675383448600769
503,76.31971740722656,363.46728515625,0.5109672546386719,1823.590576171875,315.80584716796875,0.689481794834137
504,78.195068359375,372.06268310546875,0.5419784784317017,1822.3394775390625,309.6593017578125,0.7157541513442993
505,78.23091888427734,376.635009765625,0.5380582213401794,1823.1695556640625,305.3567810058594,0.6264411807060242
506,77.42508697509766,379.68817138671875,0.49212324619293213,1824.1585693359375,301.0715637207031,0.6027509570121765
507,77.06781768798828,381.3882751464844,0.48774808645248413,1823.2940673828125,300.09124755859375,0.6623535752296448
508,76.84325408935547,382.51922607421875,0.4579284191131592,1822.8922119140625,297.943115234375,0.7022969126701355
509,78.9339828491211,387.86663818359375,0.5310689210891724,1822.356689453125,293.5295104980469,0.6976774334907532
510,80.14266204833984,392.2046813964844,0.5426275730133057,1822.7391357421875,288.514404296875,0.6081445217132568
511,78.57334899902344,397.0844421386719,0.4854927957057953,1822.7020263671875,283.17828369140625,0.6563025116920471
512,81.09769439697266,404.28973388671875,0.6237901449203491,1821.97705078125,277.86468505859375,0.6853283643722534
513,81.38255310058594,407.2978820800781,0.6210130453109741,1821.57666015625,274.24932861328125,0.6058638691902161
514,82.11024475097656,410.6390380859375,0.5443957448005676,1818.6732177734375,267.0079345703125,0.6055382490158081
515,82.03390502929688,414.97039794921875,0.5809590220451355,1819.1878662109375,265.1460266113281,0.6545518636703491
516,81.54729461669922,417.60540771484375,0.625443696975708,1820.062255859375,263.253173828125,0.6644160747528076
517,82.05232238769531,419.87591552734375,0.6740062832832336,1820.0794677734375,261.13360595703125,0.6692280173301697
518,83.25054931640625,421.56024169921875,0.7037935256958008,1819.9219970703125,259.01763916015625,0.6420186161994934
519,83.21304321289062,422.8262634277344,0.6878348588943481,1820.43359375,256.1953430175781,0.6096372604370117
520,84.26146697998047,424.889892578125,0.6357168555259705,1818.250732421875,251.92189025878906,0.5963385105133057
521,84.1428451538086,429.7994384765625,0.5789795517921448,1817.74853515625,250.32151794433594,0.6648527383804321
522,83.56896209716797,431.9074401855469,0.6265097856521606,1818.5831298828125,249.22576904296875,0.6666384935379028
523,83.54144287109375,433.20111083984375,0.6586548686027527,1818.742431640625,248.51971435546875,0.6780104637145996
524,84.22716522216797,433.8742980957031,0.6641145944595337,1818.9249267578125,247.3692169189453,0.6772330403327942
525,84.2289810180664,434.04132080078125,0.6781858801841736,1818.7509765625,247.0724639892578,0.6765554547309875
526,84.22166442871094,434.0252685546875,0.6776829957962036,1818.9764404296875,246.5514678955078,0.6692125201225281
527,84.22936248779297,434.0548400878906,0.6787117123603821,1818.921630859375,246.5883331298828,0.6700326800346375
528,84.29444885253906,434.01275634765625,0.6765623688697815,1819.0887451171875,246.5915985107422,0.6679738163948059
529,84.14661407470703,434.1603698730469,0.6762588024139404,1819.1993408203125,246.4309539794922,0.6732215881347656
530,84.1054458618164,434.2150573730469,0.672788143157959,1819.201171875,246.43260192871094,0.6731975674629211
531,84.16920471191406,434.0522766113281,0.6731417179107666,1819.151123046875,246.3915557861328,0.678834080696106
532,84.2684326171875,434.03961181640625,0.6776697635650635,1819.15380859375,246.23855590820312,0.674974262714386
533,84.08557891845703,433.80633544921875,0.66581791639328,1819.0098876953125,246.66798400878906,0.676099956035614
534,83.86614227294922,433.11541748046875,0.6608971953392029,1818.9224853515625,247.71636962890625,0.684658408164978
535,83.58222198486328,431.6231384277344,0.6253515481948853,1818.630126953125,249.19973754882812,0.6791678667068481
536,83.95588684082031,426.5631103515625,0.6066297292709351,1818.1131591796875,250.9611358642578,0.6268845200538635
537,83.60645294189453,422.894287109375,0.6851890683174133,1820.9345703125,255.8634490966797,0.5952503681182861
538,82.6971206665039,420.0379638671875,0.6864383816719055,1820.204833984375,261.01715087890625,0.6703549027442932
539,82.10677337646484,414.8132019042969,0.5782655477523804,1818.8326416015625,265.1524658203125,0.6626206040382385
540,82.35784912109375,408.38604736328125,0.5912949442863464,1822.4498291015625,272.34552001953125,0.5698451995849609
541,81.64405059814453,405.30291748046875,0.6554199457168579,1821.9549560546875,276.51654052734375,0.6561640501022339
542,79.82612609863281,400.30389404296875,0.5022622346878052,1822.367919921875,281.7481384277344,0.7084251046180725
543,78.95512390136719,395.3054504394531,0.5083469152450562,1818.8890380859375,281.5173645019531,0.6057682037353516
544,79.6372299194336,390.6838684082031,0.5712534189224243,1822.53564453125,290.9467468261719,0.6357717514038086
545,78.69821166992188,386.5715637207031,0.5116252899169922,1822.89453125,295.50152587890625,0.7278744578361511
546,77.7166976928711,379.8916320800781,0.5055152177810669,1823.584716796875,300.6011047363281,0.6252116560935974
547,77.77238464355469,374.0698547363281,0.5354782938957214,1823.0269775390625,308.1534118652344,0.6841114163398743
548,75.8772201538086,365.49603271484375,0.48108309507369995,1823.451171875,314.327880859375,0.7084484696388245
549,76.51388549804688,359.8559265136719,0.5347155928611755,1822.5927734375,319.3790283203125,0.5788081884384155
550,75.71310424804688,355.5195617675781,0.5442582368850708,1823.1412353515625,324.22784423828125,0.699675977230072
551,74.7640380859375,350.7525634765625,0.5077218413352966,1823.5787353515625,328.2646484375,0.7384393215179443
552,76.06353759765625,346.3374328613281,0.5230109691619873,1823.7872314453125,331.775146484375,0.6836884617805481
553,75.6326904296875,341.3555908203125,0.5243083834648132,1823.2606201171875,337.90380859375,0.65920490026474
554,74.0350570678711,334.98590087890625,0.5218486189842224,1822.15673828125,343.7950744628906,0.7189965844154358
555,75.52998352050781,327.4631652832031,0.5728231072425842,1821.739013671875,350.8726501464844,0.5913399457931519
556,74.26757049560547,319.5874938964844,0.5310201644897461,1822.248779296875,357.2821350097656,0.7093304395675659
557,76.31380462646484,314.7376403808594,0.49764537811279297,1822.5540771484375,363.3044128417969,0.6526038646697998
558,75.28160858154297,309.62628173828125,0.5035539865493774,1821.639892578125,367.76171875,0.6428594589233398
559,74.2621078491211,306.27294921875,0.4986848831176758,1821.61962890625,371.6006164550781,0.6478647589683533
560,73.62030792236328,303.1689453125,0.5181066393852234,1821.4437255859375,373.34686279296875,0.7079862356185913
561,75.7679443359375,299.839111328125,0.4412617087364197,1820.101318359375,374.3740539550781,0.6972580552101135
562,75.4236831665039,296.7047424316406,0.5099177956581116,1818.707763671875,378.0314025878906,0.6179466247558594
563,74.78567504882812,291.7301025390625,0.5316674709320068,1820.5069580078125,386.6265563964844,0.6638038754463196
564,73.86260223388672,286.5560607910156,0.4613818824291229,1820.2275390625,388.6946105957031,0.6773258447647095
565,74.59046936035156,282.4896545410156,0.5019770264625549,1818.98486328125,391.8685607910156,0.6975009441375732
566,74.82701110839844,278.8082580566406,0.5190028548240662,1817.205078125,394.707275390625,0.6162142753601074
567,74.88070678710938,275.7548522949219,0.49545127153396606,1819.250732421875,399.84539794921875,0.6582814455032349
568,74.11892700195312,274.8191223144531,0.49723905324935913,1818.9476318359375,401.2556457519531,0.6600536704063416
569,73.74439239501953,273.3110046386719,0.48513057827949524,1818.5548095703125,403.1650390625,0.6399152874946594
570,73.52128601074219,271.7512512207031,0.4576883614063263,1818.57666015625,402.49188232421875,0.6514323353767395
571,77.61573028564453,271.9529113769531,0.42369645833969116,1819.0086669921875,403.6669921875,0.6708889007568359
572,76.5254135131836,268.4501037597656,0.41622620820999146,1818.216064453125,404.2878112792969,0.6917222142219543
573,76.69202423095703,268.2765197753906,0.4269002676010132,1818.1243896484375,404.46331787109375,0.694342315196991
574,76.67227935791016,268.466552734375,0.42071571946144104,1818.201904296875,404.44964599609375,0.6932656764984131
575,76.6562271118164,268.419921875,0.42189520597457886,1818.206298828125,404.4258117675781,0.6940262317657471
576,76.61029052734375,268.3790283203125,0.41877585649490356,1818.170654296875,404.53564453125,0.6956478953361511
577,76.48511505126953,268.5750427246094,0.4206867516040802,1818.4873046875,404.43023681640625,0.6851921677589417
578,78.10366821289062,271.9455871582031,0.4260108172893524,1819.4949951171875,403.5380859375,0.6632152199745178
579,73.67525482177734,272.2437438964844,0.47059231996536255,1818.4232177734375,403.80267333984375,0.6484770774841309
580,74.70845031738281,275.02783203125,0.49996912479400635,1819.07421875,401.27154541015625,0.6812946200370789
581,75.01165771484375,279.50634765625,0.5387266874313354,1817.7113037109375,393.7582092285156,0.653325080871582
582,76.77070617675781,283.3705749511719,0.44482994079589844,1819.7952880859375,390.26519775390625,0.7219218015670776
583,74.11304473876953,289.52880859375,0.5360753536224365,1820.004150390625,387.7887878417969,0.6539666652679443
584,75.08723449707031,295.39361572265625,0.5139753222465515,1817.9794921875,378.88958740234375,0.6100801825523376
585,75.81620788574219,299.687744140625,0.4484086334705353,1820.019287109375,374.3097229003906,0.7030755877494812
586,74.42957305908203,306.6755676269531,0.5147536396980286,1821.4271240234375,371.3504638671875,0.6640276908874512
587,74.79960632324219,311.4656066894531,0.521464467048645,1821.24609375,366.2896423339844,0.5975873470306396
588,76.17494201660156,317.2088623046875,0.44424116611480713,1822.5111083984375,359.730712890625,0.7326987981796265
589,75.48654174804688,323.7354431152344,0.5397475361824036,1822.291259765625,354.34027099609375,0.6553395986557007
590,76.27752685546875,331.0527038574219,0.5011929273605347,1822.9835205078125,347.6704406738281,0.6659286618232727
591,74.49263763427734,337.5709228515625,0.5413604378700256,1822.1009521484375,340.82000732421875,0.6936133503913879
592,75.33002471923828,343.647705078125,0.5276142358779907,1824.2205810546875,332.609375,0.6027900576591492
593,74.34185791015625,350.3101501464844,0.49503833055496216,1823.85546875,328.9588623046875,0.7343460321426392
594,76.60014343261719,357.6080017089844,0.5400451421737671,1823.5130615234375,322.7250061035156,0.672980010509491
595,76.0341567993164,364.84429931640625,0.4910008907318115,1823.538330078125,314.4657897949219,0.6980046629905701
596,77.81434631347656,375.5237121582031,0.5312421917915344,1823.1617431640625,307.1094970703125,0.6681283116340637
597,76.81375122070312,381.728271484375,0.49195563793182373,1823.357666015625,299.0894470214844,0.6599347591400146
598,78.64228057861328,387.94061279296875,0.5165548920631409,1822.2332763671875,294.2234802246094,0.7027803659439087
599,79.62547302246094,391.2942199707031,0.5398695468902588,1822.213623046875,290.5135803222656,0.6112068891525269
600,78.8147964477539,395.6933898925781,0.5199728608131409,1822.7567138671875,285.3548889160156,0.5918842554092407
601,79.85067749023438,399.7132873535156,0.48794734477996826,1821.7208251953125,282.2360534667969,0.6750271320343018
602,81.14463806152344,406.153076171875,0.6461428999900818,1821.7745361328125,276.35040283203125,0.6534643769264221
603,82.3613052368164,410.3602600097656,0.545229434967041,1817.8258056640625,266.5540466308594,0.6363367438316345
604,82.04360961914062,418.6510925292969,0.6489620804786682,1819.750732421875,263.0165100097656,0.6748480200767517
605,83.34049987792969,422.1162109375,0.7068902850151062,1820.230712890625,258.09442138671875,0.6213828921318054
606,83.94804382324219,424.4931945800781,0.652929425239563,1818.2384033203125,252.74412536621094,0.5696721076965332
607,83.78273010253906,427.3812255859375,0.574498176574707,1817.7279052734375,251.0643310546875,0.6523352265357971
608,83.70722961425781,430.1956787109375,0.5952870845794678,1817.692138671875,250.57284545898438,0.6713531613349915
609,83.16925811767578,431.9816589355469,0.6295061111450195,1818.54296875,249.19204711914062,0.6931943893432617
610,83.76897430419922,433.4956359863281,0.6725748181343079,1818.7313232421875,247.73182678222656,0.6888042092323303
611,84.12421417236328,434.2705078125,0.6791200637817383,1818.6864013671875,246.52040100097656,0.6894611716270447
612,84.47020721435547,434.7372741699219,0.6949638724327087,1819.0457763671875,245.84439086914062,0.6859586238861084
613,84.52507781982422,434.7328796386719,0.6951234936714172,1819.0301513671875,245.96961975097656,0.6853020191192627
614,84.59976196289062,434.6594543457031,0.6919237971305847,1819.064697265625,245.98622131347656,0.6823314428329468
615,84.58133697509766,434.4593811035156,0.6916690468788147,1818.9986572265625,245.97946166992188,0.6827843189239502
616,84.61873626708984,434.2457580566406,0.6866112351417542,1818.95654296875,246.02084350585938,0.6834561824798584
617,84.21062469482422,433.8465576171875,0.6701725721359253,1818.7811279296875,246.76821899414062,0.6923499703407288
618,83.48624420166016,432.69744873046875,0.6422547101974487,1818.291748046875,248.62193298339844,0.6779166460037231
619,84.20516204833984,429.70904541015625,0.5791493058204651,1817.416748046875,250.78970336914062,0.6613970398902893
620,83.65229034423828,422.64276123046875,0.6887246370315552,1820.4344482421875,258.80523681640625,0.6083754897117615
621,82.1533432006836,418.8787536621094,0.6598054766654968,1819.9853515625,262.23876953125,0.6835727095603943
622,82.15247344970703,409.43023681640625,0.5644366145133972,1818.8494873046875,267.05938720703125,0.6021630764007568
623,80.8314437866211,403.6618957519531,0.6211142539978027,1821.55908203125,278.3465881347656,0.669980525970459
624,79.00720977783203,395.25653076171875,0.5131924748420715,1823.4954833984375,285.1874694824219,0.5989692807197571
625,78.98622131347656,389.2837219238281,0.554437518119812,1822.4862060546875,292.5065002441406,0.6900631189346313
626,76.91921997070312,381.97021484375,0.48972779512405396,1822.8592529296875,298.86700439453125,0.6613213419914246
627,77.82311248779297,376.1456298828125,0.5430651307106018,1822.9644775390625,306.2952880859375,0.6457095742225647
628,75.07447814941406,367.5474853515625,0.491962194442749,1823.1651611328125,312.71099853515625,0.7212268710136414
629,76.36499786376953,360.4378967285156,0.540865421295166,1822.78662109375,319.5999755859375,0.5891977548599243
630,75.04009246826172,352.3508605957031,0.5495542287826538,1822.83642578125,326.7122802734375,0.7191439270973206
631,76.22386169433594,346.267333984375,0.5193431973457336,1824.0360107421875,331.7213134765625,0.6819854974746704
632,75.30272674560547,339.5298767089844,0.562262237071991,1823.27880859375,339.5483093261719,0.6894152760505676
633,75.3974609375,331.9414367675781,0.496367871761322,1823.4559326171875,346.5604248046875,0.6783663630485535
634,75.62678527832031,324.26312255859375,0.5921080112457275,1823.097900390625,353.9642028808594,0.6701481342315674
635,75.44831085205078,316.3824462890625,0.4720756709575653,1822.986572265625,361.218994140625,0.6969902515411377
636,75.00960540771484,309.4357604980469,0.5298714637756348,1821.555908203125,368.3125305175781,0.6675186157226562
637,74.15508270263672,303.456298828125,0.5261470079421997,1820.8739013671875,373.4410095214844,0.6970905065536499
638,76.21900939941406,299.1119079589844,0.47744831442832947,1821.539306640625,377.8323669433594,0.6892918944358826
639,75.3986587524414,294.81317138671875,0.5085147619247437,1820.234130859375,382.86065673828125,0.627432644367218
640,74.71240997314453,289.70245361328125,0.5291226506233215,1820.234375,388.1545104980469,0.6496966481208801
641,76.2869873046875,284.1016845703125,0.434533029794693,1819.599365234375,389.5982360839844,0.7134202718734741
642,75.1603775024414,281.0762939453125,0.5133612155914307,1818.2452392578125,393.1902770996094,0.6781725287437439
643,75.13825988769531,276.94573974609375,0.5072206258773804,1819.6260986328125,399.44720458984375,0.6433944702148438
644,74.48556518554688,274.0988464355469,0.5125972628593445,1820.0833740234375,402.76171875,0.6482533812522888
645,74.24092102050781,271.8234558105469,0.47527173161506653,1819.435546875,402.8712158203125,0.6501163244247437
646,75.95208740234375,268.7507629394531,0.4089919626712799,1819.250244140625,404.1785888671875,0.6694888472557068
647,76.5857162475586,268.3294372558594,0.42188289761543274,1818.760498046875,405.02032470703125,0.6956918835639954
648,76.69425964355469,268.2750244140625,0.42466485500335693,1818.6455078125,405.13958740234375,0.6998910903930664
649,77.13127136230469,268.4076843261719,0.4227072596549988,1818.1287841796875,405.2236633300781,0.7079507112503052
650,77.0897216796875,268.4406433105469,0.4181617796421051,1818.217041015625,405.2206726074219,0.7092645168304443
651,76.97396087646484,268.4493408203125,0.4209337532520294,1818.188232421875,405.1805419921875,0.7089027166366577
652,77.72381591796875,271.6007995605469,0.4254269003868103,1819.061767578125,403.87353515625,0.6672161221504211
653,74.049072265625,272.7242126464844,0.4930921792984009,1818.9908447265625,402.0781555175781,0.6496599316596985
654,74.9625015258789,276.607421875,0.5211363434791565,1819.7716064453125,399.4202575683594,0.6394995450973511
655,75.09142303466797,283.6444396972656,0.4637278914451599,1819.365234375,391.59588623046875,0.7159978747367859
656,74.34087371826172,288.8274841308594,0.5426111221313477,1820.365234375,388.2237548828125,0.6628554463386536
657,76.39105224609375,296.7284851074219,0.5171633362770081,1819.5517578125,377.35919189453125,0.6310386061668396
658,74.68974304199219,303.9471740722656,0.5440510511398315,1820.90185546875,373.2655334472656,0.6864092946052551
659,74.41114044189453,311.47216796875,0.5177401900291443,1821.333984375,366.2620544433594,0.6086891293525696
660,73.92385864257812,318.2706298828125,0.5281060934066772,1822.6514892578125,358.39886474609375,0.7163435220718384
661,75.17252349853516,327.3840637207031,0.5869444012641907,1821.9832763671875,351.0321960449219,0.6080154180526733
662,74.101318359375,335.2060546875,0.5464115142822266,1822.504150390625,343.7453918457031,0.7383220195770264
663,75.15666961669922,343.0959167480469,0.5448843240737915,1822.628662109375,335.5667419433594,0.624769389629364
664,74.85291290283203,350.9747009277344,0.5315728187561035,1823.353759765625,328.47747802734375,0.7516099214553833
665,76.78498077392578,359.49212646484375,0.5433692336082458,1822.76416015625,320.26495361328125,0.6168093085289001
666,78.21930694580078,371.7000732421875,0.5456219911575317,1822.9229736328125,311.0017395019531,0.7181880474090576
667,77.73198699951172,380.1148986816406,0.49789929389953613,1823.5140380859375,300.1905212402344,0.6317471265792847
668,79.18755340576172,388.505859375,0.5681828856468201,1822.4749755859375,293.24053955078125,0.7026016712188721
669,78.9894027709961,393.6268310546875,0.5202479362487793,1819.5513916015625,283.2220764160156,0.5573352575302124
670,80.18257141113281,399.6027526855469,0.4834965765476227,1822.01513671875,282.4470520019531,0.6548793315887451
671,81.52828216552734,405.1675720214844,0.6483827233314514,1821.5086669921875,276.8885192871094,0.6665611267089844
672,82.2957763671875,408.67303466796875,0.5867627263069153,1818.9288330078125,267.86767578125,0.5698916912078857
673,81.4647445678711,417.07232666015625,0.6112108826637268,1819.6947021484375,264.38433837890625,0.6739655137062073
674,83.47862243652344,421.5872802734375,0.7061814069747925,1820.9931640625,260.1700439453125,0.6350300908088684
675,83.94781494140625,425.0705871582031,0.6450809836387634,1818.198486328125,251.9711151123047,0.6052457690238953
676,83.40674591064453,430.9347839355469,0.6124616861343384,1818.1221923828125,249.9694061279297,0.6766930818557739
677,83.70525360107422,433.49371337890625,0.6716135740280151,1818.48583984375,248.2312774658203,0.6896222829818726
678,84.6427001953125,434.5364685058594,0.7045102715492249,1819.250244140625,245.7913360595703,0.6904504895210266
679,84.5120849609375,435.12713623046875,0.7170915603637695,1818.976806640625,245.23133850097656,0.6898676753044128
680,84.52584075927734,435.0800476074219,0.7189244031906128,1818.9752197265625,245.16329956054688,0.6860823631286621
681,84.57477569580078,435.0780944824219,0.7166056036949158,1819.0789794921875,245.22927856445312,0.6863216757774353
682,84.62809753417969,435.0691223144531,0.7171119451522827,1819.0791015625,245.23301696777344,0.6865724921226501
683,84.6192398071289,435.0599365234375,0.7168936729431152,1819.0096435546875,245.35142517089844,0.6855661273002625
684,84.10684204101562,434.283935546875,0.6825690865516663,1819.2469482421875,246.3991241455078,0.6906786561012268
685,83.35602569580078,432.10772705078125,0.6347309947013855,1818.6617431640625,249.01449584960938,0.6936154365539551
686,83.88621520996094,425.2204895019531,0.6294538974761963,1818.0234375,251.80648803710938,0.6145021915435791
687,82.90351867675781,421.02587890625,0.6934885382652283,1819.991455078125,260.17889404296875,0.6731479167938232
688,83.50777435302734,412.5761413574219,0.5445302128791809,1818.7078857421875,265.1732482910156,0.6285983324050903
689,80.75787353515625,403.3894348144531,0.6180647015571594,1821.467529296875,278.9715881347656,0.6757318377494812
690,80.06272888183594,391.838623046875,0.5479559302330017,1822.32275390625,289.35345458984375,0.6385458707809448
691,77.16706085205078,381.9418640136719,0.48677995800971985,1822.750732421875,298.3254089355469,0.6904860138893127
692,77.90327453613281,374.8424377441406,0.5438214540481567,1822.9296875,307.5347595214844,0.6739829182624817
693,75.54569244384766,364.5309753417969,0.49767547845840454,1823.3751220703125,314.7920837402344,0.6932626366615295
694,76.34346008300781,357.5039367675781,0.5368861556053162,1823.419677734375,322.6595764160156,0.6668952107429504
695,74.38131713867188,350.40704345703125,0.5035358667373657,1823.7003173828125,328.4669494628906,0.7356102466583252
696,75.0762710571289,343.76800537109375,0.5486497282981873,1822.4404296875,335.0370178222656,0.6079664826393127
697,74.09249877929688,335.4111633300781,0.5424249768257141,1822.4639892578125,342.89752197265625,0.717239499092102
698,75.20944213867188,325.9577941894531,0.5824907422065735,1822.1556396484375,351.8988342285156,0.6420511603355408
699,76.38349914550781,316.2449951171875,0.46311724185943604,1823.040283203125,361.1084899902344,0.7086723446846008
700,75.19371795654297,308.0097961425781,0.5210466384887695,1821.625732421875,370.6724853515625,0.6776614189147949
701,75.94164276123047,299.5969543457031,0.44761747121810913,1820.8240966796875,375.16015625,0.6926512122154236
702,76.29793548583984,294.99835205078125,0.49354666471481323,1820.17431640625,383.0761413574219,0.6340999603271484
703,74.50868225097656,289.64788818359375,0.5224228501319885,1819.96826171875,387.8123474121094,0.6507670879364014
704,76.62554931640625,284.044677734375,0.43683549761772156,1819.994384765625,389.98004150390625,0.7203759551048279
705,74.79736328125,280.8641357421875,0.5138657093048096,1817.7197265625,393.292724609375,0.6800274848937988
706,74.77203369140625,276.7361755371094,0.5007102489471436,1819.3480224609375,399.48236083984375,0.6531471014022827
707,73.85992431640625,274.1378173828125,0.5039461851119995,1818.7987060546875,401.5408020019531,0.6347241997718811
708,77.7751235961914,272.6021423339844,0.4449550211429596,1819.05859375,403.45355224609375,0.6707606911659241
709,76.79403686523438,268.6309814453125,0.42703700065612793,1817.883056640625,404.7342224121094,0.7083740830421448
710,76.88968658447266,268.1025390625,0.42789024114608765,1817.89794921875,405.392578125,0.7227571606636047
711,76.89483642578125,268.15972900390625,0.42763954401016235,1817.9053955078125,405.40557861328125,0.7220749258995056
712,76.8534164428711,268.3362121582031,0.42613595724105835,1818.54248046875,405.0846252441406,0.703253984451294
713,76.36268615722656,268.57794189453125,0.41563770174980164,1819.0806884765625,404.55633544921875,0.6835159063339233
714,73.70105743408203,272.17425537109375,0.49129775166511536,1819.2440185546875,404.7071533203125,0.6498165130615234
715,74.59451293945312,275.1713562011719,0.4986930787563324,1819.4754638671875,401.4538879394531,0.6675341725349426
716,74.8276596069336,281.0586853027344,0.5124334692955017,1818.3363037109375,393.02587890625,0.6855785846710205
717,74.13695526123047,287.9497375488281,0.5229886770248413,1820.07958984375,388.7340393066406,0.6656625270843506
718,75.02894592285156,297.20831298828125,0.5222362875938416,1819.186279296875,377.375732421875,0.621565043926239
719,77.73050689697266,307.5641174316406,0.5158600807189941,1821.7928466796875,371.2674255371094,0.6901752948760986
720,75.83162689208984,315.5209045410156,0.4603687524795532,1823.1326904296875,361.742919921875,0.707918107509613
721,75.60118865966797,326.1762390136719,0.5941156148910522,1822.515869140625,352.46063232421875,0.659946084022522
722,74.0738296508789,335.0755920410156,0.53769451379776,1822.537353515625,343.549560546875,0.7066385746002197
723,76.258544921875,344.32470703125,0.538543164730072,1824.167236328125,332.3916015625,0.6170845627784729
724,75.46312713623047,353.7336120605469,0.5614612102508545,1823.1541748046875,326.10052490234375,0.7222611308097839
725,76.0682373046875,362.72906494140625,0.5209333300590515,1823.7138671875,315.7189636230469,0.6759165525436401
726,76.72252655029297,374.6464538574219,0.5352323055267334,1823.091796875,307.0969543457031,0.6718468070030212
727,78.97586822509766,385.74078369140625,0.4935802221298218,1823.0037841796875,296.6253356933594,0.7256876826286316
728,78.49516296386719,393.1873474121094,0.5273228883743286,1822.08740234375,287.9390563964844,0.5761585831642151
729,80.06031036376953,401.84552001953125,0.549393355846405,1822.7222900390625,280.8257751464844,0.7071845531463623
730,81.11344909667969,406.911865234375,0.6180338859558105,1821.6346435546875,274.9491882324219,0.6189245581626892
731,82.8502426147461,413.3173522949219,0.5439054369926453,1818.6590576171875,265.14617919921875,0.6483290791511536
732,82.50078582763672,419.5025939941406,0.6794711947441101,1820.1600341796875,261.72711181640625,0.6751927733421326
733,83.66057586669922,422.5664978027344,0.680095911026001,1820.25732421875,256.06671142578125,0.6129400730133057
734,83.83125305175781,426.98541259765625,0.5679295063018799,1817.755126953125,250.5608367919922,0.6503279805183411
735,83.40269470214844,433.04266357421875,0.6467095017433167,1818.5135498046875,248.53590393066406,0.6859545111656189
736,84.61983489990234,434.9114685058594,0.7055181860923767,1819.138916015625,245.6591033935547,0.6713378429412842
737,84.6998062133789,435.8775634765625,0.7159717679023743,1818.6942138671875,244.14964294433594,0.6858811974525452
738,84.70528411865234,436.0440673828125,0.7115458250045776,1818.8541259765625,244.19784545898438,0.6792962551116943
739,84.62335968017578,435.9306335449219,0.710675060749054,1818.9385986328125,244.35433959960938,0.6807262897491455
740,84.58531188964844,435.7037658691406,0.7162071466445923,1818.7379150390625,244.3975067138672,0.6829375624656677
741,84.30089569091797,435.0845031738281,0.7031614184379578,1818.938720703125,245.29039001464844,0.684052586555481
742,83.38628387451172,432.89752197265625,0.6410131454467773,1818.5438232421875,248.0953369140625,0.68537837266922
743,83.78327178955078,425.7820129394531,0.6092507243156433,1817.7044677734375,250.7521514892578,0.653656005859375
744,83.49174499511719,421.0290832519531,0.6990656852722168,1821.4263916015625,261.14984130859375,0.6563056707382202
745,82.7885971069336,410.2958068847656,0.5307979583740234,1818.77392578125,265.87847900390625,0.634598970413208
746,81.18704223632812,399.8365478515625,0.5227571725845337,1822.4805908203125,281.75433349609375,0.6940487623214722
747,79.27139282226562,388.68048095703125,0.5627552270889282,1822.3099365234375,293.1122741699219,0.6979029178619385
748,79.00286102294922,377.21112060546875,0.5438787937164307,1822.5765380859375,304.777099609375,0.6419933438301086
749,76.4448471069336,363.8008117675781,0.5085440278053284,1822.9676513671875,314.98321533203125,0.6762329339981079
750,77.10289764404297,356.71099853515625,0.5360154509544373,1823.393798828125,325.0977783203125,0.7086640000343323
751,76.26072692871094,347.3431396484375,0.4983813762664795,1823.7574462890625,330.9615783691406,0.6801161170005798
752,75.59734344482422,340.641845703125,0.5401840209960938,1823.426025390625,337.826416015625,0.668780505657196
753,75.87116241455078,332.34466552734375,0.4884541928768158,1822.9979248046875,345.4900207519531,0.7055255770683289
754,75.44227600097656,323.75054931640625,0.5618737936019897,1823.0726318359375,355.0839538574219,0.6809267401695251
755,76.60983276367188,313.7703552246094,0.5128974318504333,1823.5916748046875,363.39556884765625,0.6442185044288635
756,75.02044677734375,302.5783386230469,0.486985445022583,1821.1533203125,373.86297607421875,0.6945707201957703
757,75.4722900390625,295.072021484375,0.506568431854248,1820.5902099609375,383.2571716308594,0.6445676684379578
758,74.0704116821289,287.33489990234375,0.5082454085350037,1819.58154296875,389.4056701660156,0.6635059118270874
759,75.37747192382812,282.5796203613281,0.48359566926956177,1818.618408203125,391.7843322753906,0.7119654417037964
760,75.02162170410156,277.4529113769531,0.5307079553604126,1819.392578125,398.372314453125,0.6052290201187134
761,74.56671142578125,274.380615234375,0.5012550354003906,1819.841064453125,401.7014465332031,0.6550721526145935
762,73.76636505126953,271.9634094238281,0.4982508420944214,1819.0927734375,404.2499084472656,0.6540491580963135
763,73.88030242919922,270.6611328125,0.434658020734787,1819.307373046875,404.37799072265625,0.6818596720695496
764,77.0240249633789,268.4489440917969,0.4286755323410034,1818.8389892578125,405.2068786621094,0.6985781788825989
765,77.15415954589844,268.433837890625,0.43105342984199524,1818.6641845703125,405.27203369140625,0.7050254344940186
766,77.1920394897461,268.3327331542969,0.4286234676837921,1818.9129638671875,405.0330505371094,0.6978094577789307
767,76.42784118652344,268.63360595703125,0.4211450517177582,1819.309814453125,404.29632568359375,0.6783508062362671
768,73.415283203125,271.77728271484375,0.4826626181602478,1819.1094970703125,403.852294921875,0.6505879759788513
769,74.89952850341797,276.27947998046875,0.5224371552467346,1819.494140625,400.31256103515625,0.6595525145530701
770,75.37261199951172,283.6954040527344,0.45757144689559937,1819.8017578125,391.207763671875,0.7256293892860413
771,74.94792175292969,292.56134033203125,0.5275049805641174,1820.3436279296875,386.3016357421875,0.6811284422874451
772,74.62150573730469,302.2569274902344,0.445721834897995,1820.9686279296875,374.90985107421875,0.6980855464935303
773,76.51872253417969,313.7580871582031,0.5066285133361816,1823.1781005859375,363.3857727050781,0.6437953114509583
774,75.57210540771484,325.58203125,0.587904155254364,1822.66796875,353.1807556152344,0.6736119985580444
775,74.42365264892578,337.3378601074219,0.5479806065559387,1822.7392578125,341.5428161621094,0.7088324427604675
776,76.27577209472656,347.0584411621094,0.4926406145095825,1823.6190185546875,330.5726623535156,0.7016686201095581
777,78.36787414550781,358.4671936035156,0.5416815876960754,1823.435546875,322.2324523925781,0.6628417372703552
778,78.97254180908203,371.37127685546875,0.5333220362663269,1822.849609375,311.5495910644531,0.7235419750213623
779,77.93843078613281,380.9891662597656,0.4992341995239258,1823.1435546875,299.69189453125,0.628976047039032
780,80.03255462646484,390.4638366699219,0.5799378752708435,1821.7451171875,291.39599609375,0.6440019011497498
781,79.91922760009766,399.6388244628906,0.4913827180862427,1822.3280029296875,282.4315185546875,0.672301173210144
782,81.2008285522461,406.6811218261719,0.6372465491294861,1821.5828857421875,275.19873046875,0.6052517890930176
783,82.07920837402344,414.4831237792969,0.5687305927276611,1818.77490234375,264.9739990234375,0.6850494146347046
784,83.32432556152344,420.9046630859375,0.7001189589500427,1820.206298828125,260.3963317871094,0.6531085968017578
785,84.11034393310547,423.9139709472656,0.667354166507721,1818.408447265625,252.5750274658203,0.5648415088653564
786,83.26693725585938,430.93853759765625,0.603183925151825,1818.08984375,249.2915496826172,0.6862320303916931
787,84.06307220458984,434.0900573730469,0.6706934571266174,1818.928466796875,246.79185485839844,0.6865320205688477
788,84.67926025390625,435.8313903808594,0.7109128832817078,1818.6497802734375,244.45281982421875,0.680221438407898
789,84.5926284790039,435.9754638671875,0.7079943418502808,1818.44287109375,243.902587890625,0.6775042414665222
790,84.61012268066406,436.0043640136719,0.707236647605896,1818.3892822265625,244.00067138671875,0.6739824414253235
791,84.63247680664062,435.9402160644531,0.7063572406768799,1818.4727783203125,244.00723266601562,0.6791778802871704
792,84.54917907714844,435.4200134277344,0.7173746228218079,1818.7864990234375,244.82431030273438,0.6872660517692566
793,83.354736328125,433.2607421875,0.6442627310752869,1818.8095703125,247.822509765625,0.6841689944267273
794,83.75127410888672,425.1282653808594,0.6330320239067078,1817.5386962890625,251.5951690673828,0.6295139193534851
795,82.9159164428711,419.43646240234375,0.6815252304077148,1820.309326171875,261.6358337402344,0.6797625422477722
796,81.54219055175781,407.3831481933594,0.639732301235199,1820.895751953125,273.9640808105469,0.6176477074623108
797,78.90738677978516,394.011962890625,0.5159308910369873,1819.2769775390625,282.09124755859375,0.5892363786697388
798,77.39338684082031,380.8926086425781,0.5073357820510864,1823.128662109375,299.0216064453125,0.6569223999977112
799,78.92491149902344,368.3161315917969,0.4921516478061676,1822.3167724609375,313.8172607421875,0.6948137283325195
800,75.2258529663086,353.7871398925781,0.5555122494697571,1823.2236328125,325.472900390625,0.7146891355514526
801,76.08781433105469,345.21746826171875,0.5335187911987305,1824.4237060546875,331.8345642089844,0.6710635423660278
802,74.83810424804688,337.88507080078125,0.5380159020423889,1822.827880859375,340.2969970703125,0.6904033422470093
803,75.96240234375,330.6817626953125,0.5094310641288757,1823.64111328125,347.5233154296875,0.6667935252189636
804,74.40106201171875,320.3969421386719,0.5578410029411316,1822.7509765625,357.2294921875,0.698204755783081
805,75.01775360107422,310.07415771484375,0.5326712727546692,1821.80322265625,367.1357421875,0.6563160419464111
806,76.13186645507812,299.60211181640625,0.4474277198314667,1820.9549560546875,375.4410400390625,0.6955289244651794
807,74.96868896484375,291.63311767578125,0.5263331532478333,1820.3106689453125,387.2055358886719,0.6628619432449341
808,75.1279525756836,283.6978454589844,0.4546268880367279,1819.7037353515625,391.10430908203125,0.7263863682746887
809,75.14411163330078,277.08184814453125,0.5278745293617249,1819.309326171875,399.13128662109375,0.6370675563812256
810,73.88388061523438,273.24871826171875,0.5131143927574158,1819.401611328125,403.1160888671875,0.6540850400924683
811,73.57868957519531,271.126708984375,0.4363676905632019,1819.6844482421875,403.6980895996094,0.6661383509635925
812,76.91236877441406,268.1517028808594,0.4262896180152893,1818.565673828125,405.0688171386719,0.707883894443512
813,76.8094482421875,267.7518005371094,0.433023601770401,1818.1639404296875,405.7893371582031,0.7134668231010437
814,76.75055694580078,267.91522216796875,0.4316602349281311,1818.33251953125,405.7785339355469,0.7131266593933105
815,76.88634490966797,268.3606262207031,0.4232175350189209,1818.4776611328125,405.2325134277344,0.7088931798934937
816,73.87764739990234,270.37127685546875,0.4333973824977875,1819.5941162109375,403.69244384765625,0.668646514415741
817,74.35405731201172,274.1459045410156,0.5194867849349976,1819.325439453125,402.7522888183594,0.6516405940055847
818,74.26390075683594,280.54266357421875,0.5374436974525452,1817.77783203125,393.12384033203125,0.691979706287384
819,74.32215881347656,289.4198913574219,0.545819878578186,1820.0947265625,388.1438293457031,0.6804959177970886
820,76.4548110961914,299.7732849121094,0.44275549054145813,1821.136962890625,374.9674987792969,0.7119563817977905
821,76.42183685302734,313.369873046875,0.505311131477356,1823.3564453125,363.51922607421875,0.6342875957489014
822,75.34965515136719,326.6030578613281,0.5837403535842896,1822.095947265625,352.304931640625,0.6417099237442017
823,75.17778778076172,340.2667541503906,0.521144449710846,1822.34765625,339.8422546386719,0.6712685227394104
824,75.68805694580078,352.8981628417969,0.539299726486206,1822.8861083984375,327.1930847167969,0.7241387963294983
825,75.86748504638672,363.4505615234375,0.514280378818512,1823.1451416015625,315.1431884765625,0.6863312125205994
826,77.7301254272461,376.85162353515625,0.5277925133705139,1822.32763671875,305.0486145019531,0.6284688711166382
827,79.45834350585938,388.2699279785156,0.5524384379386902,1822.1689453125,293.6531982421875,0.7017226815223694
828,79.25042724609375,396.1956787109375,0.4917393922805786,1822.9189453125,284.27215576171875,0.6461537480354309
829,81.6392593383789,405.85858154296875,0.6638049483299255,1821.8084716796875,276.1898193359375,0.6581802368164062
830,83.02134704589844,413.60040283203125,0.562744677066803,1818.8955078125,264.89739990234375,0.6478171944618225
831,82.95417022705078,421.00714111328125,0.6967989206314087,1819.8719482421875,260.6318054199219,0.6707688570022583
832,84.2326431274414,424.24530029296875,0.649688184261322,1818.1395263671875,252.37417602539062,0.5907893180847168
833,83.16588592529297,432.075439453125,0.6266593933105469,1818.56005859375,248.80831909179688,0.6903348565101624
834,84.36121368408203,435.2047119140625,0.7061887383460999,1818.99755859375,245.38348388671875,0.6872590184211731
835,84.86605834960938,435.9583740234375,0.7079131007194519,1818.053466796875,243.58241271972656,0.6750938296318054
836,84.9751205444336,436.0064392089844,0.7111003398895264,1817.9315185546875,243.31289672851562,0.6655585169792175
837,85.00370788574219,436.0741882324219,0.709057629108429,1817.99609375,243.31565856933594,0.6676276326179504
838,84.95909118652344,435.9473876953125,0.7061694264411926,1818.43994140625,244.0099334716797,0.6819887757301331
839,83.9052505493164,434.0306091308594,0.6727673411369324,1818.8038330078125,246.51107788085938,0.684452474117279
840,83.88539123535156,429.4537048339844,0.5686909556388855,1817.869384765625,250.28125,0.6706583499908447
841,83.07074737548828,421.2904357910156,0.675682008266449,1820.342041015625,259.2579650878906,0.6608933210372925
842,82.6077880859375,409.085205078125,0.5923406481742859,1818.9254150390625,267.2473449707031,0.5745446681976318
843,78.72830963134766,394.950439453125,0.5107777118682861,1819.409423828125,281.24273681640625,0.5970870852470398
844,77.29180908203125,380.5128479003906,0.505012571811676,1822.7581787109375,299.5115051269531,0.6030728220939636
845,76.2988052368164,362.58197021484375,0.5244314074516296,1822.913330078125,315.1099548339844,0.6541717052459717
846,75.07766723632812,349.39434814453125,0.49607038497924805,1823.1007080078125,329.2297058105469,0.7207574844360352
847,75.30445861816406,340.4460754394531,0.5222023725509644,1823.1923828125,339.0262145996094,0.6807771921157837
848,75.84899139404297,331.6285095214844,0.49114668369293213,1823.3455810546875,346.4281311035156,0.683628499507904
849,75.28599548339844,324.0945739746094,0.5742530226707458,1822.983154296875,355.1942443847656,0.6827853918075562
850,76.37796783447266,314.4560852050781,0.4929904341697693,1823.0350341796875,362.80059814453125,0.6537789106369019
851,74.85820007324219,303.2591247558594,0.521218478679657,1820.9013671875,373.5434875488281,0.6889198422431946
852,75.95316314697266,294.4960632324219,0.5158791542053223,1820.5213623046875,383.8690490722656,0.6734268665313721
853,76.25250244140625,283.7276306152344,0.4480254650115967,1820.2889404296875,389.7610168457031,0.7220134735107422
854,74.1943588256836,276.7762756347656,0.515620768070221,1819.6239013671875,399.3011779785156,0.643233597278595
855,73.75089263916016,271.8740539550781,0.4879257082939148,1819.437255859375,402.6510314941406,0.6554158329963684
856,76.75646209716797,268.2591247558594,0.44001105427742004,1818.795166015625,405.0517883300781,0.6965868473052979
857,74.50628662109375,267.9981384277344,0.4542478621006012,1818.5142822265625,406.5799865722656,0.7261268496513367
858,74.586669921875,267.9109802246094,0.4640566110610962,1818.3270263671875,406.6288146972656,0.7259997129440308
859,76.84757232666016,267.4028625488281,0.4421667456626892,1818.158935546875,406.360595703125,0.7259694933891296
860,76.7189712524414,268.4259033203125,0.4247881770133972,1819.0986328125,404.7742919921875,0.6833030581474304
861,73.66215515136719,272.4737243652344,0.49920082092285156,1818.868408203125,402.16448974609375,0.6536599397659302
862,74.15045166015625,277.47833251953125,0.5286484956741333,1817.13525390625,394.86383056640625,0.6346462368965149
863,73.99543762207031,286.6194152832031,0.4849364161491394,1820.5516357421875,388.79046630859375,0.6851118206977844
864,77.91299438476562,297.5291442871094,0.49326980113983154,1819.9271240234375,377.0926513671875,0.6512553691864014
865,77.83634185791016,310.38427734375,0.5250656604766846,1821.101318359375,367.1181945800781,0.6559295058250427
866,75.41809844970703,325.3832092285156,0.556951642036438,1822.0064697265625,353.81378173828125,0.6691423058509827
867,75.55170440673828,340.6887512207031,0.5229660868644714,1822.644775390625,338.6133117675781,0.6795734763145447
868,75.96562194824219,354.14666748046875,0.5357502102851868,1822.8125,325.0338134765625,0.717155933380127
869,79.15707397460938,370.45806884765625,0.5304027199745178,1821.9630126953125,311.58380126953125,0.7168995141983032
870,78.02186584472656,381.8359375,0.48023515939712524,1822.785888671875,298.92108154296875,0.681124210357666
871,80.01171875,390.9544677734375,0.5495014786720276,1822.359619140625,289.48321533203125,0.6353573203086853
872,80.79541015625,401.25628662109375,0.5574897527694702,1822.4742431640625,280.9683837890625,0.7105140089988708
873,81.88066864013672,407.8584899902344,0.6183002591133118,1821.825439453125,273.2469177246094,0.6005487442016602
874,81.93702697753906,417.7562255859375,0.6292349696159363,1820.2645263671875,263.6040954589844,0.6756023168563843
875,83.54007720947266,422.775634765625,0.6727182865142822,1820.5135498046875,256.44854736328125,0.6092482209205627
876,83.31431579589844,431.0005798339844,0.6090899109840393,1818.142333984375,249.65480041503906,0.6860154867172241
877,84.4070816040039,435.07440185546875,0.7014414668083191,1818.6666259765625,245.4889373779297,0.6948237419128418
878,84.77715301513672,436.6241760253906,0.7077678442001343,1818.1351318359375,243.54074096679688,0.666663408279419
879,84.89958953857422,437.0657958984375,0.7059180736541748,1818.350830078125,242.94610595703125,0.6503974199295044
880,84.76818084716797,437.1051940917969,0.7050279378890991,1818.291748046875,242.9168701171875,0.6563584208488464
881,84.89659881591797,436.24334716796875,0.7071454524993896,1818.390625,243.91331481933594,0.6716564893722534
882,83.89303588867188,433.8765869140625,0.6628974676132202,1819.1007080078125,246.435302734375,0.687157392501831
883,83.8907241821289,425.6120300292969,0.606874406337738,1817.1337890625,251.3109588623047,0.6483843326568604
884,82.86002349853516,418.527099609375,0.6772157549858093,1820.816162109375,262.6701354980469,0.6798834204673767
885,81.80884552001953,404.8833312988281,0.6405118703842163,1821.541748046875,277.1104431152344,0.6633584499359131
886,79.89955139160156,388.72894287109375,0.5688642263412476,1821.493896484375,293.45477294921875,0.6740440130233765
887,78.9620132446289,371.966064453125,0.5466448068618774,1822.1090087890625,310.4587707519531,0.6976950168609619
888,75.2962417602539,352.7071533203125,0.5438648462295532,1822.2626953125,326.4803466796875,0.7148316502571106
889,75.313720703125,340.3765869140625,0.5462889671325684,1823.189453125,339.58453369140625,0.6877874135971069
890,75.85177612304688,331.2234191894531,0.4910823106765747,1823.42626953125,347.4219665527344,0.6882333755493164
891,74.73260498046875,322.9405212402344,0.5618135333061218,1822.9879150390625,356.0207824707031,0.6883098483085632
892,76.01506042480469,313.9244384765625,0.4979926347732544,1823.6065673828125,363.3885498046875,0.6625814437866211
893,74.52318572998047,303.5545349121094,0.5203114748001099,1820.866455078125,373.6043701171875,0.6946383118629456
894,75.72518920898438,294.1295166015625,0.5249528288841248,1820.798583984375,383.7775573730469,0.677631139755249
895,76.78889465332031,283.1839294433594,0.44570493698120117,1820.97607421875,390.3023376464844,0.7117885947227478
896,74.84718322753906,276.2087097167969,0.5541735887527466,1819.7662353515625,400.2130432128906,0.6780707836151123
897,73.83894348144531,271.5295104980469,0.46631577610969543,1819.75341796875,403.82269287109375,0.6683400273323059
898,74.70885467529297,268.3602600097656,0.4543987810611725,1817.89208984375,406.44580078125,0.7281677722930908
899,74.6858901977539,267.4734802246094,0.5075021982192993,1817.768798828125,407.64520263671875,0.7360925078392029
900,74.99288177490234,267.6226806640625,0.5076100826263428,1817.9783935546875,407.3099670410156,0.7395983338356018
901,76.97998046875,267.68524169921875,0.4433806240558624,1818.4921875,405.81256103515625,0.729794979095459
902,73.71583557128906,271.7392272949219,0.4750564396381378,1819.2625732421875,403.4835205078125,0.6623263359069824
903,75.2529067993164,276.16912841796875,0.536119818687439,1819.5181884765625,400.00201416015625,0.6558483242988586
904,78.43536376953125,285.5084533691406,0.4373050928115845,1820.00537109375,389.77569580078125,0.7120614647865295
905,77.95545959472656,295.80548095703125,0.5187763571739197,1819.4749755859375,377.92877197265625,0.6249112486839294
906,77.23153686523438,309.8982238769531,0.5216026902198792,1821.567626953125,367.7912902832031,0.6782869696617126
907,75.06156921386719,326.33636474609375,0.575299084186554,1821.832275390625,353.25262451171875,0.6737744808197021
908,75.2694091796875,342.8216247558594,0.5399520993232727,1822.4930419921875,337.1715393066406,0.6804190874099731
909,78.24464416503906,358.7468566894531,0.5509127974510193,1822.21044921875,322.20794677734375,0.6753446459770203
910,77.72744750976562,374.5251159667969,0.528880774974823,1822.0283203125,307.92742919921875,0.6759063005447388
911,79.04180145263672,388.07818603515625,0.5595569014549255,1822.156982421875,294.42388916015625,0.7094301581382751
912,78.7841796875,396.8093566894531,0.48448166251182556,1823.062255859375,283.4909362792969,0.6569982171058655
913,81.05271911621094,406.3998107910156,0.6445393562316895,1821.368408203125,275.627685546875,0.641607940196991
914,81.89640808105469,415.15057373046875,0.5838832855224609,1818.8328857421875,264.88641357421875,0.6705848574638367
915,83.3021240234375,421.91473388671875,0.7038869857788086,1820.899658203125,260.2560119628906,0.6416324973106384
916,83.98104095458984,426.5670471191406,0.584356963634491,1817.4364013671875,251.29507446289062,0.647809624671936
917,83.83517456054688,434.04791259765625,0.6692940592765808,1818.780029296875,247.1327667236328,0.700542688369751
918,84.99227905273438,436.4640197753906,0.7061580419540405,1817.9937744140625,243.4269256591797,0.6773757338523865
919,85.0335693359375,437.1210021972656,0.7024813294410706,1818.0758056640625,242.183349609375,0.649985671043396
920,85.26656341552734,437.1324462890625,0.703106164932251,1818.0797119140625,242.01455688476562,0.6469433903694153
921,85.22933959960938,436.2744445800781,0.7062231302261353,1818.117919921875,243.36793518066406,0.6765162944793701
922,84.08959197998047,433.993896484375,0.6603428721427917,1818.6571044921875,246.71243286132812,0.6953324675559998
923,84.01323699951172,425.476318359375,0.6005411148071289,1817.299560546875,251.58738708496094,0.6336084604263306
924,82.44685363769531,416.90179443359375,0.6253032088279724,1820.676025390625,263.4732360839844,0.6570579409599304
925,81.45346069335938,402.1302795410156,0.568666398525238,1820.34521484375,278.2528991699219,0.6669780015945435
926,79.61600494384766,383.74273681640625,0.48767247796058655,1821.5457763671875,297.6333312988281,0.6781541705131531
927,76.51039123535156,363.0399169921875,0.526422917842865,1822.0997314453125,315.0943298339844,0.646955132484436
928,76.35406494140625,345.8390197753906,0.5188941955566406,1823.6937255859375,331.5408935546875,0.6609891653060913
929,74.23339080810547,333.6329650878906,0.4788677990436554,1822.2186279296875,344.91455078125,0.7159055471420288
930,75.16920471191406,324.6890869140625,0.5652507543563843,1822.81494140625,354.0549011230469,0.6917937397956848
931,76.10899353027344,315.5493469238281,0.4779265224933624,1822.7493896484375,362.022216796875,0.6867678761482239
932,77.03226470947266,307.770263671875,0.5068947076797485,1821.6400146484375,371.4073486328125,0.6871433258056641
933,75.18401336669922,297.8099670410156,0.520855188369751,1819.5794677734375,377.9320373535156,0.6251526474952698
934,74.26866149902344,287.00628662109375,0.5014140605926514,1820.7835693359375,388.6133117675781,0.6846355199813843
935,74.612060546875,277.7147216796875,0.5380774140357971,1819.5836181640625,399.38800048828125,0.6421215534210205
936,73.4723892211914,271.65374755859375,0.49077096581459045,1819.402099609375,403.6740417480469,0.6674336791038513
937,74.94978332519531,267.8035888671875,0.47396695613861084,1817.9891357421875,406.98199462890625,0.7329280376434326
938,75.0615005493164,266.7941589355469,0.5092929601669312,1816.905029296875,408.847412109375,0.7307096123695374
939,75.23052215576172,266.8115539550781,0.5178762674331665,1817.0430908203125,408.571044921875,0.7317837476730347
940,74.86482238769531,268.10772705078125,0.43870416283607483,1818.2857666015625,406.4396057128906,0.7308849692344666
941,73.7486801147461,271.7370300292969,0.4960658550262451,1819.26806640625,403.34661865234375,0.6624211668968201
942,75.0482177734375,277.8342590332031,0.5416790843009949,1817.572998046875,394.5638427734375,0.6313666701316833
943,74.39692687988281,288.53668212890625,0.5360849499702454,1819.9483642578125,389.1173400878906,0.6785435080528259
944,74.52903747558594,302.18389892578125,0.4484633803367615,1819.9737548828125,374.00750732421875,0.7111464738845825
945,76.62505340576172,316.5541687011719,0.4543361961841583,1822.10205078125,361.1931457519531,0.6912378668785095
946,73.74382019042969,334.320068359375,0.5098087787628174,1821.9241943359375,344.41436767578125,0.6939606070518494
947,75.12535858154297,352.56964111328125,0.5407841801643372,1822.5836181640625,327.1376647949219,0.7197678089141846
948,79.22752380371094,371.6038818359375,0.5645462274551392,1822.3262939453125,310.9864501953125,0.719570517539978
949,79.063720703125,385.9421081542969,0.5082822442054749,1822.3328857421875,296.43011474609375,0.7093105316162109
950,78.94065856933594,396.1226501464844,0.4916977882385254,1822.6197509765625,283.7050476074219,0.6479042172431946
951,80.45989227294922,406.42474365234375,0.6327560544013977,1821.37548828125,275.6245422363281,0.6356318593025208
952,82.13420104980469,414.619140625,0.5708365440368652,1818.992919921875,265.0083312988281,0.6655300855636597
953,82.94781494140625,421.58355712890625,0.7073235511779785,1820.351318359375,258.9119567871094,0.6421650052070618
954,83.61567687988281,426.67431640625,0.5893300771713257,1817.4014892578125,251.12765502929688,0.6585754156112671
955,83.98190307617188,433.77813720703125,0.6717307567596436,1818.66845703125,246.80233764648438,0.6933719515800476
956,84.86259460449219,436.43438720703125,0.706256091594696,1818.540283203125,243.25747680664062,0.668452799320221
957,85.13841247558594,437.225341796875,0.7140712141990662,1818.168701171875,241.39877319335938,0.6270394921302795
958,85.13946533203125,436.9801025390625,0.7117564082145691,1818.2659912109375,241.67410278320312,0.6338881254196167
959,84.76910400390625,436.0437316894531,0.7046737670898438,1818.4708251953125,244.00791931152344,0.6679519414901733
960,83.45556640625,432.76629638671875,0.6489102244377136,1818.627197265625,248.51141357421875,0.699651837348938
961,83.27529907226562,421.82733154296875,0.6849104166030884,1819.914794921875,257.3173522949219,0.6382248401641846
962,82.1882553100586,408.7920837402344,0.5928224325180054,1819.196533203125,266.8102722167969,0.6129225492477417
963,79.39894104003906,391.4664001464844,0.5515499114990234,1820.7376708984375,289.3847961425781,0.6463149785995483
964,79.20458221435547,372.1551208496094,0.5699605345726013,1821.5587158203125,309.4847717285156,0.7014060616493225
965,75.26239776611328,349.8816833496094,0.49974942207336426,1822.7196044921875,328.5601806640625,0.6933531165122986
966,74.11722564697266,334.0673828125,0.521513819694519,1821.5355224609375,343.76031494140625,0.6971967220306396
967,75.39275360107422,323.6898498535156,0.5595380067825317,1822.6016845703125,355.2812805175781,0.6716862320899963
968,76.15579223632812,314.7421569824219,0.4829848110675812,1823.1781005859375,362.91131591796875,0.660285472869873
969,74.8044662475586,305.5225524902344,0.5242690443992615,1821.9720458984375,372.1216125488281,0.6808503866195679
970,75.22288513183594,297.46533203125,0.5204097032546997,1819.171875,377.7898254394531,0.6476625800132751
971,73.98377227783203,287.3453369140625,0.5181006789207458,1819.7490234375,389.7554931640625,0.6751312017440796
972,74.62261962890625,278.1387023925781,0.553521990776062,1817.315673828125,394.82598876953125,0.6380422711372375
973,73.7485580444336,271.7044372558594,0.4790170192718506,1819.299560546875,403.64508056640625,0.6720860600471497
974,74.68082427978516,267.3429260253906,0.5114759206771851,1817.66455078125,407.8013000488281,0.7449097037315369
975,74.68477630615234,265.34613037109375,0.5332283973693848,1816.9178466796875,409.5740661621094,0.7272331714630127
976,74.86563110351562,266.71759033203125,0.5332443714141846,1817.1796875,408.6717834472656,0.7319972515106201
977,76.6605224609375,267.7240905761719,0.44880402088165283,1817.83837890625,405.966064453125,0.7293031811714172
978,73.73252868652344,273.5569763183594,0.5283997654914856,1818.905029296875,401.75933837890625,0.6597806811332703
979,74.93218994140625,283.19921875,0.45971614122390747,1819.0477294921875,392.1728210449219,0.7430675029754639
980,75.58995056152344,295.1919860839844,0.5276385545730591,1820.3271484375,383.0242004394531,0.6713330745697021
981,75.9476089477539,311.4954833984375,0.5217804908752441,1821.4307861328125,367.3242492675781,0.6680495738983154
982,74.92748260498047,329.055419921875,0.5447715520858765,1820.6533203125,350.5252990722656,0.6147857308387756
983,76.1670913696289,347.24810791015625,0.49953001737594604,1822.528564453125,330.10394287109375,0.6745477914810181
984,78.87508392333984,367.8029479980469,0.4921252131462097,1822.25439453125,313.71240234375,0.6954928040504456
985,79.56484985351562,384.0198974609375,0.4881267845630646,1822.2772216796875,297.74639892578125,0.6912654638290405
986,78.83389282226562,396.3791198730469,0.4936642646789551,1822.99951171875,283.5529479980469,0.6669976711273193
987,80.79918670654297,406.8289489746094,0.6268630623817444,1821.7393798828125,275.2027282714844,0.6363169550895691
988,81.75894927978516,415.8926696777344,0.5759810209274292,1819.903564453125,264.6395263671875,0.6616665720939636
989,83.3145980834961,421.93890380859375,0.6948646903038025,1819.7471923828125,258.2919921875,0.6388183832168579
990,83.97712707519531,427.0419006347656,0.5706024765968323,1817.6573486328125,250.71705627441406,0.6528391242027283
991,84.01882934570312,434.04681396484375,0.6766656637191772,1818.89697265625,246.4637908935547,0.693272590637207
992,84.92574310302734,436.4546813964844,0.6975920796394348,1818.3876953125,242.91098022460938,0.6625070571899414
993,84.73017883300781,437.0849914550781,0.7079473733901978,1818.2100830078125,241.66671752929688,0.6397122740745544
994,85.0003662109375,436.8875732421875,0.707404613494873,1818.4102783203125,242.0040283203125,0.6440278887748718
995,84.75543212890625,435.0282287597656,0.7055642604827881,1818.8046875,244.56797790527344,0.6920815110206604
996,84.63175964355469,429.553466796875,0.5792556405067444,1818.1190185546875,249.94004821777344,0.6707354784011841
997,83.4474105834961,418.83203125,0.7026036381721497,1820.4287109375,261.9089660644531,0.6822971105575562
998,82.17499542236328,403.2646179199219,0.618803858757019,1821.324462890625,278.75787353515625,0.6703391671180725
999,80.92713165283203,383.35870361328125,0.5137388110160828,1821.6318359375,298.3816833496094,0.6714022755622864
1000,78.39867401123047,358.67041015625,0.5510958433151245,1821.947265625,321.6597595214844,0.680469274520874
1001,76.37071990966797,340.5738220214844,0.5269368886947632,1822.54150390625,340.5067443847656,0.6941106915473938
1002,75.33879089355469,325.11138916015625,0.5733234286308289,1822.2823486328125,354.1726989746094,0.6798593997955322
1003,76.24400329589844,314.7128601074219,0.48186418414115906,1822.7437744140625,362.73858642578125,0.6406666040420532
1004,74.88270568847656,305.1986999511719,0.5101170539855957,1821.740234375,372.02642822265625,0.6880081295967102
1005,76.5107421875,297.48822021484375,0.49665042757987976,1819.0531005859375,377.4093933105469,0.6483697295188904
1006,74.31623840332031,288.4517822265625,0.5268436074256897,1820.263427734375,388.70550537109375,0.6639447212219238
1007,74.16161346435547,279.2449035644531,0.5299786925315857,1818.0267333984375,393.84027099609375,0.6461964249610901
1008,73.51732635498047,272.1965637207031,0.48477989435195923,1819.2373046875,403.3062438964844,0.6584643721580505
1009,74.5487289428711,267.74322509765625,0.4741189479827881,1818.6121826171875,407.2373962402344,0.7397068738937378
1010,74.72245025634766,264.9398193359375,0.509709894657135,1817.220947265625,409.2913513183594,0.7232169508934021
1011,74.59260559082031,266.33245849609375,0.5044931769371033,1817.3297119140625,408.82672119140625,0.7276884913444519
1012,76.82627868652344,267.491943359375,0.4403780400753021,1818.242431640625,405.755859375,0.7229769229888916
1013,74.76110076904297,274.4113464355469,0.5111324787139893,1819.0479736328125,402.6357116699219,0.6719075441360474
1014,78.67533111572266,285.851806640625,0.43914416432380676,1820.480224609375,390.14410400390625,0.7052579522132874
1015,76.96283721923828,298.7013244628906,0.45746973156929016,1820.026123046875,376.2817687988281,0.7053875923156738
1016,76.16094970703125,316.2447814941406,0.43748024106025696,1821.7735595703125,361.1379699707031,0.697218656539917
1017,73.93309020996094,336.9577941894531,0.5303521752357483,1821.94287109375,342.1700744628906,0.6904862523078918
1018,76.25558471679688,357.7049560546875,0.5347546935081482,1822.8851318359375,323.91204833984375,0.6888628005981445
1019,77.51258087158203,378.425048828125,0.5176438689231873,1821.88916015625,304.0933837890625,0.62409907579422
1020,80.30888366699219,393.1147766113281,0.5298266410827637,1821.6910400390625,288.0086669921875,0.604528546333313
1021,81.36953735351562,405.7989196777344,0.6475985050201416,1821.3831787109375,276.47509765625,0.6680275201797485
1022,81.92683410644531,414.72979736328125,0.5626887679100037,1818.878662109375,265.2238464355469,0.6700423359870911
1023,83.37889862060547,421.82733154296875,0.6958720088005066,1820.170654296875,259.0038146972656,0.6417439579963684
1024,83.89448547363281,425.9078674316406,0.5922650098800659,1817.306640625,251.75497436523438,0.6350681781768799
1025,83.73413848876953,433.3865966796875,0.6525543928146362,1818.76416015625,247.44029235839844,0.6928847432136536
1026,84.9610366821289,435.9329833984375,0.7035784125328064,1818.48828125,243.59983825683594,0.6700360774993896
1027,85.02579498291016,437.0329895019531,0.7089279890060425,1817.9063720703125,241.7744903564453,0.6448308229446411
1028,85.11847686767578,436.94281005859375,0.7112427949905396,1818.3446044921875,242.3411102294922,0.6442375183105469
1029,84.4595718383789,435.4261779785156,0.7092620730400085,1818.526123046875,244.8682861328125,0.6988151669502258
1030,84.7535629272461,429.2222900390625,0.5728054642677307,1818.0478515625,250.249267578125,0.6640804409980774
1031,82.83209991455078,418.0843811035156,0.6614847779273987,1820.234130859375,262.7633056640625,0.6902931332588196
1032,81.50685119628906,400.8981018066406,0.539291262626648,1820.9110107421875,281.4557189941406,0.6738967895507812
1033,77.28764343261719,379.2242431640625,0.5173572897911072,1820.3282470703125,303.2567138671875,0.5828865170478821
1034,75.07801818847656,353.3392639160156,0.5313586592674255,1821.7357177734375,326.238525390625,0.7160636186599731
1035,74.18586730957031,333.1470642089844,0.49526166915893555,1821.599853515625,345.2924499511719,0.6686899065971375
1036,74.08818054199219,318.7069396972656,0.5381796360015869,1822.4422607421875,358.13165283203125,0.7144913673400879
1037,74.94720458984375,309.1457214355469,0.5192590355873108,1821.8856201171875,369.1860046386719,0.6654702425003052
1038,74.06103515625,301.5803527832031,0.4411478340625763,1821.244140625,374.86578369140625,0.7060483694076538
1039,75.0724868774414,293.17852783203125,0.5396961569786072,1820.47802734375,385.8447570800781,0.6723096370697021
1040,75.33739471435547,284.0972595214844,0.444426953792572,1819.9019775390625,391.15631103515625,0.7366251945495605
1041,74.38090515136719,275.2901916503906,0.5358293056488037,1819.296142578125,401.604736328125,0.667619526386261
1042,76.82740020751953,267.9659118652344,0.4533326327800751,1819.2696533203125,405.13330078125,0.7081955075263977
1043,74.6347885131836,266.5906677246094,0.5098850727081299,1817.5413818359375,408.41705322265625,0.7274246215820312
1044,74.49964904785156,266.0917053222656,0.5352535247802734,1817.44189453125,408.62261962890625,0.7303149104118347
1045,74.45769500732422,268.1911315917969,0.4833715558052063,1818.65185546875,406.2628173828125,0.7257016897201538
1046,73.983642578125,273.0415344238281,0.5034680962562561,1819.001953125,401.994140625,0.6619449853897095
1047,76.98588562011719,282.3906555175781,0.4579029977321625,1819.7757568359375,391.3210144042969,0.7298232913017273
1048,76.44654846191406,297.257568359375,0.48580202460289,1819.8035888671875,377.4443664550781,0.6597169041633606
1049,76.35413360595703,315.1469421386719,0.4621044099330902,1821.465087890625,361.82403564453125,0.6591793894767761
1050,77.72039031982422,338.6121826171875,0.5263885855674744,1821.958984375,342.2715148925781,0.7078566551208496
1051,78.79058837890625,358.8710632324219,0.5536603927612305,1822.0203857421875,322.3786926269531,0.68077152967453
1052,78.13140869140625,381.14453125,0.49539709091186523,1822.5850830078125,299.9951171875,0.6380028128623962
1053,79.32782745361328,396.8826904296875,0.49559515714645386,1822.8275146484375,283.59234619140625,0.6333249807357788
1054,82.17160034179688,408.164794921875,0.6093457341194153,1821.60888671875,273.7904357910156,0.6074318885803223
1055,81.99954223632812,418.1377868652344,0.6474056839942932,1820.1680908203125,263.0740966796875,0.670414388179779
1056,83.60543823242188,422.8775939941406,0.6873634457588196,1820.0631103515625,256.5980529785156,0.6142553091049194
1057,83.59452056884766,430.20343017578125,0.5972748398780823,1818.0716552734375,249.8286895751953,0.6791238784790039
1058,84.62123107910156,434.93304443359375,0.6995178461074829,1819.0225830078125,245.89764404296875,0.6915682554244995
1059,85.10537719726562,436.9383850097656,0.7034919261932373,1818.0528564453125,243.1030731201172,0.662986159324646
1060,84.9751968383789,437.21044921875,0.7073178291320801,1818.3529052734375,242.255126953125,0.6537973880767822
1061,84.80126190185547,436.40692138671875,0.7027439475059509,1818.415283203125,243.59445190429688,0.6783977746963501
1062,83.90629577636719,432.81451416015625,0.650957465171814,1818.6201171875,247.77516174316406,0.6953299641609192
1063,83.40740203857422,422.4118347167969,0.6738215684890747,1819.428466796875,257.5192565917969,0.6321523785591125
1064,82.05989837646484,407.2197570800781,0.6060594320297241,1820.2398681640625,273.1845703125,0.6309605240821838
1065,80.07415771484375,387.6603698730469,0.5543285012245178,1821.122314453125,294.3917541503906,0.689048171043396
1066,76.68395233154297,360.90692138671875,0.5469236373901367,1820.542724609375,319.62255859375,0.5979370474815369
1067,74.68805694580078,339.2428894042969,0.5328733921051025,1821.4017333984375,340.8349609375,0.6863867044448853
1068,74.15605926513672,320.8349304199219,0.5571707487106323,1821.906982421875,357.5533447265625,0.7005749344825745
1069,75.25885009765625,309.15234375,0.5162174701690674,1821.60986328125,369.73358154296875,0.6858314871788025
1070,76.36971282958984,299.06829833984375,0.4590572118759155,1820.70361328125,376.14251708984375,0.7055140137672424
1071,74.68643951416016,292.73492431640625,0.5313792824745178,1820.666259765625,386.3496398925781,0.6789934635162354
1072,76.81768035888672,282.74310302734375,0.44766494631767273,1819.606201171875,391.4055480957031,0.7407073378562927
1073,74.59871673583984,275.9444274902344,0.5187994241714478,1818.9703369140625,401.48992919921875,0.6739040017127991
1074,76.30774688720703,268.1221618652344,0.4377659559249878,1818.38720703125,405.080322265625,0.7143769860267639
1075,74.81843566894531,267.1851501464844,0.4993444085121155,1817.2359619140625,408.850341796875,0.7352482080459595
1076,74.65007019042969,266.92694091796875,0.5096319913864136,1817.1346435546875,409.0768737792969,0.7356794476509094
1077,77.04215240478516,267.6024169921875,0.4493723213672638,1818.1883544921875,406.32501220703125,0.7365108132362366
1078,78.83845520019531,275.9898376464844,0.5236836671829224,1818.81201171875,401.3655090332031,0.6599395275115967
1079,78.68279266357422,286.25762939453125,0.46091678738594055,1820.135986328125,389.7306823730469,0.7134544849395752
1080,79.17156219482422,301.7621765136719,0.45268240571022034,1820.0347900390625,374.758056640625,0.7012140154838562
1081,77.27202606201172,322.7029724121094,0.5422915816307068,1821.38818359375,357.5885314941406,0.7021709680557251
1082,76.24473571777344,344.2554016113281,0.5477983951568604,1820.9718017578125,335.666015625,0.6342177987098694
1083,79.98423767089844,369.8435363769531,0.5650243759155273,1821.4583740234375,313.2413635253906,0.6915483474731445
1084,80.11309814453125,388.97869873046875,0.5708264112472534,1821.326416015625,293.2866516113281,0.6938255429267883
1085,81.84553527832031,405.0609130859375,0.6375823616981506,1821.247314453125,277.24725341796875,0.6610010266304016
1086,81.7313003540039,415.6497497558594,0.5693042874336243,1818.8472900390625,264.89544677734375,0.6748957633972168
1087,83.18960571289062,422.0484313964844,0.6971630454063416,1820.2938232421875,258.4690856933594,0.6361095309257507
1088,83.39436340332031,426.2881164550781,0.5841985940933228,1817.5498046875,251.7859649658203,0.6340816617012024
1089,83.53477478027344,433.2034606933594,0.656814455986023,1818.4737548828125,248.2462615966797,0.6986020803451538
1090,84.606201171875,435.9898681640625,0.7042742967605591,1818.5780029296875,244.39723205566406,0.6832823753356934
1091,84.60409545898438,436.8671569824219,0.7005221843719482,1818.1351318359375,243.0947723388672,0.6627851128578186
1092,84.68034362792969,436.1252746582031,0.7081252932548523,1818.2998046875,243.55636596679688,0.6754879951477051
1093,83.83021545410156,434.0245361328125,0.6755120158195496,1818.538818359375,246.9662322998047,0.7024711966514587
1094,84.31497192382812,423.6825866699219,0.6612743139266968,1818.334716796875,252.66908264160156,0.5911512970924377
1095,84.13136291503906,411.9671630859375,0.5235950350761414,1818.193115234375,265.8357849121094,0.653031051158905
1096,79.71633911132812,390.2525329589844,0.5707506537437439,1820.908447265625,290.8203430175781,0.6798045039176941
1097,80.80513000488281,366.2598876953125,0.5049446821212769,1819.0186767578125,313.2796325683594,0.6602662205696106
1098,76.6845932006836,339.9241638183594,0.5318284034729004,1821.7032470703125,340.5787048339844,0.6854376792907715
1099,74.00054168701172,318.7593078613281,0.5209835171699524,1821.2470703125,358.93389892578125,0.698546826839447
1100,77.22657775878906,307.2330322265625,0.506513774394989,1821.6048583984375,372.1725769042969,0.6816944479942322
1101,74.9765625,297.3732604980469,0.5137430429458618,1819.442138671875,377.99639892578125,0.6384162902832031
1102,74.5438461303711,289.46795654296875,0.5332639217376709,1819.729248046875,388.3456115722656,0.6615596413612366
1103,74.72277069091797,281.96990966796875,0.5080276727676392,1818.294921875,392.482177734375,0.7263831496238708
1104,74.6453628540039,274.80157470703125,0.5200095176696777,1819.0977783203125,402.7438659667969,0.6637181043624878
1105,76.98309326171875,268.07708740234375,0.4525119662284851,1818.640380859375,405.3141784667969,0.722631573677063
1106,74.99574279785156,266.6582946777344,0.5103351473808289,1817.26904296875,408.55328369140625,0.7447842359542847
1107,75.11893463134766,266.7108459472656,0.5075912475585938,1817.471435546875,408.2108459472656,0.7450056076049805
1108,76.82327270507812,268.47509765625,0.4342363178730011,1819.4320068359375,404.4234313964844,0.6926868557929993
1109,74.79429626464844,277.2489318847656,0.5410768389701843,1819.243408203125,399.3642578125,0.6428682804107666
1110,74.94717407226562,292.6307678222656,0.5397762060165405,1820.0128173828125,387.3912353515625,0.6891855001449585
1111,77.51292419433594,309.674072265625,0.5372667908668518,1820.8609619140625,368.89154052734375,0.669681191444397
1112,75.76830291748047,331.43731689453125,0.4814568758010864,1821.353759765625,346.06402587890625,0.6650304794311523
1113,77.76744079589844,357.7228698730469,0.544975221157074,1822.0784912109375,323.7809143066406,0.6955607533454895
1114,80.87531280517578,383.3860168457031,0.5133691430091858,1821.712890625,298.22442626953125,0.670789361000061
1115,81.62885284423828,402.4684143066406,0.582953155040741,1821.155029296875,280.8587646484375,0.6759516000747681
1116,82.26611328125,415.11859130859375,0.5837084650993347,1819.3228759765625,265.0289611816406,0.6629318594932556
1117,83.39847564697266,422.24884033203125,0.7031810879707336,1820.8218994140625,259.89971923828125,0.6320722103118896
1118,83.49207305908203,426.2602844238281,0.6110072135925293,1817.6229248046875,251.22695922851562,0.6385833621025085
1119,83.29998779296875,433.0597839355469,0.6491914391517639,1818.422607421875,248.68601989746094,0.6966759562492371
1120,84.65737915039062,435.7348327636719,0.7281833291053772,1818.9453125,244.8416290283203,0.6804838180541992
1121,84.85773468017578,436.09503173828125,0.7129555344581604,1818.4337158203125,244.07513427734375,0.6760039329528809
1122,84.88792419433594,436.0165100097656,0.7123028635978699,1818.7532958984375,244.15884399414062,0.6787821054458618
1123,84.00150299072266,433.85418701171875,0.6676906943321228,1818.8597412109375,246.6244354248047,0.6878983378410339
1124,84.47088623046875,424.55731201171875,0.6337137818336487,1818.45654296875,251.95352172851562,0.5821682810783386
1125,83.92093658447266,412.5453186035156,0.5572776794433594,1818.400634765625,265.7942199707031,0.6553158760070801
1126,79.45465850830078,390.342041015625,0.556578516960144,1820.980224609375,290.6497497558594,0.6764721274375916
1127,77.22195434570312,362.1622314453125,0.5265408754348755,1819.5357666015625,313.75677490234375,0.6214267015457153
1128,77.60133361816406,338.00958251953125,0.5234506130218506,1819.98046875,341.2660827636719,0.6968127489089966
1129,76.60242462158203,315.4935302734375,0.4526108503341675,1821.6689453125,361.66119384765625,0.6686580181121826
1130,74.15628814697266,301.87847900390625,0.47478753328323364,1820.7578125,373.84832763671875,0.7094663977622986
1131,75.26313018798828,292.91259765625,0.5248026251792908,1820.4798583984375,385.28558349609375,0.6843994855880737
1132,76.55294036865234,284.4297790527344,0.43746957182884216,1820.5107421875,389.8154296875,0.7158032655715942
1133,74.8363037109375,278.009521484375,0.5364528894424438,1817.42236328125,394.6726989746094,0.6260083913803101
1134,73.49342346191406,272.2908020019531,0.48678088188171387,1819.51904296875,402.81787109375,0.6591497659683228
1135,76.98493194580078,267.6454162597656,0.43897905945777893,1818.42578125,406.31243896484375,0.7307732701301575
1136,74.64482116699219,267.25421142578125,0.505865752696991,1817.64208984375,408.2261047363281,0.7350119948387146
1137,74.56720733642578,268.1299133300781,0.4618072807788849,1818.22412109375,406.37701416015625,0.7322506904602051
1138,73.50482177734375,272.2672424316406,0.49140825867652893,1819.1822509765625,402.1294860839844,0.6669846773147583
1139,77.34920501708984,282.5679931640625,0.4504748284816742,1819.218994140625,391.1585693359375,0.7529160976409912
1140,77.30422973632812,299.309814453125,0.4495702087879181,1819.968017578125,376.489990234375,0.7071276307106018
1141,73.78785705566406,321.3503723144531,0.5406602621078491,1821.499267578125,357.0388488769531,0.6954625844955444
1142,76.37699127197266,346.8479919433594,0.4990955591201782,1821.8963623046875,331.279052734375,0.6565493941307068
1143,76.85218811035156,376.07666015625,0.5228707790374756,1821.1168212890625,307.3681945800781,0.6841487288475037
1144,82.32903289794922,397.433837890625,0.5046499371528625,1822.2080078125,283.37261962890625,0.6518256664276123
1145,83.33223724365234,413.9502868652344,0.5803041458129883,1818.9530029296875,264.88116455078125,0.6590515375137329
1146,83.55847930908203,422.09228515625,0.6870063543319702,1820.114990234375,257.475341796875,0.6346272826194763
1147,84.5264663696289,429.317626953125,0.5722422003746033,1817.50146484375,250.5420684814453,0.6680760979652405
1148,83.8158950805664,433.1934814453125,0.6527116894721985,1818.6292724609375,248.4070587158203,0.6816087961196899
1149,84.66157531738281,435.251953125,0.71083003282547,1818.7103271484375,245.05958557128906,0.6946069598197937
1150,85.1258316040039,435.7318115234375,0.7033584117889404,1818.4052734375,244.30072021484375,0.6786420941352844
1151,85.00450897216797,435.6654357910156,0.7065571546554565,1818.4659423828125,244.455078125,0.679697573184967
1152,84.13825988769531,433.701171875,0.6576984524726868,1818.6331787109375,247.01052856445312,0.6961666345596313
1153,84.40010070800781,424.6214294433594,0.6303488612174988,1817.671142578125,252.28607177734375,0.6069968938827515
1154,84.29072570800781,412.5152893066406,0.5447998642921448,1818.5450439453125,265.7693176269531,0.6681098937988281
1155,80.40789031982422,389.65252685546875,0.5627279877662659,1820.6376953125,292.07000732421875,0.68477463722229
1156,77.5700454711914,360.2295227050781,0.5337637066841125,1820.5245361328125,319.9020080566406,0.6477625966072083
1157,78.80906677246094,334.979736328125,0.481684148311615,1821.314697265625,346.0633544921875,0.6783288717269897
1158,76.36304473876953,312.36328125,0.5173237919807434,1820.597412109375,366.3938293457031,0.6388294100761414
1159,76.78185272216797,297.99993896484375,0.4833505153656006,1819.905029296875,376.9197692871094,0.6733471751213074
1160,75.02774810791016,288.7423400878906,0.520838737487793,1820.3358154296875,388.66119384765625,0.661886990070343
1161,75.21311950683594,282.5415954589844,0.48111408948898315,1818.4730224609375,392.453857421875,0.7111914753913879
1162,75.04695129394531,276.3576965332031,0.5208041071891785,1819.283935546875,401.2608642578125,0.6830601096153259
1163,73.6729507446289,271.4700012207031,0.44863635301589966,1819.8988037109375,403.93792724609375,0.6701899170875549
1164,74.6855697631836,268.61749267578125,0.4478488266468048,1818.478759765625,406.6144104003906,0.7399464249610901
1165,74.49527740478516,268.093017578125,0.4687786102294922,1818.103271484375,406.9866638183594,0.7424100041389465
1166,76.54103088378906,268.5578918457031,0.42425134778022766,1819.1005859375,404.34844970703125,0.6910823583602905
1167,78.32327270507812,277.7754821777344,0.5386512875556946,1819.4808349609375,399.98675537109375,0.6454995274543762
1168,77.98763275146484,291.9801330566406,0.5444745421409607,1819.9581298828125,387.3979187011719,0.6923441886901855
1169,77.72404479980469,310.0999450683594,0.5335830450057983,1820.56298828125,367.5499572753906,0.6652355194091797
1170,77.83281707763672,337.9356384277344,0.5593475699424744,1821.5291748046875,343.86993408203125,0.6831045150756836
1171,76.7827377319336,363.0572814941406,0.5095721483230591,1819.4276123046875,313.6085205078125,0.6410779356956482
1172,79.50621795654297,390.3128662109375,0.5568463802337646,1820.802001953125,291.6045837402344,0.6822797656059265
1173,82.7406997680664,409.29595947265625,0.5628736019134521,1819.407470703125,266.6306457519531,0.602267324924469
1174,83.53670501708984,421.9781188964844,0.698954164981842,1820.2569580078125,258.5513610839844,0.6442757844924927
1175,83.64264678955078,429.85174560546875,0.5920488834381104,1817.800537109375,250.12620544433594,0.6672694683074951
1176,84.14198303222656,433.58001708984375,0.6697304844856262,1818.8072509765625,247.58448791503906,0.6952732801437378
1177,84.74699401855469,435.7931213378906,0.7154425978660583,1819.119140625,245.072265625,0.6946504712104797
1178,84.6600341796875,435.9571838378906,0.7104595303535461,1818.7254638671875,244.07144165039062,0.6803401112556458
1179,84.91706848144531,435.9941711425781,0.7047770023345947,1818.71240234375,244.23944091796875,0.6834591031074524
1180,84.19416809082031,433.743408203125,0.6819720268249512,1819.312744140625,246.72265625,0.6853312253952026
1181,84.06401824951172,425.1143493652344,0.6094585061073303,1817.49072265625,252.5021209716797,0.6226664185523987
1182,84.09292602539062,412.99859619140625,0.5446630120277405,1819.0299072265625,265.3475646972656,0.6488336324691772
1183,80.71928405761719,389.69769287109375,0.5742769241333008,1820.49365234375,291.6221618652344,0.6796262860298157
1184,77.65672302246094,359.8727722167969,0.54389888048172,1821.3087158203125,320.6571960449219,0.6563968062400818
1185,76.3551254272461,331.79547119140625,0.4778633713722229,1821.04541015625,346.486328125,0.6601253151893616
1186,75.24362182617188,309.9071044921875,0.5269840359687805,1821.27294921875,368.15667724609375,0.6723658442497253
1187,75.23628997802734,295.90777587890625,0.5220221281051636,1820.087890625,382.2015380859375,0.6318409442901611
1188,74.28410339355469,286.9555969238281,0.4836803376674652,1820.926513671875,388.668701171875,0.6855570673942566
1189,74.48116302490234,279.6586608886719,0.5363500714302063,1817.7528076171875,393.4175109863281,0.6617878675460815
1190,74.23138427734375,274.5557861328125,0.5132189393043518,1819.1129150390625,402.9183654785156,0.6464918851852417
1191,76.55769348144531,268.55938720703125,0.42306721210479736,1819.11962890625,404.82305908203125,0.6928587555885315
1192,74.73925018310547,267.968994140625,0.4621928632259369,1818.7060546875,406.9322814941406,0.73575359582901
1193,77.17603302001953,267.736083984375,0.4425724446773529,1818.729248046875,406.39031982421875,0.7298924326896667
1194,73.6881332397461,271.83447265625,0.48798665404319763,1819.479736328125,402.98675537109375,0.6647478938102722
1195,77.15870666503906,281.37176513671875,0.4724487364292145,1818.8670654296875,392.17138671875,0.7331989407539368
1196,76.49388885498047,297.805419921875,0.4598703384399414,1819.84130859375,376.8514709472656,0.6766429543495178
1197,77.08445739746094,321.94482421875,0.5328890085220337,1820.3548583984375,356.3287048339844,0.6795138716697693
1198,76.26447296142578,347.90777587890625,0.490056574344635,1821.22412109375,330.469970703125,0.6814327836036682
1199,78.0940933227539,379.7705993652344,0.49762266874313354,1820.49609375,303.65167236328125,0.6166476607322693
1200,82.60301208496094,403.9890441894531,0.6171283721923828,1821.138916015625,279.1091003417969,0.6753332018852234
1201,83.58477020263672,420.5344543457031,0.6907405853271484,1820.03271484375,261.1839599609375,0.6851570010185242
1202,84.47321319580078,429.4154052734375,0.5792713761329651,1817.5653076171875,250.85183715820312,0.6636812686920166
1203,84.1429443359375,433.7364501953125,0.6611549854278564,1818.767578125,247.2069091796875,0.6934385895729065
1204,84.92587280273438,435.61456298828125,0.7199134826660156,1818.682861328125,244.48001098632812,0.6862826347351074
1205,84.95162963867188,436.0247802734375,0.7116002440452576,1818.4022216796875,243.95068359375,0.6737971901893616
1206,84.96186065673828,435.96453857421875,0.7126824855804443,1818.4464111328125,243.98451232910156,0.6744821071624756
1207,84.76692199707031,435.12872314453125,0.7053586840629578,1818.893310546875,245.21112060546875,0.6894019246101379
1208,84.4958724975586,429.0154113769531,0.5670313835144043,1817.9569091796875,250.31640625,0.6615931391716003
1209,83.36920166015625,417.33868408203125,0.6438345313072205,1820.2464599609375,263.3042907714844,0.6744171380996704
1210,79.2046890258789,395.2374267578125,0.479803204536438,1818.5628662109375,282.25848388671875,0.623595118522644
1211,80.66925048828125,367.7127990722656,0.5406844019889832,1821.0140380859375,314.47760009765625,0.6705377697944641
1212,78.3908920288086,337.0517272949219,0.5242785811424255,1820.5489501953125,343.9963073730469,0.7015599608421326
1213,76.0342788696289,311.8170166015625,0.5165529251098633,1821.0081787109375,367.2257995605469,0.6475293040275574
1214,75.15189361572266,295.8778381347656,0.53505539894104,1820.340576171875,382.5781555175781,0.6517068147659302
1215,74.0869140625,286.7173767089844,0.46157604455947876,1820.2857666015625,389.7655029296875,0.7115061283111572
1216,74.94828033447266,278.4866027832031,0.5403314828872681,1817.2528076171875,394.8169860839844,0.6199373602867126
1217,74.02313232421875,273.58282470703125,0.502662181854248,1818.9688720703125,401.75726318359375,0.6478631496429443
1218,76.70807647705078,268.3205261230469,0.42444196343421936,1819.1773681640625,405.0380554199219,0.7038751244544983
1219,74.73956298828125,267.89581298828125,0.46810775995254517,1818.18359375,406.7024841308594,0.736546516418457
1220,76.76038360595703,267.8094482421875,0.43746092915534973,1818.292236328125,406.053955078125,0.7206960320472717
1221,74.31078338623047,272.9368896484375,0.49448299407958984,1818.7860107421875,401.9185791015625,0.6685948371887207
1222,77.32395935058594,283.0168151855469,0.4431331753730774,1819.8636474609375,390.6863708496094,0.7331322431564331
1223,78.63239288330078,302.60662841796875,0.4877910614013672,1819.4571533203125,373.9931335449219,0.7192888259887695
1224,75.34495544433594,327.3501281738281,0.559325635433197,1821.118896484375,353.1505126953125,0.67164546251297
1225,77.3275146484375,356.50677490234375,0.5541282296180725,1821.0279541015625,324.8802490234375,0.7099771499633789
1226,79.83032989501953,387.3530578613281,0.5625211000442505,1820.7615966796875,295.0845031738281,0.7060373425483704
1227,82.76531982421875,409.1086120605469,0.5776600241661072,1818.6695556640625,267.16827392578125,0.6010761857032776
1228,84.05261993408203,423.39593505859375,0.659712016582489,1820.0936279296875,258.49810791015625,0.6081258654594421
1229,83.6578140258789,433.1695556640625,0.6520636677742004,1818.511962890625,247.65501403808594,0.703521192073822
1230,84.83462524414062,436.03057861328125,0.6998528242111206,1818.6295166015625,244.28990173339844,0.6818545460700989
1231,85.05886840820312,436.3203125,0.7075930833816528,1818.439453125,243.18743896484375,0.6636763215065002
1232,85.06010437011719,436.33001708984375,0.7076194286346436,1818.510009765625,243.2157745361328,0.6632817387580872
1233,85.0466079711914,435.9540100097656,0.7075808048248291,1818.3448486328125,243.68006896972656,0.6801117062568665
1234,84.05717468261719,433.41973876953125,0.6438194513320923,1818.978271484375,247.70703125,0.6953200101852417
1235,83.67597198486328,422.15283203125,0.674759030342102,1819.46484375,257.6594543457031,0.6333423852920532
1236,81.28409576416016,405.1206970214844,0.6159122586250305,1820.8780517578125,276.6680603027344,0.671424388885498
1237,77.57872772216797,379.556396484375,0.4928644299507141,1820.6171875,303.34161376953125,0.6031841039657593
1238,76.38548278808594,345.5084533691406,0.5378338098526001,1820.5504150390625,335.12921142578125,0.6046867370605469
1239,78.87413024902344,318.371826171875,0.4950488209724426,1820.44482421875,359.6080017089844,0.6898447275161743
1240,76.42223358154297,298.2617492675781,0.46799275279045105,1819.7523193359375,376.8463134765625,0.6871544718742371
1241,74.01707458496094,286.5704345703125,0.4721902310848236,1820.2076416015625,388.74786376953125,0.7089260816574097
1242,74.41754150390625,277.95843505859375,0.5200381278991699,1817.043701171875,394.71142578125,0.6148539185523987
1243,73.68082427978516,272.8860168457031,0.5047558546066284,1819.200439453125,401.982666015625,0.6581118702888489
1244,76.46810913085938,267.7933044433594,0.44590139389038086,1819.374267578125,405.197021484375,0.6973624229431152
1245,74.83041381835938,267.15771484375,0.48299869894981384,1818.5360107421875,407.0855407714844,0.7319858074188232
1246,75.09736633300781,267.6889953613281,0.4627094566822052,1818.3739013671875,406.66802978515625,0.7287530899047852
1247,73.47770690917969,271.8529052734375,0.4954363703727722,1819.0128173828125,402.93316650390625,0.6618174910545349
1248,76.9756088256836,282.1764221191406,0.45087605714797974,1819.4637451171875,392.0735168457031,0.7327207922935486
1249,76.92350006103516,299.4840393066406,0.4408218562602997,1819.0853271484375,375.2085876464844,0.7088589668273926
1250,75.17094421386719,325.7461853027344,0.5852078199386597,1820.6656494140625,354.55364990234375,0.6928650736808777
1251,77.19721221923828,356.25592041015625,0.5641104578971863,1820.843505859375,324.9393310546875,0.7066700458526611
1252,80.35015106201172,387.8519287109375,0.5696459412574768,1820.923828125,293.83111572265625,0.725904107093811
1253,83.84419250488281,413.0613708496094,0.5538730025291443,1818.494140625,265.99639892578125,0.656253457069397
1254,84.18858337402344,425.39031982421875,0.5898744463920593,1818.017822265625,251.38714599609375,0.6298124194145203
1255,85.03195190429688,434.8846740722656,0.6999722719192505,1818.70361328125,245.07505798339844,0.6945100426673889
1256,85.24340057373047,436.9496154785156,0.706423819065094,1818.5687255859375,242.328125,0.6460868120193481
1257,85.07957458496094,437.4013671875,0.7064213156700134,1817.87255859375,241.65011596679688,0.6396617293357849
1258,85.04708099365234,437.32861328125,0.7044473886489868,1817.9114990234375,241.67115783691406,0.6411535143852234
1259,85.02593994140625,436.3035583496094,0.6974643468856812,1818.6484375,243.4140625,0.6697897911071777
1260,83.47183990478516,431.7524719238281,0.6224479079246521,1818.817626953125,248.92970275878906,0.6948122978210449
1261,83.81433868408203,419.2210998535156,0.6656476259231567,1819.81787109375,261.2974548339844,0.6869549751281738
1262,82.46398162841797,397.66729736328125,0.5155405402183533,1822.010986328125,282.79754638671875,0.6723556518554688
1263,81.02922058105469,369.4441833496094,0.5882269144058228,1821.3203125,313.4002380371094,0.6857523322105408
1264,78.39055633544922,337.0267333984375,0.547447681427002,1820.856689453125,344.52386474609375,0.6885181069374084
1265,77.42778015136719,309.2698059082031,0.5218705534934998,1821.0550537109375,369.93719482421875,0.6891409754753113
1266,77.87290954589844,292.6180725097656,0.5441076755523682,1819.4228515625,387.0194091796875,0.6854598522186279
1267,74.8531494140625,282.05078125,0.49413934350013733,1818.6590576171875,392.755615234375,0.7087951898574829
1268,74.41877746582031,274.5643005371094,0.49617230892181396,1819.68017578125,402.3337707519531,0.660629391670227
1269,74.31462097167969,270.8677062988281,0.42189696431159973,1819.460205078125,404.2061767578125,0.6896663308143616
1270,75.03333282470703,268.0765075683594,0.4577912986278534,1818.5538330078125,406.4585876464844,0.729028582572937
1271,74.87169647216797,267.4312438964844,0.4785110652446747,1818.76171875,406.4193420410156,0.7319270372390747
1272,76.43085479736328,268.5654296875,0.43608078360557556,1819.60693359375,404.3345947265625,0.6903578639030457
1273,74.34843444824219,277.4870910644531,0.5221625566482544,1819.4378662109375,399.1961364746094,0.6386153697967529
1274,77.37818145751953,292.76959228515625,0.5349719524383545,1820.1427001953125,385.6211242675781,0.6972423791885376
1275,76.26058959960938,314.29510498046875,0.4762704074382782,1821.09716796875,362.2026062011719,0.6635364294052124
1276,76.88829803466797,344.71649169921875,0.5407262444496155,1820.6590576171875,335.7111511230469,0.6459517478942871
1277,78.18307495117188,379.5400390625,0.4736655354499817,1820.7357177734375,304.0184326171875,0.6372464299201965
1278,81.65463256835938,405.77032470703125,0.6216835975646973,1819.4315185546875,274.5930480957031,0.6610857844352722
1279,84.67705535888672,424.1481018066406,0.6484341025352478,1818.4892578125,255.98619079589844,0.6204068660736084
1280,85.29792785644531,435.0157165527344,0.7067072987556458,1818.85546875,245.3669891357422,0.7035724520683289
1281,85.7293930053711,437.2596435546875,0.7146985530853271,1818.1224365234375,240.57916259765625,0.6254928112030029
1282,85.72077941894531,437.88885498046875,0.7175343632698059,1817.8551025390625,239.81138610839844,0.6263501644134521
1283,85.59300231933594,437.850830078125,0.7153976559638977,1817.8812255859375,239.77688598632812,0.6251909136772156
1284,85.50527954101562,436.8957214355469,0.7052280902862549,1818.361083984375,241.88327026367188,0.6510125994682312
1285,83.9114990234375,432.77252197265625,0.6378463506698608,1818.84130859375,247.73355102539062,0.6955294609069824
1286,83.46314239501953,421.1714172363281,0.6856762766838074,1819.8399658203125,259.68841552734375,0.662482738494873
1287,82.45902252197266,400.2767639160156,0.5453805327415466,1821.2513427734375,281.9563903808594,0.6815176606178284
1288,80.61819458007812,370.6730651855469,0.59200519323349,1821.5224609375,312.33203125,0.7178773880004883
1289,78.92170715332031,337.02301025390625,0.5427500605583191,1820.9581298828125,344.4081115722656,0.6911731362342834
1290,77.5670394897461,308.9490661621094,0.5291481018066406,1820.884521484375,370.9927978515625,0.6923791766166687
1291,75.02725219726562,290.3703918457031,0.5340121388435364,1820.3623046875,387.03955078125,0.6737509369850159
1292,74.53398132324219,278.8750305175781,0.5381389260292053,1817.908203125,394.35284423828125,0.6209533214569092
1293,73.63861846923828,273.1920166015625,0.4982098639011383,1819.2642822265625,402.5862121582031,0.6639660000801086
1294,76.90962219238281,268.427978515625,0.4342065751552582,1818.818359375,405.4171142578125,0.7194653749465942
1295,74.65180206298828,267.4106140136719,0.48546433448791504,1817.992431640625,407.6748962402344,0.7429748773574829
1296,76.99573516845703,267.5382995605469,0.4416307508945465,1818.17236328125,406.97314453125,0.7452103495597839
1297,73.61189270019531,271.52374267578125,0.48789483308792114,1818.5404052734375,403.6727294921875,0.6805711984634399
1298,74.10673522949219,281.2275390625,0.5155329704284668,1818.52783203125,393.186279296875,0.7016285061836243
1299,76.73736572265625,297.2674560546875,0.48738598823547363,1819.1649169921875,377.2325439453125,0.6755541563034058
1300,73.91960144042969,321.89453125,0.5715770721435547,1821.13916015625,356.84295654296875,0.7170233130455017
1301,78.16523742675781,355.65142822265625,0.5658068060874939,1821.127197265625,326.7958984375,0.7143076658248901
1302,80.23084259033203,387.9516906738281,0.5496513843536377,1820.458984375,294.4872131347656,0.7176899313926697
1303,83.34532928466797,415.6357727050781,0.5995376110076904,1819.3294677734375,265.5223388671875,0.6770370006561279
1304,84.26951599121094,431.83184814453125,0.61944180727005,1818.547119140625,249.18960571289062,0.6907355785369873
1305,85.27075958251953,437.5738525390625,0.7158814072608948,1817.733642578125,240.8953857421875,0.6463969945907593
1306,85.28211212158203,439.169677734375,0.6722716689109802,1817.6419677734375,238.6020965576172,0.598177433013916
1307,85.16461944580078,439.2198486328125,0.6731343269348145,1817.36474609375,238.8509063720703,0.6082817316055298
1308,85.24261474609375,438.3681945800781,0.7101523876190186,1817.994384765625,239.7751007080078,0.6295318603515625
1309,85.19959259033203,435.79534912109375,0.6986689567565918,1817.7471923828125,244.4658660888672,0.6833493113517761
1310,84.34544372558594,425.4483642578125,0.6071346402168274,1817.8184814453125,250.81298828125,0.6546488404273987
1311,82.0435562133789,408.7378234863281,0.5778341293334961,1818.820068359375,266.7532653808594,0.6026360392570496
1312,81.11299896240234,384.037841796875,0.5501849055290222,1821.3924560546875,298.17095947265625,0.6831141710281372
1313,76.18675231933594,347.1824035644531,0.4809340834617615,1820.805419921875,331.38433837890625,0.6554926037788391
1314,79.23574829101562,317.3230285644531,0.4745353162288666,1821.031005859375,361.8727111816406,0.6595597863197327
1315,75.97562408447266,295.2617492675781,0.5157328844070435,1820.428466796875,384.10284423828125,0.6760907769203186
1316,74.87010192871094,281.223388671875,0.5405431389808655,1818.3677978515625,393.24456787109375,0.6900103688240051
1317,73.84529876708984,273.1513977050781,0.4958280026912689,1818.9407958984375,402.2507629394531,0.6588127017021179
1318,76.85258483886719,267.6109313964844,0.44657614827156067,1818.685302734375,405.4339294433594,0.7085307240486145
1319,74.72673034667969,267.14935302734375,0.5124316811561584,1818.01220703125,407.59552001953125,0.735861599445343
1320,74.76370239257812,267.36932373046875,0.511037290096283,1818.1732177734375,407.3389892578125,0.7337691187858582
1321,76.51048278808594,268.6796875,0.433328777551651,1819.3564453125,404.60272216796875,0.6931610703468323
1322,74.6149673461914,277.61029052734375,0.5471449494361877,1819.415283203125,399.12628173828125,0.6414281725883484
1323,77.3853530883789,293.9150695800781,0.5238804817199707,1820.315185546875,384.0703125,0.6837360858917236
1324,78.65095520019531,318.97064208984375,0.48414772748947144,1820.5616455078125,360.802490234375,0.6823441386222839
1325,80.26934051513672,351.8313293457031,0.5213052034378052,1821.0081787109375,329.9401550292969,0.7052832245826721
1326,80.62764739990234,385.94970703125,0.5717836022377014,1821.240234375,297.34051513671875,0.6988223791122437
1327,83.38735961914062,414.3827819824219,0.5714294910430908,1818.841552734375,265.6274719238281,0.6708101630210876
1328,84.37239837646484,432.27752685546875,0.6432209610939026,1818.6102294921875,248.40159606933594,0.7082245349884033
1329,85.31501770019531,438.41448974609375,0.698625922203064,1817.474853515625,239.59567260742188,0.6294994950294495
1330,85.35211181640625,440.73065185546875,0.6502788066864014,1816.5921630859375,236.08084106445312,0.6541441082954407
1331,85.58015441894531,439.9632873535156,0.6625914573669434,1816.5577392578125,236.3260955810547,0.6337569952011108
1332,85.08226013183594,439.0595397949219,0.6974867582321167,1817.779296875,239.169921875,0.6242318153381348
1333,85.23627471923828,435.6274719238281,0.6917584538459778,1818.542236328125,244.22198486328125,0.6905785202980042
1334,84.06709289550781,424.1985778808594,0.6376298666000366,1818.1231689453125,252.39183044433594,0.6043404340744019
1335,81.35628509521484,406.7265625,0.6233352422714233,1819.5240478515625,275.2362060546875,0.6555164456367493
1336,77.57256317138672,379.6894836425781,0.49521252512931824,1821.054931640625,303.56170654296875,0.6091196537017822
1337,76.39871215820312,343.01336669921875,0.5490531921386719,1821.388671875,338.50506591796875,0.6938611268997192
1338,76.61383819580078,312.30889892578125,0.5050636529922485,1820.6357421875,367.2561950683594,0.6469957828521729
1339,77.6911849975586,291.3232727050781,0.5320640802383423,1819.84423828125,386.405517578125,0.6761814951896667
1340,74.93417358398438,277.5255432128906,0.5748283863067627,1819.187255859375,399.66314697265625,0.6566354036331177
1341,73.96337890625,271.54498291015625,0.4655534625053406,1819.224853515625,403.9887390136719,0.6882015466690063
1342,75.1230239868164,268.0149230957031,0.5008302927017212,1818.146240234375,407.0766906738281,0.7317003011703491
1343,74.86329650878906,266.9348449707031,0.5154179334640503,1817.2220458984375,408.3002624511719,0.7261412143707275
1344,75.04541778564453,268.27899169921875,0.49876633286476135,1817.986572265625,407.2704772949219,0.735590398311615
1345,73.59526824951172,271.86767578125,0.4809474050998688,1819.304443359375,403.3887939453125,0.6704102158546448
1346,76.9933853149414,282.5004577636719,0.45426079630851746,1819.2569580078125,392.2379150390625,0.728969931602478
1347,78.5867919921875,303.0877990722656,0.5002765655517578,1819.1217041015625,373.4294738769531,0.7188865542411804
1348,76.06239318847656,329.84735107421875,0.5151805877685547,1818.761474609375,346.1574401855469,0.6344794034957886
1349,81.35924530029297,366.7389831542969,0.5308725237846375,1818.3123779296875,314.51385498046875,0.6350760459899902
1350,81.91989135742188,401.178955078125,0.5652247071266174,1818.1727294921875,280.7920837402344,0.6900393962860107
1351,83.877685546875,423.7439880371094,0.6433262825012207,1819.030029296875,256.86529541015625,0.6364670991897583
1352,85.69750213623047,436.588623046875,0.6864301562309265,1818.5516357421875,242.77548217773438,0.66877281665802
1353,84.9207992553711,442.019775390625,0.6173160672187805,1816.88525390625,235.5467987060547,0.688908576965332
1354,84.72956848144531,442.5548095703125,0.600166380405426,1817.1976318359375,234.98568725585938,0.7069184184074402
1355,85.05960845947266,440.7249450683594,0.6565858721733093,1816.5106201171875,236.06381225585938,0.6514173746109009
1356,85.82466125488281,436.8505554199219,0.708058774471283,1818.254638671875,240.8281707763672,0.6409767866134644
1357,84.273193359375,431.1340026855469,0.6185798645019531,1818.54931640625,248.93055725097656,0.7037950754165649
1358,83.02864074707031,415.2976379394531,0.5819233655929565,1819.673583984375,264.50396728515625,0.6811057925224304
1359,80.26101684570312,388.0986328125,0.5735369324684143,1819.88330078125,293.3416442871094,0.6813982129096985
1360,78.39488983154297,355.1595458984375,0.581024169921875,1821.1842041015625,327.1786193847656,0.7224491238594055
1361,77.5374755859375,321.6667785644531,0.5593850612640381,1820.550537109375,359.0055847167969,0.7171105146408081
1362,76.21471405029297,295.8536682128906,0.4975034296512604,1820.369384765625,383.51983642578125,0.6479001641273499
1363,74.02272033691406,279.6188049316406,0.5292041301727295,1817.813232421875,394.239013671875,0.6716079711914062
1364,73.60285949707031,271.0924987792969,0.45451176166534424,1819.433349609375,403.7932434082031,0.6794902682304382
1365,74.62014770507812,267.340576171875,0.4903383255004883,1818.223388671875,407.5365295410156,0.7413022518157959
1366,74.26808166503906,266.1163330078125,0.5163469910621643,1816.9713134765625,409.1329040527344,0.7336817383766174
1367,74.51788330078125,266.93670654296875,0.5128313899040222,1817.564697265625,408.27044677734375,0.7312945127487183
1368,73.87154388427734,271.0429992675781,0.457013338804245,1819.5174560546875,404.16168212890625,0.68499755859375
1369,76.94505310058594,280.8414306640625,0.49281126260757446,1818.6153564453125,392.9939880371094,0.7131597399711609
1370,76.70455169677734,298.58721923828125,0.44519755244255066,1819.4979248046875,376.4272766113281,0.6897966861724854
1371,76.05887603759766,327.3994445800781,0.5383146405220032,1820.943359375,352.7663879394531,0.6807208061218262
1372,77.39812469482422,361.209716796875,0.5214825868606567,1820.6181640625,319.79248046875,0.6391828060150146
1373,82.36040496826172,399.9856872558594,0.5474886894226074,1818.1171875,281.73529052734375,0.669499397277832
1374,84.40768432617188,424.107666015625,0.632566511631012,1818.1632080078125,257.1177673339844,0.652398943901062
1375,85.25743103027344,437.23284912109375,0.7056504487991333,1817.814208984375,241.58737182617188,0.6717494130134583
1376,84.3092041015625,445.41998291015625,0.5831682085990906,1817.361083984375,234.42257690429688,0.7109082341194153
1377,84.54810333251953,445.8145446777344,0.5992332100868225,1817.6417236328125,234.1991729736328,0.71941739320755
1378,84.9288330078125,441.37457275390625,0.6290043592453003,1816.7972412109375,235.4765167236328,0.6674777269363403
1379,85.4350357055664,437.52587890625,0.7095997929573059,1818.1324462890625,240.98536682128906,0.6481419801712036
1380,84.82292175292969,429.47479248046875,0.5779474377632141,1818.236328125,250.20936584472656,0.6661326289176941
1381,84.46437072753906,411.9840087890625,0.5475649237632751,1818.70703125,266.44830322265625,0.6533864736557007
1382,81.02336883544922,384.8785095214844,0.5707778334617615,1821.5618896484375,297.887451171875,0.6836042404174805
1383,76.28063201904297,346.1410827636719,0.5146557092666626,1819.47509765625,329.7591552734375,0.6140915155410767
1384,76.22811126708984,313.8433532714844,0.46894049644470215,1820.31494140625,363.934814453125,0.6460499167442322
1385,78.02965545654297,291.6485290527344,0.5456634163856506,1820.01416015625,387.99261474609375,0.6896913647651672
1386,74.96627044677734,277.0109558105469,0.5477359294891357,1818.982666015625,400.9678039550781,0.6868931651115417
1387,77.04641723632812,267.9824523925781,0.4520426094532013,1818.638427734375,404.978515625,0.7223448157310486
1388,74.7979736328125,266.876953125,0.5240240097045898,1817.233642578125,408.8025207519531,0.7272659540176392
1389,74.30347442626953,266.0583801269531,0.5245100259780884,1817.0272216796875,409.52734375,0.721213161945343
1390,74.68583679199219,267.54339599609375,0.4980870485305786,1818.090576171875,407.0771179199219,0.730491042137146
1391,74.07434844970703,272.83294677734375,0.5054624676704407,1819.01904296875,402.25921630859375,0.6836308836936951
1392,78.11692810058594,287.1586608886719,0.5014787316322327,1819.6981201171875,388.95013427734375,0.7017836570739746
1393,77.8931884765625,309.18280029296875,0.543192446231842,1820.9697265625,370.3073425292969,0.6749237775802612
1394,77.10810852050781,340.6294250488281,0.5526103377342224,1821.6214599609375,340.20318603515625,0.7128631472587585
1395,82.4968490600586,381.4044494628906,0.48791447281837463,1821.0853271484375,304.4064025878906,0.6496486663818359
1396,83.62004852294922,412.93603515625,0.5453158617019653,1818.825927734375,266.5885009765625,0.6385267376899719
1397,84.9669418334961,434.0472412109375,0.6985607147216797,1818.80322265625,246.41839599609375,0.7079272270202637
1398,84.88887023925781,441.34796142578125,0.606229305267334,1816.7716064453125,234.99363708496094,0.6929442882537842
1399,84.71883392333984,446.9087829589844,0.6189639568328857,1818.0599365234375,233.4855499267578,0.7211969494819641
1400,84.80404663085938,446.2517395019531,0.5915749669075012,1818.1605224609375,233.963134765625,0.7110515236854553
1401,84.90361022949219,439.5468444824219,0.666079044342041,1817.0853271484375,236.550048828125,0.6341164112091064
1402,84.79424285888672,434.2714538574219,0.6789208054542542,1819.3475341796875,246.15322875976562,0.6960164308547974
1403,83.2794189453125,420.1164855957031,0.6699429750442505,1819.291259765625,260.2505798339844,0.6762529611587524
1404,78.58842468261719,394.42236328125,0.49418580532073975,1817.6956787109375,282.9573974609375,0.6191110014915466
1405,77.1697769165039,359.4005432128906,0.5564125776290894,1821.1265869140625,321.75543212890625,0.6819427013397217
1406,74.97289276123047,325.3417053222656,0.5758394598960876,1820.519287109375,355.6272888183594,0.6874256730079651
1407,76.60172271728516,297.1337585449219,0.47476696968078613,1818.828857421875,377.7713317871094,0.6718654036521912
1408,74.45525360107422,280.7767639160156,0.531810462474823,1818.1590576171875,393.87896728515625,0.6659491062164307
1409,73.69095611572266,271.182861328125,0.4593124985694885,1819.248291015625,404.1677551269531,0.6914353966712952
1410,74.81623840332031,267.19171142578125,0.5109888315200806,1817.4412841796875,408.47454833984375,0.7405038475990295
1411,74.93763732910156,264.6731872558594,0.5181483626365662,1817.067626953125,409.841796875,0.725159227848053
1412,74.85708618164062,267.2049560546875,0.5034900903701782,1817.2196044921875,408.452880859375,0.7379114627838135
1413,73.70152282714844,271.3276062011719,0.463969886302948,1819.33642578125,403.76422119140625,0.6856734156608582
1414,77.65695190429688,283.0442810058594,0.4581083357334137,1819.3292236328125,391.2447204589844,0.7249167561531067
1415,77.67487335205078,305.6518859863281,0.5208141207695007,1819.0157470703125,371.7797546386719,0.7022525072097778
1416,78.80014038085938,337.39892578125,0.5557669401168823,1820.8426513671875,344.5792236328125,0.7023831009864807
1417,79.434814453125,374.9068603515625,0.5345730781555176,1820.7950439453125,308.92230224609375,0.707554817199707
1418,82.18380737304688,408.9165954589844,0.5680138468742371,1820.216552734375,274.16107177734375,0.6531487107276917
1419,84.96393585205078,433.0491027832031,0.6697231531143188,1818.5469970703125,247.42709350585938,0.7098596096038818
1420,84.97859954833984,441.5086975097656,0.6264259219169617,1817.2193603515625,234.73680114746094,0.6976481676101685
1421,84.23876953125,447.68505859375,0.6520897746086121,1818.3216552734375,233.17921447753906,0.7214810252189636
1422,84.4703140258789,446.8749694824219,0.625907838344574,1817.9591064453125,233.40158081054688,0.7119073271751404
1423,85.36421966552734,439.96722412109375,0.6689983606338501,1816.234375,235.83718872070312,0.6639784574508667
1424,84.90658569335938,433.9570617675781,0.6848536133766174,1819.0970458984375,246.06619262695312,0.699845016002655
1425,83.5125503540039,418.823974609375,0.6728454232215881,1819.60693359375,261.2933349609375,0.688041090965271
1426,79.74971008300781,392.09295654296875,0.5316735506057739,1819.9166259765625,288.9131774902344,0.6679745316505432
1427,77.31229400634766,356.4218444824219,0.5663026571273804,1821.1348876953125,324.25341796875,0.7164948582649231
1428,76.74149322509766,323.1771240234375,0.5547330975532532,1820.7491455078125,357.46575927734375,0.7153903245925903
1429,75.9977035522461,295.37847900390625,0.5172168612480164,1819.9205322265625,383.822509765625,0.6726810336112976
1430,74.59286499023438,278.14227294921875,0.5402312874794006,1818.87548828125,399.2808837890625,0.6566050052642822
1431,76.8983154296875,267.4115295410156,0.45417413115501404,1818.46533203125,405.1864929199219,0.732822835445404
1432,74.85911560058594,265.4205017089844,0.5239742994308472,1816.965576171875,409.3812255859375,0.7333618402481079
1433,74.9936752319336,264.3140563964844,0.5286874771118164,1817.0450439453125,409.9470520019531,0.7083404660224915
1434,75.09162139892578,267.1188659667969,0.509964108467102,1817.64453125,408.155029296875,0.733075737953186
1435,74.02307891845703,272.48828125,0.5134596824645996,1819.194580078125,402.7694091796875,0.6834157705307007
1436,78.50590515136719,288.1874694824219,0.5221133232116699,1819.9454345703125,388.5361022949219,0.7074996829032898
1437,76.71119689941406,311.8570556640625,0.5055211186408997,1820.4356689453125,367.3955078125,0.6606056094169617
1438,76.43788146972656,345.2507019042969,0.5353543162345886,1820.7640380859375,335.68060302734375,0.6374178528785706
1439,81.26298522949219,385.94647216796875,0.5856994986534119,1820.923583984375,297.3344421386719,0.6889042258262634
1440,83.44227600097656,419.8133544921875,0.6575202941894531,1819.03955078125,262.14691162109375,0.6943078637123108
1441,85.26062774658203,438.0166931152344,0.6852458119392395,1817.3701171875,241.31552124023438,0.6738927960395813
1442,84.17776489257812,447.84796142578125,0.636563777923584,1818.2137451171875,233.10536193847656,0.7213304042816162
1443,84.78654479980469,448.3130798339844,0.6691874265670776,1818.0838623046875,232.14883422851562,0.7173539400100708
1444,84.5322036743164,446.86175537109375,0.6115296483039856,1817.6302490234375,233.7924041748047,0.7228683829307556
1445,85.04524230957031,438.5829772949219,0.7005425691604614,1817.6796875,239.34524536132812,0.6256652474403381
1446,84.49214172363281,429.7470703125,0.5869432091712952,1817.8033447265625,250.25003051757812,0.6857428550720215
1447,82.17514038085938,406.9119567871094,0.6064544916152954,1819.4298095703125,274.0339660644531,0.6284919381141663
1448,77.31193542480469,378.5308837890625,0.49997711181640625,1820.58984375,304.2943420410156,0.6475126147270203
1449,76.81278228759766,339.8249816894531,0.5519634485244751,1820.574951171875,341.56488037109375,0.703844428062439
1450,78.21916198730469,307.70526123046875,0.5468658208847046,1820.37451171875,372.51495361328125,0.6904848217964172
1451,77.32698059082031,283.5326232910156,0.4399907886981964,1818.52587890625,391.4158630371094,0.7430094480514526
1452,74.01740264892578,271.9474182128906,0.4899228513240814,1819.4429931640625,403.8575744628906,0.6893627643585205
1453,74.69244384765625,265.4849548339844,0.5196720361709595,1817.021240234375,409.13555908203125,0.7283599376678467
1454,75.23434448242188,263.09722900390625,0.5318669676780701,1816.594970703125,410.4712829589844,0.66912841796875
1455,74.7046127319336,264.9129638671875,0.5193576216697693,1817.1285400390625,409.8196716308594,0.7206721305847168
1456,76.33226013183594,267.9602966308594,0.44893014430999756,1819.430419921875,404.8191223144531,0.7042161226272583
1457,76.58671569824219,281.0486755371094,0.4817388951778412,1818.6907958984375,392.55560302734375,0.7159604430198669
1458,78.81952667236328,303.28448486328125,0.516115128993988,1818.7894287109375,373.53179931640625,0.7238648533821106
1459,79.39899444580078,335.9309997558594,0.5303070545196533,1820.6302490234375,346.3260192871094,0.6706525087356567
1460,79.09774780273438,374.4178161621094,0.5307923555374146,1820.5299072265625,309.257568359375,0.7176592946052551
1461,82.16195678710938,409.9686279296875,0.527649998664856,1819.5238037109375,271.9515686035156,0.6283422112464905
1462,85.26298522949219,434.98785400390625,0.6914825439453125,1818.3109130859375,246.369873046875,0.7155848145484924
1463,84.85053253173828,447.0291442871094,0.6244932413101196,1818.0015869140625,233.15103149414062,0.7234194278717041
1464,85.15261840820312,449.5030517578125,0.6862989664077759,1818.743896484375,231.2066192626953,0.7189622521400452
1465,84.73683166503906,448.2811279296875,0.6592137217521667,1818.25927734375,232.50962829589844,0.7162420153617859
1466,85.49455261230469,439.79339599609375,0.6545392870903015,1817.1937255859375,235.81954956054688,0.6626586318016052
1467,84.6908187866211,432.2269287109375,0.6386072039604187,1818.8896484375,247.46817016601562,0.7048444151878357
1468,83.46442413330078,413.15771484375,0.5471734404563904,1818.7918701171875,265.797607421875,0.6714133620262146
1469,81.29133605957031,383.7787170410156,0.5490710139274597,1821.6055908203125,297.95733642578125,0.67976975440979
1470,76.2938461303711,343.3284606933594,0.5585740804672241,1821.4566650390625,337.2299499511719,0.6915057897567749
1471,77.673828125,308.774169921875,0.5312008857727051,1820.676025390625,369.9635314941406,0.6932690739631653
1472,78.27373504638672,286.142578125,0.47877267003059387,1819.45263671875,390.65960693359375,0.7191332578659058
1473,73.82976531982422,271.0609436035156,0.5013853311538696,1819.283203125,403.9085693359375,0.695401668548584
1474,74.86454010009766,265.00408935546875,0.5260637402534485,1817.080322265625,409.6639099121094,0.7277766466140747
1475,75.27942657470703,262.0217590332031,0.5329160690307617,1816.419921875,411.4257507324219,0.6613097190856934
1476,74.91825866699219,264.3614807128906,0.5276201367378235,1816.9801025390625,410.3128967285156,0.7128450274467468
1477,76.75147247314453,267.8596496582031,0.4509868919849396,1819.2581787109375,404.751708984375,0.7122014760971069
1478,76.85858154296875,281.2330322265625,0.46583470702171326,1818.895751953125,392.8338623046875,0.724730908870697
1479,78.76343536376953,303.9550476074219,0.5215246081352234,1818.75048828125,372.45489501953125,0.714602530002594
1480,78.43473815917969,337.7885437011719,0.5738350749015808,1820.837646484375,344.6199951171875,0.712856113910675
1481,77.30574798583984,377.00909423828125,0.5043232440948486,1821.3629150390625,307.2573547363281,0.6843469738960266
1482,83.3095703125,414.63116455078125,0.589210569858551,1818.4937744140625,266.3795166015625,0.676192581653595
1483,85.04827880859375,436.84368896484375,0.6868737936019897,1817.7022705078125,243.58396911621094,0.7049437761306763
1484,84.67594146728516,448.20025634765625,0.6686446666717529,1818.5201416015625,232.60150146484375,0.7263349294662476
1485,85.55086517333984,450.57598876953125,0.7069671750068665,1818.0257568359375,230.2565460205078,0.7207998633384705
1486,84.80109405517578,448.2290344238281,0.6753106713294983,1818.4736328125,232.33731079101562,0.7153881192207336
1487,85.072021484375,439.48529052734375,0.6721712350845337,1816.907958984375,236.17257690429688,0.6412295699119568
1488,84.41963195800781,429.8514709472656,0.5906453728675842,1817.690673828125,250.1110382080078,0.6995240449905396
1489,81.47051239013672,406.3401794433594,0.6153543591499329,1818.9925537109375,275.14910888671875,0.6604392528533936
1490,77.36162567138672,375.1822509765625,0.5258736610412598,1820.6448974609375,308.2607727050781,0.7011882066726685
1491,78.76510620117188,336.4530334472656,0.5352502465248108,1818.97998046875,343.8741149902344,0.6769914627075195
1492,79.1478042602539,302.7494201660156,0.5130996704101562,1818.4854736328125,374.987548828125,0.7247235178947449
1493,74.2914810180664,280.2921142578125,0.5165603160858154,1817.90869140625,393.76043701171875,0.6960812211036682
1494,77.26612091064453,267.7508850097656,0.4692436158657074,1816.8868408203125,406.50994873046875,0.7371514439582825
1495,75.27690124511719,262.9371032714844,0.5123720765113831,1816.58203125,410.782470703125,0.6559726595878601
1496,75.60369110107422,262.2397155761719,0.5090042948722839,1816.6558837890625,411.2072448730469,0.6450521945953369
1497,74.42646026611328,265.28338623046875,0.5133383870124817,1816.5029296875,409.53509521484375,0.7330840826034546
1498,78.12989807128906,273.8688049316406,0.49203160405158997,1818.586181640625,402.48968505859375,0.693888247013092
1499,78.4762954711914,289.740478515625,0.5420507192611694,1818.6822509765625,387.56951904296875,0.7082931399345398
1500,76.00536346435547,314.1562194824219,0.47110962867736816,1819.1475830078125,361.6383972167969,0.6368635892868042
1501,79.56654357910156,353.7376708984375,0.5677191615104675,1821.3319091796875,329.0065002441406,0.6838223338127136
1502,78.72785186767578,393.3905029296875,0.48228931427001953,1820.1339111328125,289.79864501953125,0.663612425327301
1503,84.06041717529297,425.1844177246094,0.5811450481414795,1817.9830322265625,255.62112426757812,0.6292470693588257
1504,85.62225341796875,441.7164306640625,0.5721298456192017,1817.11376953125,234.84445190429688,0.7038739323616028
1505,85.86366271972656,451.0991516113281,0.7056738138198853,1818.031982421875,229.56272888183594,0.738290011882782
1506,86.0609130859375,450.6513977050781,0.6996937990188599,1818.1783447265625,229.78297424316406,0.7295703887939453
1507,84.99778747558594,446.86627197265625,0.6120518445968628,1817.62353515625,233.60305786132812,0.7239508628845215
1508,85.36833953857422,435.974853515625,0.6772445440292358,1818.024169921875,243.7222900390625,0.6802429556846619
1509,83.39610290527344,419.0953674316406,0.6709207892417908,1818.9384765625,261.0409240722656,0.6954957246780396
1510,79.58091735839844,388.6019592285156,0.5365132093429565,1820.219482421875,292.4591369628906,0.6939678192138672
1511,80.0277099609375,351.8215026855469,0.5305567383766174,1821.1544189453125,330.1081237792969,0.675048291683197
1512,76.73695373535156,313.2373046875,0.49645137786865234,1820.15087890625,366.9258117675781,0.6485177278518677
1513,78.42105865478516,287.0616760253906,0.5115861296653748,1818.784423828125,390.0292053222656,0.7179245352745056
1514,78.11026000976562,271.3824157714844,0.4586590528488159,1819.0518798828125,404.749267578125,0.7154970765113831
1515,75.10224151611328,262.8518371582031,0.5140766501426697,1816.3880615234375,410.72479248046875,0.6737481355667114
1516,76.00479888916016,261.0655822753906,0.5177035927772522,1817.527587890625,415.51318359375,0.6644342541694641
1517,74.9521484375,262.3992004394531,0.5250521898269653,1816.7335205078125,410.5992431640625,0.6655736565589905
1518,76.81265258789062,268.34136962890625,0.44133448600769043,1819.172607421875,405.0936584472656,0.7198902368545532
1519,77.3611831665039,282.7799072265625,0.45637527108192444,1819.0045166015625,392.0756530761719,0.7354482412338257
1520,78.28385162353516,308.0318298339844,0.5412912964820862,1819.897216796875,371.9228515625,0.6931869387626648
1521,76.61626434326172,341.251953125,0.5588951706886292,1821.591552734375,339.7479248046875,0.6908120512962341
1522,82.09515380859375,384.4537658691406,0.5776040554046631,1821.7110595703125,298.4706726074219,0.6839251518249512
1523,82.50813293457031,421.0410461425781,0.6591379046440125,1818.3038330078125,260.47613525390625,0.7043612599372864
1524,84.79676818847656,440.2699279785156,0.6414533257484436,1817.414794921875,235.7748260498047,0.6497156620025635
1525,85.7315902709961,450.9935607910156,0.6991533637046814,1817.9080810546875,229.39317321777344,0.7312567234039307
1526,85.99243927001953,451.7121887207031,0.7099546790122986,1817.3726806640625,228.7176513671875,0.7238555550575256
1527,84.8320541381836,448.2186279296875,0.6594451665878296,1818.2357177734375,232.17242431640625,0.7221720814704895
1528,85.30159759521484,437.4139709472656,0.7030229568481445,1817.556396484375,241.4148406982422,0.660092294216156
1529,82.44969177246094,421.1347351074219,0.6590158939361572,1818.72265625,258.7779541015625,0.6845508217811584
1530,78.6191177368164,392.9329833984375,0.4968029856681824,1820.4710693359375,288.9732360839844,0.6666102409362793
1531,78.72966003417969,355.06414794921875,0.5800701975822449,1820.8096923828125,327.9591979980469,0.6843157410621643
1532,76.4273910522461,314.5702209472656,0.4703020453453064,1819.2891845703125,361.7989807128906,0.6196261048316956
1533,78.91263580322266,287.84033203125,0.5148773193359375,1819.2789306640625,389.53753662109375,0.7227841019630432
1534,78.5577392578125,271.48089599609375,0.46542322635650635,1818.6790771484375,404.9151611328125,0.7239079475402832
1535,75.11741638183594,262.7420349121094,0.5325839519500732,1816.58056640625,410.7645263671875,0.6693958640098572
1536,76.03453063964844,260.64154052734375,0.5003620982170105,1817.4271240234375,416.1226806640625,0.6531639099121094
1537,75.02782440185547,262.8314208984375,0.5238067507743835,1816.671630859375,410.65960693359375,0.6653562188148499
1538,76.77716827392578,267.9954833984375,0.44264692068099976,1819.67041015625,404.8709411621094,0.7164282202720642
1539,77.44908142089844,283.5221252441406,0.44963881373405457,1819.2109375,391.0171813964844,0.7272313833236694
1540,77.57013702392578,308.7882385253906,0.5328225493431091,1820.1375732421875,370.1390686035156,0.701587438583374
1541,76.73234558105469,343.9408874511719,0.5479562282562256,1821.484619140625,337.2783508300781,0.692359209060669
1542,80.83465576171875,388.0335693359375,0.5569211840629578,1820.2052001953125,295.4710388183594,0.694811224937439
1543,83.24449920654297,423.3352355957031,0.6518283486366272,1817.54736328125,257.7654724121094,0.6838424801826477
1544,85.42893981933594,445.2275695800781,0.5669532418251038,1816.946044921875,234.33241271972656,0.7147942781448364
1545,86.13433074951172,452.0059814453125,0.7160477042198181,1817.8748779296875,228.29238891601562,0.7042447924613953
1546,86.01909637451172,451.9134521484375,0.7136043310165405,1817.9063720703125,228.15745544433594,0.7095665335655212
1547,84.71195983886719,447.7176818847656,0.6471258997917175,1818.4864501953125,232.15748596191406,0.7167288064956665
1548,85.24176025390625,436.40264892578125,0.6918209195137024,1817.9224853515625,242.70523071289062,0.6814513206481934
1549,83.86257934570312,416.9455261230469,0.6583214402198792,1819.2803955078125,262.1725769042969,0.6994112133979797
1550,80.68242645263672,385.94793701171875,0.5748169422149658,1820.5771484375,296.3045349121094,0.70390385389328
1551,77.01133728027344,342.80682373046875,0.563238263130188,1821.43212890625,338.30877685546875,0.6892929673194885
1552,77.8486557006836,307.4910583496094,0.5438873171806335,1818.5302734375,372.30181884765625,0.7072982788085938
1553,76.73963165283203,280.650390625,0.4896875023841858,1817.977783203125,393.6714782714844,0.6944718956947327
1554,75.17154693603516,267.4661560058594,0.48708105087280273,1817.404541015625,407.9352111816406,0.7558589577674866
1555,75.79560089111328,260.7177734375,0.5111101865768433,1817.5926513671875,415.8005065917969,0.6717923283576965
1556,75.83621978759766,260.1800231933594,0.497012734413147,1817.5037841796875,416.09735107421875,0.6641049981117249
1557,74.591796875,263.68023681640625,0.5324221253395081,1816.3419189453125,409.6531677246094,0.7053438425064087
1558,74.26065063476562,272.62738037109375,0.504143238067627,1818.7235107421875,402.04608154296875,0.6840106248855591
1559,77.65494537353516,292.1632385253906,0.5485200881958008,1820.0618896484375,387.3176574707031,0.6936920881271362
1560,77.06805419921875,322.5433654785156,0.5627119541168213,1820.8243408203125,358.4058837890625,0.7132053971290588
1561,77.83563995361328,360.6319885253906,0.5377336740493774,1820.810791015625,321.05853271484375,0.6673369407653809
1562,81.64154815673828,405.01483154296875,0.5796319842338562,1817.537841796875,276.4502868652344,0.7077814340591431
1563,85.39720916748047,434.8565368652344,0.6495617628097534,1817.53125,246.33566284179688,0.7242777347564697
1564,84.91503143310547,449.87359619140625,0.6987380981445312,1818.612060546875,230.93003845214844,0.7251272797584534
1565,86.16630554199219,452.7116394042969,0.7223967909812927,1817.787841796875,226.50509643554688,0.6981968879699707
1566,85.86494445800781,451.21966552734375,0.7037174105644226,1818.2171630859375,229.44956970214844,0.7244499325752258
1567,85.08202362060547,441.72271728515625,0.5899708271026611,1817.0030517578125,234.6613311767578,0.7037885189056396
1568,84.31867218017578,430.0338439941406,0.5913063287734985,1817.9786376953125,250.21047973632812,0.6891918778419495
1569,81.75395202636719,402.79193115234375,0.5855077505111694,1818.7120361328125,277.030517578125,0.6924268007278442
1570,81.33025360107422,365.6393737792969,0.5190213322639465,1818.17724609375,315.0808410644531,0.6188742518424988
1571,77.18940734863281,322.9609680175781,0.5784380435943604,1820.2740478515625,358.1524658203125,0.6977272033691406
1572,77.97860717773438,291.12542724609375,0.5445048213005066,1819.1094970703125,387.7995300292969,0.7106199264526367
1573,78.54579162597656,272.0920715332031,0.4951906204223633,1818.4736328125,404.5152587890625,0.7141544818878174
1574,75.63856506347656,261.1166687011719,0.5060628652572632,1817.91796875,415.1005554199219,0.65566486120224
1575,75.37777709960938,258.7536926269531,0.490490198135376,1817.4688720703125,416.977783203125,0.6699192523956299
1576,75.87799835205078,261.058349609375,0.5081438422203064,1818.25830078125,415.2867431640625,0.6616120338439941
1577,77.21940612792969,267.5491943359375,0.4563566744327545,1818.8861083984375,406.000244140625,0.7383692860603333
1578,80.2313003540039,285.6097106933594,0.4503670632839203,1819.4925537109375,391.27783203125,0.7207490801811218
1579,77.90321350097656,309.68487548828125,0.5341103672981262,1820.2259521484375,369.1376953125,0.6947213411331177
1580,80.43482208251953,350.27734375,0.49993273615837097,1820.3450927734375,334.62469482421875,0.6061659455299377
1581,79.57896423339844,392.4190673828125,0.5020451545715332,1820.5966796875,292.0893859863281,0.6787598729133606
1582,84.80585479736328,429.27374267578125,0.5412783026695251,1816.953857421875,252.04000854492188,0.6440483927726746
1583,85.48212432861328,447.5198974609375,0.6423314809799194,1818.121826171875,232.98089599609375,0.7164391875267029
1584,86.13089752197266,452.83514404296875,0.7066653370857239,1817.810791015625,226.0805206298828,0.68755704164505
1585,85.9727783203125,452.1639404296875,0.7138672471046448,1817.953125,226.80967712402344,0.6974344849586487
1586,84.89578247070312,447.62738037109375,0.6276682615280151,1818.4681396484375,232.82077026367188,0.7209101319313049
1587,84.93878173828125,433.56591796875,0.6581515073776245,1818.0213623046875,246.40460205078125,0.7156740427017212
1588,81.78556060791016,408.8833923339844,0.5763399004936218,1819.7010498046875,273.40673828125,0.64560866355896
1589,79.69588470458984,372.97607421875,0.5645955801010132,1820.477294921875,310.3854064941406,0.713863730430603
1590,75.85281372070312,328.1616516113281,0.5434175133705139,1820.7576904296875,353.5386047363281,0.6813637614250183
1591,76.63263702392578,294.869140625,0.5068152546882629,1819.60888671875,386.4902038574219,0.6944728493690491
1592,78.5634765625,273.5827941894531,0.5068210363388062,1818.2242431640625,403.3512268066406,0.7074640989303589
1593,74.87645721435547,261.53173828125,0.4980342388153076,1818.1397705078125,415.1224670410156,0.6508302688598633
1594,75.40145111083984,258.77862548828125,0.48343273997306824,1817.5035400390625,417.63427734375,0.6492894887924194
1595,75.62528991699219,260.8004150390625,0.4948490858078003,1817.7847900390625,416.16363525390625,0.6714230179786682
1596,77.43937683105469,266.92547607421875,0.4498255252838135,1818.3463134765625,406.7374267578125,0.7322868704795837
1597,77.3305435180664,282.4902038574219,0.4558156430721283,1818.67919921875,392.0256652832031,0.7180190682411194
1598,78.40338134765625,309.041259765625,0.5510993003845215,1820.697509765625,370.98956298828125,0.6927145719528198
1599,76.55874633789062,345.0648498535156,0.5126219391822815,1820.8753662109375,335.9231872558594,0.6401172280311584
1600,79.65109252929688,390.3482971191406,0.506981372833252,1820.86669921875,293.5343322753906,0.7158733010292053
1601,83.49227142333984,425.5494079589844,0.5533411502838135,1816.9273681640625,255.3848114013672,0.6393586993217468
1602,85.18217468261719,447.8778381347656,0.6379390358924866,1818.0816650390625,232.8595733642578,0.7336337566375732
1603,85.65383911132812,452.884033203125,0.7032822370529175,1817.6192626953125,225.83984375,0.6791987419128418
1604,86.17290496826172,452.24169921875,0.7192559242248535,1817.6395263671875,226.46646118164062,0.690150797367096
1605,84.96508026123047,447.469482421875,0.6296286582946777,1818.550537109375,232.62196350097656,0.7161749005317688
1606,84.83028411865234,433.11322021484375,0.6570426225662231,1818.4114990234375,246.95993041992188,0.7260225415229797
1607,82.42150115966797,405.9120178222656,0.6156080365180969,1819.6669921875,275.58575439453125,0.6880654096603394
1608,80.78268432617188,369.5309143066406,0.575648307800293,1821.01953125,314.3338623046875,0.6835534572601318
1609,76.85665893554688,324.313232421875,0.5743378400802612,1820.4443359375,357.5096740722656,0.6956334710121155
1610,78.27022552490234,290.9720764160156,0.5557793974876404,1818.3643798828125,388.1595153808594,0.7230623960494995
1611,78.34521484375,270.8204040527344,0.4500274956226349,1818.82177734375,405.44818115234375,0.717772364616394
1612,75.27424621582031,260.63427734375,0.5181386470794678,1817.859130859375,416.09014892578125,0.6896401643753052
1613,74.66510772705078,258.80120849609375,0.49198633432388306,1817.5238037109375,417.8880920410156,0.667441725730896
1614,79.09947204589844,260.9939270019531,0.508643627166748,1818.198974609375,415.2138977050781,0.6670994162559509
1615,76.95365142822266,268.865966796875,0.44395631551742554,1819.5233154296875,404.880859375,0.7151721715927124
1616,78.18628692626953,288.1715393066406,0.5236718654632568,1819.7032470703125,388.6114807128906,0.7119949460029602
1617,80.06160736083984,317.3550109863281,0.47814926505088806,1819.6383056640625,361.1521301269531,0.6560960412025452
1618,78.20074462890625,356.2049255371094,0.6050342321395874,1820.7552490234375,326.286376953125,0.7052078247070312
1619,82.59080505371094,401.5141296386719,0.5970863699913025,1817.6358642578125,280.5959777832031,0.6938600540161133
1620,85.02359008789062,434.0780944824219,0.6727109551429749,1817.8187255859375,247.68179321289062,0.7257182002067566
1621,86.01014709472656,451.0479431152344,0.7049045562744141,1818.4564208984375,230.3361053466797,0.7177358269691467
1622,86.26919555664062,453.6351318359375,0.6892625689506531,1818.0042724609375,223.96212768554688,0.6527281999588013
1623,86.81116485595703,452.1855773925781,0.7170110940933228,1818.025634765625,226.61007690429688,0.6808171272277832
1624,85.10063171386719,442.0597839355469,0.569410502910614,1817.40234375,233.92994689941406,0.7020655274391174
1625,83.96149444580078,424.9743957519531,0.5825179219245911,1817.7935791015625,251.7545166015625,0.6352565884590149
1626,82.92178344726562,396.3824157714844,0.476854145526886,1820.4998779296875,287.80145263671875,0.6057279706001282
1627,80.47958374023438,352.6042175292969,0.555936872959137,1819.2271728515625,328.5144958496094,0.6570175886154175
1628,78.29606628417969,308.7601623535156,0.5542121529579163,1820.40380859375,372.204833984375,0.7152595520019531
1629,74.45280456542969,279.9544677734375,0.5202282667160034,1819.34130859375,399.3028259277344,0.6623398065567017
1630,79.68975067138672,263.00927734375,0.5223589539527893,1816.7877197265625,409.8306884765625,0.6918361783027649
1631,74.98052215576172,258.141357421875,0.4801269769668579,1817.2392578125,418.02685546875,0.6654749512672424
1632,75.02986907958984,258.63897705078125,0.4902900457382202,1817.2745361328125,417.4969787597656,0.670019805431366
1633,74.70439910888672,264.4253845214844,0.536024272441864,1816.9942626953125,409.5669860839844,0.7210701107978821
1634,78.26014709472656,276.2677001953125,0.5542013049125671,1819.2335205078125,401.5343017578125,0.7104688882827759
1635,76.74930572509766,298.14874267578125,0.45608818531036377,1818.327392578125,376.7478332519531,0.6851933598518372
1636,79.1076889038086,336.2979736328125,0.5561056733131409,1820.8089599609375,346.1067199707031,0.6710008978843689
1637,78.05516815185547,377.7627258300781,0.46591299772262573,1820.6314697265625,305.8841247558594,0.6762316823005676
1638,83.14599609375,419.73529052734375,0.6460337042808533,1818.103271484375,262.67010498046875,0.7197704911231995
1639,85.40165710449219,445.5666198730469,0.5783133506774902,1816.553955078125,234.50079345703125,0.7110387086868286
1640,85.8039321899414,452.62017822265625,0.6973381042480469,1817.796630859375,225.0408172607422,0.6626983880996704
1641,86.09832000732422,453.274169921875,0.6838818788528442,1817.88427734375,224.1150665283203,0.6552750468254089
1642,85.3765640258789,449.8835144042969,0.700566291809082,1818.2305908203125,230.1910400390625,0.7255827784538269
1643,85.24588012695312,435.77642822265625,0.6795222163200378,1817.54736328125,242.92274475097656,0.6928810477256775
1644,84.07112884521484,411.40240478515625,0.5230647325515747,1818.4183349609375,266.80389404296875,0.6349787712097168
1645,80.8829345703125,370.884033203125,0.5891318917274475,1820.97265625,312.4354553222656,0.6872320771217346
1646,76.6844711303711,323.7588195800781,0.5619338750839233,1820.5118408203125,357.91131591796875,0.6990888118743896
1647,79.24774932861328,288.22027587890625,0.5439155697822571,1817.74462890625,389.485595703125,0.7254287600517273
1648,77.79322814941406,266.2234191894531,0.44911590218544006,1817.4969482421875,408.2249755859375,0.7379127144813538
1649,79.44274139404297,259.7400207519531,0.48065289855003357,1817.3675537109375,418.155029296875,0.6722701787948608
1650,79.79202270507812,258.8736572265625,0.47027352452278137,1817.5203857421875,419.33807373046875,0.6614131927490234
1651,79.6266860961914,260.588134765625,0.5079215168952942,1818.21923828125,415.6007995605469,0.6763027906417847
1652,78.13800048828125,272.12322998046875,0.49397504329681396,1818.6082763671875,403.4286804199219,0.6986061334609985
1653,78.12300872802734,292.2696533203125,0.544258713722229,1819.7857666015625,387.18243408203125,0.6992961168289185
1654,76.52029418945312,324.4088134765625,0.5638156533241272,1820.91748046875,356.4083251953125,0.7078601717948914
1655,81.09394836425781,367.6205139160156,0.557995080947876,1818.9097900390625,313.9849548339844,0.6232612729072571
1656,81.84344482421875,409.7447509765625,0.549060046672821,1819.4154052734375,274.1649475097656,0.6763087511062622
1657,85.04667663574219,439.1837463378906,0.6596547961235046,1816.4564208984375,241.629150390625,0.6955108642578125
1658,86.46162414550781,452.3309020996094,0.7075434923171997,1817.6773681640625,226.55413818359375,0.6857175230979919
1659,86.45699310302734,455.3291320800781,0.6743505597114563,1817.2744140625,223.07830810546875,0.6347962021827698
1660,86.3267822265625,451.66015625,0.7185896039009094,1817.767333984375,228.30117797851562,0.7016669511795044
1661,85.49321746826172,438.7852478027344,0.647214949131012,1817.106689453125,239.80030822753906,0.6401958465576172
1662,83.59876251220703,417.36407470703125,0.637272834777832,1818.7484130859375,263.2790222167969,0.6939810514450073
1663,77.15568542480469,377.608154296875,0.48721203207969666,1821.162841796875,305.6396484375,0.64494389295578
1664,76.3527603149414,327.7410888671875,0.5422767996788025,1820.6650390625,352.9861145019531,0.6732943654060364
1665,78.57112121582031,291.6529235839844,0.5648471117019653,1818.08349609375,387.9366455078125,0.7185205221176147
1666,77.91131591796875,266.6502685546875,0.4482567310333252,1817.522705078125,408.0755310058594,0.7423428893089294
1667,79.88751983642578,259.27947998046875,0.4857286810874939,1817.322998046875,417.3083801269531,0.6717352271080017
1668,79.01888275146484,257.825439453125,0.44438648223876953,1818.4820556640625,418.0538024902344,0.6567015051841736
1669,75.41973876953125,259.6175842285156,0.5075531601905823,1817.4932861328125,416.99432373046875,0.6811907291412354
1670,78.12110900878906,271.2452392578125,0.459271103143692,1818.7620849609375,404.63958740234375,0.7174617648124695
1671,78.0991439819336,291.1105041503906,0.5516985058784485,1818.4158935546875,387.1125793457031,0.7088384032249451
1672,76.77477264404297,323.45013427734375,0.5660895109176636,1820.4677734375,357.3328552246094,0.7044568061828613
1673,81.1418685913086,365.8938293457031,0.5297368168830872,1820.6864013671875,319.2674560546875,0.6162598729133606
1674,81.45430755615234,408.1553039550781,0.576530933380127,1819.6527099609375,276.0381774902344,0.6878804564476013
1675,85.0022201538086,438.9404296875,0.6827144026756287,1816.302490234375,242.32643127441406,0.7080698013305664
1676,86.3005142211914,452.28509521484375,0.6985161900520325,1817.6162109375,226.6414794921875,0.6801397800445557
1677,86.46495056152344,455.6556091308594,0.6401563286781311,1816.64208984375,222.40623474121094,0.6160184144973755
1678,86.4262924194336,451.6954345703125,0.69943767786026,1817.8779296875,227.1873779296875,0.6896687746047974
1679,85.05244445800781,438.75152587890625,0.6673424243927002,1816.5748291015625,240.05433654785156,0.642975926399231
1680,83.16096496582031,415.847900390625,0.6112174391746521,1818.9007568359375,264.1612854003906,0.6841221451759338
1681,80.35374450683594,374.4147644042969,0.5362420082092285,1820.5428466796875,308.8111877441406,0.6825210452079773
1682,76.0323257446289,324.7490539550781,0.5471603870391846,1820.5438232421875,356.8235168457031,0.6938778162002563
1683,79.72118377685547,287.185791015625,0.5069258809089661,1817.635986328125,390.2326965332031,0.7275720834732056
1684,74.6124267578125,265.5649719238281,0.506909966468811,1816.998291015625,409.9926452636719,0.7117950320243835
1685,79.12213134765625,257.4344482421875,0.4516763985157013,1818.206787109375,418.4169921875,0.6867214441299438
1686,79.2439956665039,256.9526062011719,0.42445018887519836,1818.2489013671875,418.5758361816406,0.6893154382705688
1687,75.26041412353516,260.1700439453125,0.5161105394363403,1817.9144287109375,416.3828125,0.6762324571609497
1688,78.36752319335938,273.3858947753906,0.5166391134262085,1818.0499267578125,402.7391052246094,0.6993736624717712
1689,77.24881744384766,295.9992980957031,0.4962815046310425,1819.4632568359375,382.46014404296875,0.654035210609436
1690,76.53231048583984,329.9847106933594,0.5163326263427734,1818.759765625,346.14581298828125,0.6005346179008484
1691,79.3087387084961,374.7832946777344,0.5198763608932495,1820.59130859375,309.45556640625,0.7206358909606934
1692,83.1347885131836,417.4879455566406,0.6214627027511597,1817.82568359375,264.89202880859375,0.6997497081756592
1693,85.0465087890625,445.3699035644531,0.5762475728988647,1816.7783203125,234.73260498046875,0.7111606597900391
1694,86.12645721435547,454.0049743652344,0.6717831492424011,1817.9000244140625,223.8048095703125,0.6596501469612122
1695,86.30297088623047,455.32177734375,0.6505094766616821,1817.1953125,222.44610595703125,0.6283259391784668
1696,85.81896209716797,450.73419189453125,0.7058557271957397,1818.42529296875,230.00523376464844,0.7155452370643616
1697,85.3713607788086,434.8787536621094,0.6649178266525269,1818.0977783203125,244.97879028320312,0.7159109115600586
1698,81.80085754394531,404.3267822265625,0.5987964868545532,1819.7222900390625,277.6526184082031,0.6993052959442139
1699,79.612060546875,358.19622802734375,0.5970803499221802,1820.8697509765625,324.8901672363281,0.6852161288261414
1700,78.1872329711914,309.96575927734375,0.5175266861915588,1820.52587890625,370.7410583496094,0.7063688635826111
1701,78.41718292236328,276.9026794433594,0.5505724549293518,1819.361083984375,402.4992980957031,0.6953433752059937
1702,79.54632568359375,260.3476867675781,0.5307173728942871,1817.4608154296875,418.0272216796875,0.6783317923545837
1703,77.01358032226562,252.5742950439453,0.4275076687335968,1818.33349609375,419.3463439941406,0.6965126991271973
1704,79.30573272705078,257.52178955078125,0.4571768343448639,1817.8878173828125,417.86517333984375,0.664686381816864
1705,79.19644927978516,263.44134521484375,0.5177561044692993,1816.7218017578125,409.45135498046875,0.7231292724609375
1706,77.6789321899414,280.2083435058594,0.48938098549842834,1818.211181640625,393.39697265625,0.6962346434593201
1707,78.12348937988281,308.65789794921875,0.5338120460510254,1820.6036376953125,370.3020935058594,0.6915777921676636
1708,80.55390167236328,349.96710205078125,0.5076017379760742,1821.13818359375,331.7511291503906,0.6198845505714417
1709,78.79087829589844,392.4671936035156,0.4719155430793762,1820.340087890625,290.5697021484375,0.6602621674537659
1710,84.76676940917969,431.308837890625,0.6216376423835754,1816.73193359375,250.53713989257812,0.7069940567016602
1711,86.58531188964844,451.5331726074219,0.7160313129425049,1818.169189453125,229.69508361816406,0.7336351871490479
1712,86.14055633544922,456.69415283203125,0.6121806502342224,1815.7882080078125,220.88177490234375,0.6118941903114319
1713,86.4205093383789,453.5846252441406,0.6819717288017273,1817.4862060546875,223.94482421875,0.6527389287948608
1714,85.22608184814453,445.6816101074219,0.5614956021308899,1817.371337890625,233.4841766357422,0.7029380798339844
1715,83.02960968017578,421.525146484375,0.664490818977356,1817.7664794921875,257.88531494140625,0.6645662784576416
1716,82.63793182373047,384.1201477050781,0.576262891292572,1820.9246826171875,298.8233337402344,0.6417701244354248
1717,80.04104614257812,333.6387023925781,0.5202509164810181,1817.7352294921875,346.6822204589844,0.6195810437202454
1718,78.12200927734375,291.73822021484375,0.5612710118293762,1817.677978515625,388.6441650390625,0.7138674259185791
1719,74.38282012939453,266.15576171875,0.4973437786102295,1816.2271728515625,409.8162841796875,0.7087856531143188
1720,78.34010314941406,256.1773681640625,0.4210614860057831,1818.514892578125,419.39715576171875,0.6897633671760559
1721,77.2401351928711,252.1934814453125,0.4255160987377167,1817.89794921875,420.19677734375,0.7220167517662048
1722,79.41780090332031,259.92938232421875,0.49826040863990784,1817.40185546875,418.5052185058594,0.6861528158187866
1723,78.27839660644531,273.2441101074219,0.5142353773117065,1818.8626708984375,403.19677734375,0.7058465480804443
1724,77.0356674194336,296.52825927734375,0.4640510380268097,1817.637939453125,378.5376892089844,0.6556972861289978
1725,79.53519439697266,334.3306884765625,0.4971693158149719,1818.3636474609375,345.30450439453125,0.6588183641433716
1726,77.17942810058594,376.600341796875,0.493253231048584,1821.060546875,306.4028015136719,0.7059387564659119
1727,83.36428833007812,419.9476013183594,0.6464117765426636,1818.600830078125,262.291259765625,0.7129190564155579
1728,85.17747497558594,447.29681396484375,0.6450206637382507,1817.2384033203125,233.5345916748047,0.7128313779830933
1729,86.48754119873047,455.4672546386719,0.6410465836524963,1816.768798828125,222.57945251464844,0.6272028684616089
1730,86.60299682617188,455.7965393066406,0.6436645984649658,1816.7635498046875,222.24122619628906,0.620150089263916
1731,85.85919952392578,449.7650146484375,0.6978444457054138,1818.1903076171875,230.7655487060547,0.7337732315063477
1732,84.62694549560547,431.7317199707031,0.6338754892349243,1818.111572265625,249.0676727294922,0.7055806517601013
1733,83.2068099975586,396.7213134765625,0.4838927686214447,1819.8504638671875,288.20037841796875,0.6158574819564819
1734,77.02605438232422,343.6560974121094,0.5437169671058655,1821.350830078125,337.86724853515625,0.6807873249053955
1735,76.62665557861328,298.1687927246094,0.436795175075531,1816.8643798828125,378.0057678222656,0.6864272356033325
1736,79.18624114990234,270.8206787109375,0.47969380021095276,1817.5665283203125,405.47967529296875,0.7484787702560425
1737,79.00716400146484,257.0407409667969,0.4580383002758026,1817.91748046875,418.4978332519531,0.7006949186325073
1738,75.4769287109375,252.4836883544922,0.4229432940483093,1817.1192626953125,421.1041564941406,0.7398169040679932
1739,78.94526672363281,257.8288269042969,0.48967453837394714,1817.1781005859375,417.72796630859375,0.6941995620727539
1740,77.18843078613281,267.1744689941406,0.44309133291244507,1818.08984375,405.8163146972656,0.7419054508209229
1741,78.03524017333984,292.236572265625,0.5507014393806458,1817.4453125,386.1552734375,0.7053474187850952
1742,76.32148742675781,325.88177490234375,0.5503817796707153,1821.3958740234375,354.4148864746094,0.702012836933136
1743,80.27459716796875,370.7627258300781,0.5883552432060242,1820.911865234375,313.5776672363281,0.6916220188140869
1744,83.55937957763672,414.4598083496094,0.581475019454956,1818.6768798828125,266.3995056152344,0.6319496035575867
1745,85.40119934082031,444.99468994140625,0.5494579076766968,1816.68603515625,235.3720245361328,0.6732841730117798
1746,86.1439437866211,455.04815673828125,0.663723349571228,1817.4932861328125,223.2248992919922,0.6376561522483826
1747,86.4185562133789,456.3185729980469,0.6144810914993286,1815.57763671875,220.2028045654297,0.6569491624832153
1748,86.58545684814453,451.5040283203125,0.7034247517585754,1817.8656005859375,228.7951202392578,0.7189016938209534
1749,85.08341217041016,434.144775390625,0.6397318840026855,1817.298583984375,246.2301788330078,0.7205966114997864
1750,82.37372589111328,400.5755920410156,0.586246907711029,1818.55419921875,280.4140319824219,0.6567553877830505
1751,80.67095184326172,352.0140380859375,0.5592583417892456,1818.228515625,329.4961853027344,0.6340093016624451
1752,79.79662322998047,303.769775390625,0.5166231989860535,1817.279052734375,375.6627502441406,0.7116100788116455
1753,79.17424011230469,271.9611511230469,0.5159741640090942,1816.8756103515625,404.9979553222656,0.7468186020851135
1754,78.36421203613281,256.07830810546875,0.4386884868144989,1818.4954833984375,419.0762023925781,0.7111082077026367
1755,75.09490966796875,251.45140075683594,0.46296223998069763,1817.6553955078125,422.7801818847656,0.7569635510444641
1756,78.79502868652344,256.482177734375,0.45405322313308716,1818.3846435546875,418.4469909667969,0.6957575082778931
1757,77.39986419677734,266.9920654296875,0.4542904198169708,1817.9808349609375,406.23974609375,0.7406848073005676
1758,77.78355407714844,292.74127197265625,0.5466046333312988,1819.8092041015625,387.1802673339844,0.7135105729103088
1759,75.90047454833984,326.9643249511719,0.5532309412956238,1820.778076171875,353.2319030761719,0.6833784580230713
1760,80.13003540039062,371.51708984375,0.5921521782875061,1820.60791015625,312.2027282714844,0.7264517545700073
1761,83.54463958740234,415.9851379394531,0.6118065118789673,1817.82861328125,265.83807373046875,0.6748855113983154
1762,85.27140045166016,445.4870300292969,0.5942861437797546,1816.491455078125,234.99237060546875,0.7140610218048096
1763,86.59687042236328,455.4219055175781,0.6427109837532043,1817.4156494140625,222.31698608398438,0.6200423836708069
1764,86.36360168457031,456.45263671875,0.6137779355049133,1816.114013671875,220.36241149902344,0.6556652188301086
1765,86.00489807128906,450.51312255859375,0.7121203541755676,1818.2802734375,229.46824645996094,0.7236371636390686
1766,84.25312805175781,432.0583190917969,0.6278573870658875,1817.6180419921875,248.3404998779297,0.7141448855400085
1767,78.76384735107422,393.01434326171875,0.4655298888683319,1820.3262939453125,289.35870361328125,0.6465708613395691
1768,76.8646469116211,342.25543212890625,0.5429544448852539,1821.4610595703125,338.49810791015625,0.7035852670669556
1769,77.1750717163086,296.77490234375,0.45366233587265015,1819.4212646484375,383.40521240234375,0.6516095399856567
1770,77.58914947509766,266.2330322265625,0.44742870330810547,1816.930908203125,408.7663269042969,0.7378984689712524
1771,77.17920684814453,251.88699340820312,0.4312978982925415,1817.70849609375,420.9540710449219,0.7385560870170593
1772,75.26591491699219,251.16087341308594,0.48251041769981384,1817.4261474609375,423.16827392578125,0.7428405284881592
1773,79.06876373291016,257.4844970703125,0.4975108802318573,1817.840087890625,418.32073974609375,0.7175979018211365
1774,78.89445495605469,272.298828125,0.5185257196426392,1817.6865234375,403.30462646484375,0.7262950539588928
1775,76.54155731201172,298.1098937988281,0.4468962252140045,1817.075927734375,378.14324951171875,0.680807888507843
1776,78.16636657714844,338.26800537109375,0.5854134559631348,1821.006591796875,344.4705505371094,0.6979646682739258
1777,82.81101989746094,383.5142517089844,0.5660211443901062,1819.9036865234375,302.6059265136719,0.6034677028656006
1778,83.47040557861328,422.5610656738281,0.6529317498207092,1817.454345703125,258.75244140625,0.6906843185424805
1779,85.9796371459961,449.9203186035156,0.6909822821617126,1817.911376953125,231.4248809814453,0.7420307397842407
1780,86.04888916015625,456.92626953125,0.6067930459976196,1815.7786865234375,220.36276245117188,0.6620098352432251
1781,86.3984146118164,455.8942565917969,0.6296478509902954,1815.9566650390625,220.69895935058594,0.6306555271148682
1782,85.20726776123047,447.1514587402344,0.6332104206085205,1818.0345458984375,232.6425323486328,0.71915602684021
1783,82.56787872314453,420.9990234375,0.6556470394134521,1817.447021484375,257.99237060546875,0.6830611824989319
1784,82.79193115234375,382.4234619140625,0.5155340433120728,1820.332275390625,304.09527587890625,0.6159628629684448
1785,76.54170989990234,327.6703186035156,0.5339968204498291,1820.7967529296875,353.5469970703125,0.678840696811676
1786,79.98529815673828,287.38818359375,0.5066307783126831,1817.299072265625,391.5191345214844,0.7264221906661987
1787,79.77251434326172,260.43963623046875,0.5638161897659302,1817.571044921875,418.413330078125,0.6850483417510986
1788,75.52851867675781,250.65188598632812,0.4916742742061615,1817.402587890625,423.9294128417969,0.7487389445304871
1789,75.7156982421875,250.84173583984375,0.48582354187965393,1817.619873046875,423.1103820800781,0.7538485527038574
1790,79.15251922607422,260.74139404296875,0.5426715612411499,1817.8868408203125,417.571044921875,0.6818029880523682
1791,77.20490264892578,280.3712158203125,0.4907320439815521,1817.7830810546875,393.8719482421875,0.6756246089935303
1792,76.88529205322266,312.9937744140625,0.49226298928260803,1820.29931640625,366.7595520019531,0.641556441783905
1793,79.09477233886719,355.7718200683594,0.6071944832801819,1820.9398193359375,327.476318359375,0.7065467834472656
1794,82.63160705566406,401.7294921875,0.5849896669387817,1818.7852783203125,280.470947265625,0.6497771143913269
1795,85.01980590820312,435.74298095703125,0.6722692847251892,1816.53466796875,245.357421875,0.7346798181533813
1796,86.26898956298828,453.4044189453125,0.6927727460861206,1817.31884765625,225.64376831054688,0.682955265045166
1797,86.16556549072266,461.22479248046875,0.6141859292984009,1815.7860107421875,220.41806030273438,0.7030482292175293
1798,86.42453002929688,452.4150695800781,0.701016366481781,1817.2720947265625,225.7799072265625,0.6848138570785522
1799,84.74925231933594,436.6219787597656,0.6862938404083252,1816.911865234375,242.77206420898438,0.6998754739761353
1800,81.47626495361328,403.15460205078125,0.586600661277771,1817.827392578125,276.9033203125,0.7068846225738525
1801,80.30892944335938,355.4319763183594,0.624984085559845,1818.4300537109375,326.8589782714844,0.6879421472549438
1802,78.6915054321289,306.239501953125,0.5413980484008789,1817.96630859375,373.8650207519531,0.7231338024139404
1803,79.09548950195312,272.24639892578125,0.5176962614059448,1816.806884765625,405.0740051269531,0.7470579743385315
1804,79.84339141845703,254.9158477783203,0.44668516516685486,1817.5751953125,421.1484069824219,0.7451609969139099
1805,80.02218627929688,248.70745849609375,0.4912087917327881,1816.5218505859375,425.579345703125,0.7373983860015869
1806,79.26949310302734,255.91012573242188,0.4554905295372009,1818.6326904296875,419.4969177246094,0.7198293209075928
1807,79.49844360351562,270.5580749511719,0.47718188166618347,1817.7366943359375,405.0774230957031,0.7330650687217712
1808,76.88045501708984,296.93017578125,0.46194392442703247,1817.1827392578125,378.4453430175781,0.6758925318717957
1809,79.15544891357422,338.0007019042969,0.5770103335380554,1820.7989501953125,344.87127685546875,0.6891007423400879
1810,83.09062194824219,382.8384094238281,0.5423362255096436,1820.3221435546875,303.32781982421875,0.5918171405792236
1811,84.04023742675781,422.3265075683594,0.6700939536094666,1816.671875,259.0723571777344,0.699327290058136
1812,86.60852813720703,450.080322265625,0.6996912956237793,1817.588134765625,231.3542938232422,0.7381244897842407
1813,86.20075225830078,461.25506591796875,0.6123093366622925,1815.8258056640625,220.28668212890625,0.6982404589653015
1814,86.5918197631836,455.5205993652344,0.6336988806724548,1815.3609619140625,220.69271850585938,0.6430950164794922
1815,85.93524169921875,446.303466796875,0.6054714322090149,1816.74169921875,233.614990234375,0.7245541214942932
1816,83.72869873046875,418.22247314453125,0.6505672335624695,1818.11083984375,262.66796875,0.7081367373466492
1817,81.18709564208984,373.3511047363281,0.5586850643157959,1820.470458984375,310.1829528808594,0.6903893351554871
1818,77.17198181152344,322.3564758300781,0.5736770033836365,1820.756103515625,360.4584655761719,0.6921337842941284
1819,77.30029296875,280.45709228515625,0.488934725522995,1819.04443359375,399.745361328125,0.6622071862220764
1820,79.32551574707031,258.2268371582031,0.5043995380401611,1817.4222412109375,418.8260192871094,0.7105271220207214
1821,80.65616607666016,248.21383666992188,0.5230947136878967,1816.427978515625,426.12286376953125,0.727924644947052
1822,75.23079681396484,250.9715118408203,0.484129935503006,1817.0128173828125,423.07550048828125,0.7473777532577515
1823,79.0163803100586,263.33709716796875,0.5095379948616028,1816.0283203125,410.08837890625,0.7028584480285645
1824,78.34295654296875,290.9046325683594,0.5622256398200989,1817.9630126953125,388.46142578125,0.717765212059021
1825,76.01384735107422,325.02606201171875,0.5478275418281555,1820.7998046875,355.2310485839844,0.6936553716659546
1826,81.3831787109375,370.222900390625,0.5854125022888184,1821.1612548828125,313.6798400878906,0.6963017582893372
1827,83.9761734008789,414.76123046875,0.5914743542671204,1817.812255859375,266.7298278808594,0.6592020988464355
1828,85.39883422851562,446.0960998535156,0.6222029328346252,1817.0343017578125,234.5034637451172,0.7053084969520569
1829,86.74197387695312,457.0491027832031,0.6236698627471924,1815.5120849609375,219.93753051757812,0.6631156802177429
1830,86.58277893066406,457.6351318359375,0.6075709462165833,1815.4471435546875,219.81715393066406,0.686628520488739
1831,86.28653717041016,449.5167541503906,0.6999872922897339,1818.0455322265625,230.58290100097656,0.7271243333816528
1832,83.63249969482422,422.8304443359375,0.6447421312332153,1817.0943603515625,256.733642578125,0.658405601978302
1833,82.28471374511719,383.5197448730469,0.5533627271652222,1821.1475830078125,299.8125,0.6037890911102295
1834,75.48178100585938,328.8291015625,0.5283100605010986,1820.637939453125,352.5526428222656,0.6728721857070923
1835,80.39960479736328,287.7093811035156,0.5142152309417725,1817.4951171875,392.0235290527344,0.7132343649864197
1836,79.83375549316406,259.50701904296875,0.5329858660697937,1816.1104736328125,417.61444091796875,0.7021974921226501
1837,80.91012573242188,246.2664794921875,0.5216572284698486,1816.1788330078125,426.4159851074219,0.7217882871627808
1838,80.82148742675781,247.55636596679688,0.5192528367042542,1816.4954833984375,424.9395751953125,0.7484355568885803
1839,78.92179870605469,260.34259033203125,0.5220853090286255,1817.5009765625,417.3643798828125,0.6720874905586243
1840,79.8224105834961,286.71649169921875,0.5034850835800171,1817.2877197265625,391.0024719238281,0.7267865538597107
1841,77.53839874267578,321.862548828125,0.5624967813491821,1819.09912109375,358.0969543457031,0.7043890953063965
1842,77.99361419677734,362.0351867675781,0.49825483560562134,1820.7603759765625,320.0862121582031,0.6397342681884766
1843,81.6158447265625,408.1169128417969,0.56620854139328,1820.06787109375,275.85919189453125,0.694727897644043
1844,84.93109893798828,440.67718505859375,0.5861279964447021,1816.9788818359375,239.97470092773438,0.6564067006111145
1845,86.31835174560547,456.1944274902344,0.6089009642601013,1815.824462890625,219.8701934814453,0.6446260213851929
1846,85.89281463623047,461.36590576171875,0.6326344609260559,1815.7838134765625,219.8137664794922,0.7249285578727722
1847,86.52374267578125,450.937744140625,0.6993430852890015,1817.5458984375,228.98268127441406,0.7307358384132385
1848,83.27326965332031,424.5395812988281,0.6118925213813782,1816.670654296875,251.9510040283203,0.6561647057533264
1849,82.05644226074219,384.48455810546875,0.5636045336723328,1820.782958984375,298.7108459472656,0.6500176191329956
1850,76.20552825927734,330.246337890625,0.4929214417934418,1820.283447265625,350.9693908691406,0.6250818967819214
1851,79.6144027709961,288.9947204589844,0.5402076840400696,1817.0982666015625,390.86505126953125,0.7301645278930664
1852,80.17198181152344,259.49993896484375,0.5478306412696838,1816.3118896484375,417.8958740234375,0.7102786302566528
1853,81.43096160888672,245.6985626220703,0.5356112718582153,1816.70947265625,426.93035888671875,0.6804091334342957
1854,80.76971435546875,246.64002990722656,0.5230934619903564,1816.4622802734375,425.5899658203125,0.7413831353187561
1855,79.347900390625,260.5997009277344,0.5375960469245911,1818.29541015625,417.49560546875,0.6831287741661072
1856,79.81878662109375,288.1236877441406,0.5270052552223206,1818.3668212890625,390.2309875488281,0.717240571975708
1857,76.8777084350586,323.5044250488281,0.57435142993927,1820.47802734375,358.09881591796875,0.6962747573852539
1858,81.07465362548828,367.1641540527344,0.5394113063812256,1820.5614013671875,316.5836181640625,0.614856481552124
1859,84.61503601074219,412.65155029296875,0.5102360248565674,1819.7000732421875,273.69891357421875,0.6544632911682129
1860,85.64553833007812,445.45538330078125,0.572589635848999,1816.3621826171875,235.6238250732422,0.6732769012451172
1861,86.59864807128906,456.6246337890625,0.6015693545341492,1816.410888671875,219.63031005859375,0.6660091280937195
1862,86.27051544189453,461.0681457519531,0.6275390982627869,1815.8885498046875,219.9130096435547,0.7117198705673218
1863,86.29463958740234,449.1978454589844,0.6829888224601746,1817.6710205078125,230.71995544433594,0.734826385974884
1864,83.73284149169922,420.32183837890625,0.6686522364616394,1817.2451171875,259.0447998046875,0.6925271153450012
1865,77.9069595336914,376.5210876464844,0.46712440252304077,1820.6990966796875,306.70672607421875,0.6683528423309326
1866,76.5736083984375,325.10174560546875,0.5527510643005371,1820.8131103515625,356.786865234375,0.6950702667236328
1867,77.63080596923828,280.73480224609375,0.44855472445487976,1816.1453857421875,394.712158203125,0.6448305249214172
1868,79.37513732910156,256.9662170410156,0.4962570071220398,1816.904296875,419.7807922363281,0.7300772070884705
1869,77.784423828125,246.18150329589844,0.5047236680984497,1816.0816650390625,427.7082214355469,0.6507136225700378
1870,80.17464447021484,248.20037841796875,0.4933185577392578,1816.6865234375,425.3617858886719,0.7435290217399597
1871,79.26592254638672,264.59112548828125,0.49219605326652527,1816.399169921875,409.7742614746094,0.7236082553863525
1872,77.59439849853516,293.9281921386719,0.5245224237442017,1819.685546875,385.5714111328125,0.6932983994483948
1873,79.5978012084961,333.86700439453125,0.4910445213317871,1819.47705078125,345.81671142578125,0.6155619025230408
1874,77.61632537841797,376.7520446777344,0.48898911476135254,1821.347900390625,306.62640380859375,0.7005918025970459
1875,83.892578125,420.0467529296875,0.6590133905410767,1818.2188720703125,261.93377685546875,0.7202537059783936
1876,86.35416412353516,450.4555969238281,0.6883098483085632,1817.384033203125,231.0707550048828,0.7466108798980713
1877,85.72748565673828,461.5553283691406,0.643951952457428,1815.5240478515625,219.71343994140625,0.7212212681770325
1878,86.40992736816406,455.7944641113281,0.6170862913131714,1815.5384521484375,219.9356231689453,0.6728937029838562
1879,85.44012451171875,440.8414611816406,0.5815083384513855,1816.658935546875,235.21717834472656,0.6840505003929138
1880,81.70574951171875,407.87799072265625,0.5698707103729248,1819.4410400390625,273.3892517089844,0.6657193899154663
1881,77.656005859375,359.154052734375,0.5260931849479675,1821.149169921875,322.59210205078125,0.6830678582191467
1882,76.72381591796875,310.35479736328125,0.4938421845436096,1820.70556640625,369.795166015625,0.6985974311828613
1883,79.47016143798828,272.8650817871094,0.5283410549163818,1815.5772705078125,405.2838134765625,0.7457740902900696
1884,80.49433898925781,249.0467529296875,0.47171729803085327,1816.0750732421875,424.8576354980469,0.7434231042861938
1885,81.53866577148438,245.45594787597656,0.511059045791626,1816.0618896484375,432.8128662109375,0.6523239612579346
1886,78.2288818359375,250.5071258544922,0.43907034397125244,1816.7139892578125,421.5542297363281,0.7410063743591309
1887,79.32821655273438,274.001708984375,0.5587766766548157,1816.6177978515625,403.50274658203125,0.7182291746139526
1888,78.73683166503906,306.1087646484375,0.5459156632423401,1820.401123046875,373.61883544921875,0.7087917327880859
1889,76.82444763183594,345.3321533203125,0.520677924156189,1820.83447265625,336.1368103027344,0.6441954374313354
1890,78.46086120605469,391.8911437988281,0.48495742678642273,1821.0003662109375,291.6172180175781,0.6879581212997437
1891,85.330810546875,431.8493347167969,0.6422122120857239,1817.0341796875,250.05264282226562,0.7169455885887146
1892,86.93437194824219,453.4464416503906,0.6887212991714478,1817.0032958984375,225.79246520996094,0.6836978793144226
1893,85.82086944580078,461.9366149902344,0.6412695050239563,1816.06640625,219.62298583984375,0.7225268483161926
1894,86.6019058227539,452.6832580566406,0.7022994160652161,1817.316162109375,226.29965209960938,0.6870233416557312
1895,84.85838317871094,431.44232177734375,0.611473023891449,1817.14990234375,248.75946044921875,0.7239163517951965
1896,80.44950103759766,389.3770446777344,0.5150316953659058,1820.5899658203125,292.3905334472656,0.7040920853614807
1897,78.13306427001953,339.03753662109375,0.605374813079834,1820.9921875,344.1543273925781,0.707495927810669
1898,77.38288116455078,292.2807312011719,0.5252537131309509,1820.1376953125,388.8715515136719,0.6992177367210388
1899,80.2214126586914,259.6156921386719,0.5642622709274292,1816.09619140625,417.5639343261719,0.701144278049469
1900,81.17365264892578,245.1103973388672,0.5306043028831482,1816.28271484375,433.2060241699219,0.6614157557487488
1901,81.19038391113281,245.3531494140625,0.539508044719696,1816.694580078125,426.9038391113281,0.6664559841156006
1902,79.74056243896484,260.1939392089844,0.5501170754432678,1818.0849609375,418.2821960449219,0.6910879611968994
1903,79.2189712524414,289.4681091308594,0.5524159669876099,1817.8551025390625,389.0883483886719,0.7257353067398071
1904,76.3563232421875,325.43743896484375,0.5405489802360535,1821.0496826171875,355.29852294921875,0.7016617655754089
1905,80.52776336669922,370.3941650390625,0.5985342860221863,1820.9395751953125,313.6182556152344,0.7014575600624084
1906,83.88677978515625,415.24822998046875,0.6019609570503235,1818.0206298828125,266.69635009765625,0.6418421268463135
1907,85.66917419433594,447.3024597167969,0.6561131477355957,1816.9072265625,234.14874267578125,0.7177397608757019
1908,86.04268646240234,461.02447509765625,0.6134691834449768,1815.427734375,219.89955139160156,0.6889016628265381
1909,86.42015838623047,456.28472900390625,0.6011362671852112,1815.5618896484375,219.67791748046875,0.6683398485183716
1910,84.95693969726562,440.9799499511719,0.5842328071594238,1816.5225830078125,234.96034240722656,0.6977993249893188
1911,81.7678451538086,407.2884216308594,0.5828753709793091,1819.8331298828125,274.0001220703125,0.6651642918586731
1912,79.06380462646484,359.89471435546875,0.5260609984397888,1821.055908203125,323.34912109375,0.692349910736084
1913,77.60166931152344,309.7403869628906,0.5206822752952576,1820.4542236328125,371.2025451660156,0.7072829604148865
1914,80.0038833618164,271.90972900390625,0.529902994632721,1814.979736328125,406.12481689453125,0.7491240501403809
1915,81.03134155273438,247.0345458984375,0.511596143245697,1816.0655517578125,426.2319641113281,0.7205407023429871
1916,81.59939575195312,245.06747436523438,0.49623429775238037,1815.991943359375,433.98016357421875,0.6685875058174133
1917,78.23988342285156,252.0656280517578,0.44377657771110535,1817.0816650390625,420.31866455078125,0.7389927506446838
1918,77.66577911376953,276.680908203125,0.5369759202003479,1818.8973388671875,401.20623779296875,0.6963950395584106
1919,77.18177032470703,311.77020263671875,0.49536004662513733,1820.239990234375,368.353271484375,0.6789149641990662
1920,79.16187286376953,355.1302795410156,0.6053928136825562,1821.310302734375,327.76544189453125,0.7002182602882385
1921,83.12088012695312,400.7644348144531,0.5921010971069336,1817.7138671875,281.21490478515625,0.663248598575592
1922,85.11589050292969,436.0504455566406,0.6587157845497131,1816.827880859375,245.07398986816406,0.7266085743904114
1923,86.41969299316406,455.52362060546875,0.6489092707633972,1817.21923828125,223.1694793701172,0.6331131458282471
1924,85.8779525756836,460.8522033691406,0.6232902407646179,1816.1534423828125,220.055908203125,0.7139896154403687
1925,85.94921112060547,448.8404541015625,0.6942418813705444,1818.054443359375,231.10479736328125,0.7355541586875916
1926,83.48772430419922,419.0595397949219,0.6350123286247253,1817.79541015625,261.4122009277344,0.7105453014373779
1927,80.31267547607422,374.2192077636719,0.5367764234542847,1820.8939208984375,309.66363525390625,0.6904528141021729
1928,77.18782806396484,322.7782897949219,0.5681353807449341,1818.9578857421875,357.7994384765625,0.7028387784957886
1929,77.30345153808594,278.45428466796875,0.5128607153892517,1819.84228515625,401.6440734863281,0.6970472931861877
1930,78.51004791259766,250.46348571777344,0.4468435049057007,1816.00439453125,424.0447998046875,0.7312985062599182
1931,81.35685729980469,244.2176971435547,0.5200929641723633,1815.7979736328125,434.61834716796875,0.6713369488716125
1932,80.46417236328125,248.38198852539062,0.4835596978664398,1816.322509765625,424.533447265625,0.7413323521614075
1933,79.83782196044922,272.3620300292969,0.5260750651359558,1816.4666748046875,404.4519958496094,0.7325703501701355
1934,79.34849548339844,304.82073974609375,0.5252772569656372,1817.916259765625,373.65081787109375,0.7192291617393494
1935,77.089111328125,343.8223876953125,0.5479997992515564,1820.4161376953125,337.4095458984375,0.6864342093467712
1936,79.98716735839844,390.1973876953125,0.5273748636245728,1820.8377685546875,293.6263427734375,0.6985971331596375
1937,84.20508575439453,431.4691162109375,0.6166617274284363,1817.2877197265625,250.99404907226562,0.6888184547424316
1938,86.10527801513672,453.74212646484375,0.6779785752296448,1817.09814453125,225.90219116210938,0.6909346580505371
1939,85.23357391357422,461.5593566894531,0.6454069018363953,1815.372802734375,220.23019409179688,0.7230474948883057
1940,86.04427337646484,450.69915771484375,0.7032792568206787,1817.72900390625,229.0692901611328,0.7284653186798096
1941,82.82524871826172,421.7607727050781,0.6371564269065857,1817.077880859375,257.46197509765625,0.665611743927002
1942,82.7637710571289,382.0503845214844,0.4980504512786865,1820.2066650390625,304.17999267578125,0.6267304420471191
1943,76.22321319580078,327.3219909667969,0.5405251383781433,1820.7794189453125,353.2152099609375,0.6797348856925964
1944,77.03280639648438,293.7353515625,0.513578474521637,1819.91357421875,385.8787536621094,0.680098295211792
1945,75.35057067871094,295.2746276855469,0.5264667868614197,1820.2186279296875,383.3905334472656,0.664010226726532
1946,76.14265441894531,313.97259521484375,0.4794757068157196,1820.66845703125,361.09320068359375,0.6358582377433777
1947,74.81436157226562,340.90966796875,0.5407562255859375,1821.6729736328125,340.25335693359375,0.6933403611183167
1948,76.7231216430664,359.1570129394531,0.5536318421363831,1822.521484375,321.0521240234375,0.6437990069389343
1949,75.9888687133789,364.13836669921875,0.5129159092903137,1822.774658203125,315.3824462890625,0.6796378493309021
1950,76.88416290283203,356.3845520019531,0.5305065512657166,1822.939208984375,325.2825012207031,0.704792857170105
1951,75.40245819091797,341.2583923339844,0.5571609735488892,1823.106201171875,339.032470703125,0.6775070428848267
1952,75.5765609741211,329.6724853515625,0.5540148019790649,1823.3623046875,348.36053466796875,0.6204336285591125
1953,75.92110443115234,325.6528015136719,0.5688387751579285,1822.9051513671875,352.627197265625,0.6181331276893616
1954,75.81351470947266,328.6872863769531,0.5658338069915771,1823.2777099609375,349.0550537109375,0.5910026431083679
1955,74.16863250732422,333.39984130859375,0.4801843762397766,1823.3046875,345.6616516113281,0.6968875527381897
1956,74.83334350585938,338.1787414550781,0.553215742111206,1822.4185791015625,341.2596435546875,0.6977701783180237
1957,75.11982727050781,340.10467529296875,0.5495460033416748,1822.93310546875,339.14776611328125,0.6579486727714539
1958,75.27875518798828,339.975830078125,0.53899085521698,1823.026123046875,339.0392761230469,0.6534107327461243
1959,75.26361083984375,339.9106140136719,0.5368474721908569,1823.0504150390625,339.038330078125,0.6542253494262695
1960,75.08901977539062,340.22723388671875,0.5466039776802063,1823.2396240234375,339.0635070800781,0.6576694250106812
1961,75.02769470214844,340.1310119628906,0.5411475300788879,1823.187255859375,339.1336669921875,0.6497066020965576
1962,75.07103729248047,340.2596130371094,0.554440438747406,1823.154541015625,339.1019287109375,0.6475930213928223
1963,75.08308410644531,340.2582092285156,0.5485634207725525,1823.2010498046875,339.14849853515625,0.6477344632148743
1964,75.07609558105469,340.2219543457031,0.5525144338607788,1823.1400146484375,339.07415771484375,0.651105523109436
1965,75.06936645507812,340.12799072265625,0.5462390780448914,1823.2669677734375,339.1902160644531,0.6506300568580627
1966,75.14942932128906,340.0123291015625,0.5429791212081909,1823.3612060546875,339.1690368652344,0.6495493054389954
1967,75.2080078125,340.11474609375,0.5473269820213318,1823.327880859375,339.1565856933594,0.6515767574310303
1968,75.36182403564453,339.9718933105469,0.5443112254142761,1823.4029541015625,339.0616149902344,0.6535457372665405
1969,75.3885269165039,339.9502868652344,0.5411027669906616,1823.4288330078125,339.0234680175781,0.6591233611106873
1970,75.41002655029297,340.0334777832031,0.5444202423095703,1823.3504638671875,339.05987548828125,0.6592642664909363
1971,75.33391571044922,340.2363586425781,0.5498091578483582,1823.2603759765625,339.0345764160156,0.6603203415870667
1972,75.28467559814453,340.22296142578125,0.543317973613739,1823.2918701171875,338.9382629394531,0.6602814793586731
1973,75.41425323486328,340.113525390625,0.5426928997039795,1823.260498046875,338.9569091796875,0.6566349267959595
1974,75.38322448730469,340.02703857421875,0.5417145490646362,1823.2550048828125,338.9482116699219,0.6561939716339111
1975,75.38481903076172,340.01531982421875,0.538506031036377,1823.277587890625,338.96484375,0.6591935157775879
1976,75.36904907226562,339.9856262207031,0.5388185381889343,1823.361083984375,338.9361267089844,0.6613426804542542
1977,75.27279663085938,340.0320129394531,0.5448299050331116,1823.3126220703125,338.8312683105469,0.6594527959823608
1978,75.27397155761719,340.03485107421875,0.5481505990028381,1823.3524169921875,338.8353271484375,0.658344030380249
1979,75.11122131347656,340.27972412109375,0.5500510334968567,1823.3336181640625,338.8703308105469,0.6591885685920715
1980,75.16177368164062,340.1212158203125,0.5441809892654419,1823.3297119140625,338.94049072265625,0.6625166535377502
1981,75.19247436523438,339.87646484375,0.5406818389892578,1823.210205078125,338.923583984375,0.6576600074768066
1982,75.18204498291016,339.9297180175781,0.5419412851333618,1823.249755859375,338.9292907714844,0.6569297909736633
1983,75.30326080322266,339.980224609375,0.5363160967826843,1823.254638671875,338.90216064453125,0.6574957370758057
1984,75.45851135253906,340.08856201171875,0.5365542769432068,1823.1806640625,338.9668884277344,0.6570124626159668
1985,75.42610168457031,339.9228820800781,0.5301758646965027,1823.294677734375,338.8778381347656,0.660419762134552
1986,75.26136016845703,340.02618408203125,0.5367242097854614,1823.292236328125,338.8891906738281,0.659709095954895
1987,75.19425201416016,339.9615783691406,0.5365568399429321,1823.23046875,338.94970703125,0.662161111831665
1988,75.13230895996094,339.9796447753906,0.5411619544029236,1823.59228515625,338.9630126953125,0.6655030250549316
1989,75.29185485839844,339.72705078125,0.5268890857696533,1823.5181884765625,338.91375732421875,0.6673227548599243
1990,75.25208282470703,339.6882629394531,0.5291424989700317,1823.46484375,338.9372253417969,0.666583776473999
1991,75.39178466796875,339.71881103515625,0.5170866847038269,1823.416748046875,338.9666748046875,0.6699843406677246
1992,75.30606842041016,339.8143615722656,0.524412989616394,1823.297119140625,339.0465087890625,0.664465606212616
1993,75.46324157714844,339.7282409667969,0.5241255164146423,1823.295654296875,338.968994140625,0.6662882566452026
1994,75.42571258544922,339.71917724609375,0.5233938694000244,1823.259521484375,338.998291015625,0.6658535003662109
1995,75.39204406738281,339.6835021972656,0.527775228023529,1823.3160400390625,338.9808654785156,0.6669372916221619
1996,75.55389404296875,339.9386901855469,0.5323274731636047,1823.2078857421875,338.9210510253906,0.6698213219642639
1997,75.44556427001953,339.849365234375,0.5315960645675659,1823.225830078125,338.9691467285156,0.6691088080406189
1998,75.45510864257812,339.8346252441406,0.5328258275985718,1823.2177734375,338.9431457519531,0.671059250831604
1999,75.36988830566406,339.8629455566406,0.5320274829864502,1823.2003173828125,338.9521484375,0.6699760556221008
2000,75.53102111816406,339.8426513671875,0.5279986262321472,1823.32177734375,339.0569763183594,0.668185830116272
2001,75.46123504638672,339.6695861816406,0.5287646651268005,1823.3612060546875,339.0526428222656,0.668305516242981
2002,75.5468521118164,339.6568908691406,0.5249468088150024,1823.2935791015625,339.0404052734375,0.6671673059463501
2003,75.38652801513672,339.5205993652344,0.5273560285568237,1823.3048095703125,338.96868896484375,0.668842077255249
2004,75.43893432617188,339.5618896484375,0.5191900134086609,1823.3165283203125,338.8351135253906,0.6674802899360657
2005,75.27799224853516,339.6593933105469,0.5223630666732788,1823.1768798828125,339.01263427734375,0.6648285388946533
2006,75.33267974853516,339.78436279296875,0.5284261107444763,1823.2064208984375,339.066650390625,0.6631891131401062
2007,75.30636596679688,339.7373962402344,0.5235584378242493,1823.2322998046875,339.02435302734375,0.6652907133102417
2008,75.27942657470703,339.698974609375,0.5188642740249634,1823.185791015625,339.0001525878906,0.6647563576698303
2009,75.30079650878906,339.7717590332031,0.5194719433784485,1823.2711181640625,338.9813232421875,0.664818286895752
2010,75.47000885009766,339.7892761230469,0.5204452276229858,1823.3096923828125,338.96038818359375,0.6628515124320984
2011,75.43750762939453,339.8494873046875,0.5251278281211853,1823.0408935546875,339.0377502441406,0.660047709941864
2012,75.40841674804688,339.915283203125,0.5316591262817383,1822.9873046875,339.0589904785156,0.6615503430366516
2013,75.33483123779297,339.7525939941406,0.5368660092353821,1823.12744140625,339.0115661621094,0.662097692489624
2014,75.22015380859375,339.7132263183594,0.5254042744636536,1823.0986328125,339.04119873046875,0.6627280116081238
2015,75.19993591308594,339.4986877441406,0.5257840752601624,1823.175048828125,339.0251159667969,0.6636858582496643
2016,75.05479431152344,339.44830322265625,0.5438730120658875,1823.3013916015625,338.9942321777344,0.6585325002670288
2017,75.12107849121094,339.453369140625,0.5424261093139648,1823.275634765625,338.95660400390625,0.6581188440322876
2018,75.20462799072266,339.6000061035156,0.5426396727561951,1823.2904052734375,338.95050048828125,0.659606397151947
2019,75.11446380615234,339.61138916015625,0.5431216359138489,1823.2451171875,338.98004150390625,0.6568237543106079
2020,75.03490447998047,339.5872497558594,0.5433975458145142,1823.1978759765625,338.9205627441406,0.6558926105499268
2021,75.11653137207031,339.4728698730469,0.5353710055351257,1823.3114013671875,339.05047607421875,0.6556127667427063
2022,75.04243469238281,339.5820617675781,0.5383303165435791,1823.4866943359375,339.0379333496094,0.6553186178207397
2023,75.1329574584961,339.4994201660156,0.535336434841156,1823.362060546875,339.00372314453125,0.6556698083877563
2024,75.18373107910156,339.5972900390625,0.5409529805183411,1823.163818359375,338.99237060546875,0.6590113639831543
2025,75.19224548339844,339.6627197265625,0.5379619002342224,1823.2398681640625,339.01287841796875,0.6567620038986206
2026,75.2574234008789,339.7977294921875,0.5312391519546509,1823.302734375,339.00677490234375,0.6545758247375488
2027,75.36068725585938,339.8390808105469,0.5316068530082703,1823.202880859375,339.0096740722656,0.6530383825302124
2028,75.23950958251953,339.82159423828125,0.5361077785491943,1823.2315673828125,339.016357421875,0.6553462743759155
2029,75.25799560546875,339.7521667480469,0.5313084721565247,1823.2166748046875,339.0296936035156,0.659396231174469
2030,75.20673370361328,339.8412170410156,0.5262171626091003,1823.1986083984375,339.03076171875,0.6570137739181519
2031,75.16127014160156,339.86541748046875,0.5250916481018066,1823.226806640625,339.01983642578125,0.6580290794372559
2032,75.07380676269531,340.068359375,0.5310537815093994,1823.2303466796875,339.05181884765625,0.6619797945022583
2033,75.42378234863281,339.9645690917969,0.5224447846412659,1823.2904052734375,339.0033264160156,0.6611723303794861
2034,75.36424255371094,340.0423583984375,0.5281348824501038,1823.300537109375,338.975341796875,0.662960410118103
2035,75.36674499511719,339.9918518066406,0.5333433151245117,1823.226318359375,338.9659118652344,0.6614400744438171
2036,75.28230285644531,339.9596862792969,0.538511335849762,1823.207275390625,338.9248352050781,0.6620354652404785
2037,75.27792358398438,339.8973388671875,0.5337187051773071,1823.1246337890625,338.97216796875,0.6633226871490479
2038,75.3674087524414,339.8746337890625,0.5366920232772827,1823.1099853515625,338.9212646484375,0.6589282751083374
2039,75.21884155273438,339.8603820800781,0.5311959981918335,1823.2620849609375,338.95977783203125,0.6602375507354736
2040,75.21932983398438,339.78076171875,0.532166600227356,1823.28759765625,338.95074462890625,0.6563021540641785
2041,75.33846282958984,339.8491516113281,0.5354812145233154,1823.1968994140625,339.0459289550781,0.6558489799499512
2042,75.32292938232422,339.93243408203125,0.5341774821281433,1823.2554931640625,339.10302734375,0.6577889323234558
2043,75.26229858398438,339.8604736328125,0.5297960042953491,1823.19677734375,339.11419677734375,0.6580819487571716
2044,75.38343811035156,340.1358947753906,0.5371105074882507,1823.2059326171875,339.1385803222656,0.6567697525024414
2045,75.29269409179688,340.1089782714844,0.5348289012908936,1823.2293701171875,339.1318359375,0.655816912651062
2046,75.27696990966797,340.128173828125,0.5349224805831909,1823.1849365234375,339.0508117675781,0.6564356088638306
2047,75.279052734375,340.2098388671875,0.5295462012290955,1823.2564697265625,339.1235046386719,0.6568521857261658
2048,75.17237091064453,340.1432189941406,0.5281050205230713,1823.335205078125,339.11688232421875,0.6575238704681396
2049,75.23802947998047,340.1264343261719,0.526133120059967,1823.2347412109375,339.159912109375,0.6595274806022644
2050,75.31533813476562,340.1466369628906,0.5294593572616577,1823.180908203125,339.1534118652344,0.6607813239097595
2051,75.26134490966797,340.1873474121094,0.5284397006034851,1823.1973876953125,339.3038024902344,0.6579943895339966
2052,75.24227905273438,340.1865234375,0.5363103747367859,1823.166015625,339.284423828125,0.6543233394622803
2053,75.26236724853516,340.1897277832031,0.5327636003494263,1823.1441650390625,339.23272705078125,0.6571782827377319
2054,75.31791687011719,340.319091796875,0.5356850624084473,1823.188720703125,339.1250305175781,0.6590685248374939
2055,75.3691635131836,340.15533447265625,0.5310099720954895,1823.1795654296875,339.130126953125,0.6596679091453552
2056,75.3125,340.1136169433594,0.536818265914917,1823.302978515625,339.0856628417969,0.6587331891059875
2057,75.2929458618164,340.1177978515625,0.5354810357093811,1823.2252197265625,339.1861877441406,0.6565631031990051
2058,75.28675842285156,340.0794982910156,0.5417466163635254,1823.1990966796875,339.1717224121094,0.6576625108718872
2059,75.22314453125,340.201904296875,0.5382688641548157,1823.20263671875,339.2274475097656,0.6584008932113647
2060,75.18118286132812,340.0040283203125,0.5451633930206299,1823.2772216796875,339.15936279296875,0.658308207988739
2061,75.23928833007812,339.9100646972656,0.540027379989624,1823.1595458984375,339.1929931640625,0.6597931981086731
2062,75.36077117919922,339.9595031738281,0.5399848222732544,1823.1865234375,339.1299743652344,0.6598791480064392
2063,75.24469757080078,339.9468078613281,0.53555828332901,1823.1561279296875,339.1990966796875,0.6594129204750061
2064,75.16664123535156,340.01837158203125,0.5350621342658997,1823.269287109375,339.1541748046875,0.6605783700942993
2065,75.05081939697266,339.9618225097656,0.5298618674278259,1823.2381591796875,339.1100769042969,0.6583862900733948
2066,75.11424255371094,339.99603271484375,0.534170925617218,1823.1923828125,339.104248046875,0.6570737957954407
2067,75.08056640625,339.9222106933594,0.5321139693260193,1823.201171875,339.13720703125,0.657073438167572
2068,75.19396209716797,339.95147705078125,0.5367842316627502,1823.2291259765625,339.04827880859375,0.6560885906219482
2069,75.1823959350586,339.7348327636719,0.5364081859588623,1823.212890625,339.1315002441406,0.6569067239761353
2070,75.1309585571289,339.8335876464844,0.5414328575134277,1823.18798828125,339.1341247558594,0.6557305455207825
2071,75.06288146972656,339.70220947265625,0.541976273059845,1823.06591796875,339.28125,0.6571261882781982
2072,74.99024200439453,339.9233703613281,0.5464915633201599,1823.107666015625,339.25067138671875,0.6592833995819092
2073,74.96226501464844,339.8841857910156,0.5465396046638489,1823.15087890625,339.3149108886719,0.6605527400970459
2074,75.07178497314453,340.0143127441406,0.5469515323638916,1823.222900390625,339.3436584472656,0.6620785593986511
2075,75.08173370361328,339.806884765625,0.5502360463142395,1823.2373046875,339.3258056640625,0.6608597636222839
2076,75.0802230834961,339.8406066894531,0.5493924617767334,1823.3194580078125,339.2803955078125,0.6571468114852905
2077,75.15237426757812,339.78973388671875,0.5482268333435059,1822.9736328125,339.3537902832031,0.6611432433128357
2078,75.13070678710938,339.696533203125,0.5498946905136108,1822.9652099609375,339.3034362792969,0.6599262356758118
2079,75.2020263671875,339.6800537109375,0.5471875667572021,1822.9832763671875,339.34661865234375,0.658167839050293
2080,75.13867950439453,339.68096923828125,0.5492544174194336,1822.9906005859375,339.3495788574219,0.6528526544570923
2081,75.1305160522461,339.8752746582031,0.5423111915588379,1823.052490234375,339.2596130371094,0.6551948189735413
2082,75.18695068359375,339.9156188964844,0.5448768138885498,1823.1129150390625,339.19329833984375,0.6558528542518616
2083,75.10882568359375,340.0545349121094,0.5488048791885376,1823.15185546875,339.22314453125,0.6574832201004028
2084,75.02688598632812,340.1556091308594,0.5599831938743591,1823.24609375,339.1970520019531,0.6563542485237122
2085,75.22895812988281,340.18170166015625,0.5557885766029358,1823.2120361328125,339.1927490234375,0.660751223564148
2086,75.26361846923828,340.1716613769531,0.5443491339683533,1823.2105712890625,339.1492614746094,0.6624040603637695
2087,75.16158294677734,340.078369140625,0.5491014122962952,1823.14306640625,339.16326904296875,0.6633142828941345
2088,75.0591812133789,340.0154113769531,0.5487890839576721,1823.0726318359375,339.0906066894531,0.6597613096237183
2089,75.16715240478516,340.0039978027344,0.5450660586357117,1823.0477294921875,339.05621337890625,0.6626805663108826
2090,75.17884826660156,340.023681640625,0.5385605692863464,1823.1229248046875,339.03167724609375,0.6618803143501282
2091,75.28291320800781,339.90509033203125,0.5396021604537964,1823.140380859375,339.06903076171875,0.6640191078186035
2092,75.12165069580078,339.8142395019531,0.5286368131637573,1823.1109619140625,339.0094909667969,0.6652675271034241
2093,75.20694732666016,339.8008117675781,0.5232878923416138,1823.0887451171875,339.0750427246094,0.6639748811721802
2094,75.25167083740234,339.9510192871094,0.5279432535171509,1823.146240234375,339.15155029296875,0.6602605581283569
2095,75.23702239990234,339.9303894042969,0.5300947427749634,1823.15576171875,339.09124755859375,0.6617624163627625
2096,75.19579315185547,339.9639892578125,0.5329956412315369,1823.19287109375,339.08880615234375,0.6621299982070923
2097,75.56710052490234,339.8835754394531,0.5294505953788757,1823.1573486328125,339.0657043457031,0.6615704298019409
2098,75.5569839477539,339.7478332519531,0.5152285695075989,1823.35009765625,339.0689392089844,0.6618806719779968
2099,75.5465087890625,339.7981262207031,0.5163101553916931,1823.322021484375,339.10052490234375,0.659896731376648
2100,75.38893127441406,339.92938232421875,0.5177603363990784,1823.3948974609375,339.0567321777344,0.6577515602111816
2101,75.5895767211914,339.9991455078125,0.5149775147438049,1823.265869140625,339.1935119628906,0.6578811407089233
2102,75.54541015625,339.86724853515625,0.5042699575424194,1823.3748779296875,338.9476318359375,0.6554994583129883
2103,75.5031967163086,339.8019714355469,0.5096187591552734,1823.434326171875,338.9427795410156,0.65632164478302
2104,75.2591323852539,339.8094482421875,0.512955367565155,1823.4610595703125,338.9482727050781,0.6607030034065247
2105,75.4447250366211,339.59136962890625,0.5097408294677734,1823.3541259765625,339.0339050292969,0.6574663519859314
2106,75.48817443847656,339.5318298339844,0.5128728151321411,1823.30517578125,339.03411865234375,0.6578684449195862
2107,75.57691955566406,339.49053955078125,0.5107581615447998,1823.330322265625,339.03131103515625,0.656345784664154
2108,75.65127563476562,339.5226135253906,0.5158135890960693,1823.356201171875,339.05291748046875,0.6587041616439819
2109,75.67229461669922,339.4648132324219,0.5113548040390015,1823.2625732421875,339.1304016113281,0.6556128859519958
2110,75.65727996826172,339.4960632324219,0.5133878588676453,1823.2525634765625,339.15484619140625,0.6552374958992004
2111,75.65739440917969,339.55792236328125,0.5197997689247131,1823.2200927734375,339.0616149902344,0.6561327576637268
2112,75.6269760131836,339.7099609375,0.5302968621253967,1823.2503662109375,339.0408020019531,0.6547297239303589
2113,75.591064453125,339.893310546875,0.5268176198005676,1823.049560546875,339.1264343261719,0.6542972922325134
2114,75.63847351074219,339.8227844238281,0.5185934901237488,1823.291015625,339.0539245605469,0.6546400785446167
2115,75.6396255493164,339.8117980957031,0.5163977742195129,1823.081787109375,339.0422058105469,0.6562414169311523
2116,75.6466293334961,339.7572326660156,0.5227444171905518,1823.1937255859375,338.9847106933594,0.6608202457427979
2117,75.66967010498047,339.935546875,0.5207638144493103,1823.1903076171875,339.14642333984375,0.6576886177062988
2118,75.67625427246094,339.9273681640625,0.5209016799926758,1823.2119140625,339.1106262207031,0.6551170349121094
2119,75.73873138427734,340.0267028808594,0.535819411277771,1823.095458984375,339.1000061035156,0.6555137038230896
2120,75.64928436279297,340.1899108886719,0.5414288640022278,1823.0523681640625,339.0439147949219,0.6527868509292603
2121,75.60894012451172,339.9725036621094,0.5307101607322693,1823.270263671875,339.1241455078125,0.6551666855812073
2122,75.61087036132812,339.9739685058594,0.5312690734863281,1823.3740234375,339.0996398925781,0.6559973359107971
2123,75.66532897949219,340.00567626953125,0.5236712098121643,1823.3004150390625,339.1289367675781,0.6586577892303467
2124,75.62437438964844,340.0233459472656,0.5219310522079468,1823.27392578125,339.0718688964844,0.6569600105285645
2125,75.69134521484375,339.86309814453125,0.519805371761322,1823.2183837890625,339.2288513183594,0.6573919653892517
2126,75.6810302734375,339.88641357421875,0.5192434191703796,1823.14453125,339.2635192871094,0.6548141837120056
2127,75.75704193115234,339.89654541015625,0.5177289843559265,1823.1085205078125,339.22705078125,0.656661331653595
2128,75.69058227539062,340.048828125,0.5325318574905396,1823.0333251953125,339.380859375,0.651474118232727
