frame,t_s,beam_left_x,beam_left_y,beam_right_x,beam_right_y,confidence_min,theta_deg
0,0.0,72.4368331061095,349.41679479508105,1817.9266449277936,320.0369264174819,0.6162395477294922,-0.9643044066483876
1,0.03333333333333333,72.15901583870053,348.9468759662211,1817.9211260173947,319.990994294703,0.6096633672714233,-0.9502426979700984
2,0.06666666666666667,72.35536598699093,349.4023503158078,1817.9195120230377,319.99343860985636,0.614093542098999,-0.9652163875255751
3,0.1,72.42018004294634,349.07787019124777,1817.9537081352294,319.99353884717226,0.6162703037261963,-0.9545822073294835
4,0.13333333333333333,72.25439359744787,349.24863259501757,1817.986594002506,320.0026569714963,0.6083032488822937,-0.959777355110235
5,0.16666666666666666,71.81826103599667,348.9968949292615,1817.9777577142715,319.9254924632251,0.610126256942749,-0.9538159584551651
6,0.2,71.91172560718655,349.0749373819023,1817.6961377208113,319.7883504579723,0.608893096446991,-0.961081124419619
7,0.23333333333333334,71.902021680367,349.12438692322075,1817.86758714073,319.8085736618996,0.6082308292388916,-0.9619402501147949
8,0.26666666666666666,71.92070661033392,349.1206053511485,1817.676794088483,319.77585724341867,0.6128844022750854,-0.9630050289789316
9,0.3,71.85028881109953,349.166874961254,1817.86810286389,319.92179236109257,0.6143893003463745,-0.9595910876151573
10,0.3333333333333333,71.79607170532346,349.09879191040994,1817.699826106894,319.99502548372743,0.6136093735694885,-0.9550174506768013
11,0.36666666666666664,71.69004362328053,348.97335771043896,1817.7176136742235,319.9370076045752,0.6099330186843872,-0.9527380912312596
12,0.4,71.5677957549572,348.82994675062895,1817.8608666843236,319.73658808161616,0.6004115343093872,-0.9544631964582244
13,0.43333333333333335,71.55617516915798,348.895352141659,1817.720796100521,319.75113507632614,0.5992982983589172,-0.9562017149427622
14,0.4666666666666667,71.55187234134674,348.9421730570018,1817.7253367207527,319.77172538315057,0.5997750163078308,-0.9570573170480522
15,0.5,71.55849538096786,348.8694272894986,1817.6216774504303,319.78063695785403,0.5974950194358826,-0.9544389739918606
16,0.5333333333333333,71.50220887363552,348.9205862350434,1817.7021467526317,319.7955093983948,0.597117006778717,-0.9555545307590428
17,0.5666666666666667,71.48730866171718,348.91681583661136,1817.4711413965642,319.7719644773543,0.5967398881912231,-0.9563215156646049
18,0.6,71.40544905492663,348.8792513600707,1817.4753960583926,319.76520952368975,0.5904444456100464,-0.9552636530618075
19,0.6333333333333333,71.28932954856157,348.8306209116675,1817.5031303351313,319.78059573471546,0.5911141037940979,-0.9530850766680361
20,0.6666666666666666,71.52693928535581,348.80731790536123,1817.5604812672943,319.82879816761016,0.5988532304763794,-0.950837663597674
21,0.7,71.44024745886922,348.76571730386763,1817.421499408278,319.97983280448915,0.5943597555160522,-0.9445463838290664
22,0.7333333333333333,71.44141472458243,348.740458639323,1817.5579319416195,320.0187426740944,0.594078540802002,-0.9423682183937813
23,0.7666666666666667,71.50200362579822,348.76992092494146,1817.6848499576151,319.9960413086474,0.5971686244010925,-0.9440435595708825
24,0.8,71.66409777986408,348.75027723155694,1817.7317801142751,319.88717924430966,0.5996905565261841,-0.9470326442366841
25,0.8333333333333334,71.57350060340762,348.83679418515044,1817.6150218662262,319.9109910309315,0.5935112833976746,-0.9491039172473585
26,0.8666666666666667,71.55123576930166,348.97900224292874,1817.636725197792,319.93646302521825,0.5919374823570251,-0.9529095261963888
27,0.9,71.68323095722198,349.0575380714491,1817.6296628062994,319.88302221623064,0.5952028632164001,-0.957315210005211
28,0.9333333333333333,71.65296709852218,349.01958739918916,1817.458972326058,319.8799630254209,0.5957446098327637,-0.9562474111553222
29,0.9666666666666667,71.47065494766235,348.9896557122007,1817.5939420888722,319.9274121596992,0.5902158617973328,-0.953535284767988
30,1.0,71.47609293053151,348.9481383705988,1817.650978206435,319.8307603890061,0.5879019498825073,-0.9553156918177028
31,1.0333333333333334,71.46069890880585,348.93864283759297,1817.6997942132025,319.84759722058175,0.5900514721870422,-0.9544168207198028
32,1.0666666666666667,71.54477024546266,348.92341891555486,1817.7064207242458,319.9621775851309,0.5962918996810913,-0.9502011272128609
33,1.1,71.66129764393568,348.82922908833103,1817.7001804089218,319.9053699305415,0.5944700241088867,-0.9490415770081089
34,1.1333333333333333,71.63940338414908,348.7930992854945,1817.681143129602,319.8649716886699,0.5927464962005615,-0.9491800533894549
35,1.1666666666666667,71.69075960410834,348.8691973620191,1817.7492409339904,319.89163872004747,0.5973430871963501,-0.9507925560096935
36,1.2,71.79484368972183,348.72516973660066,1817.6008437101245,319.84766317760347,0.5944300293922424,-0.9476473180304013
37,1.2333333333333334,71.65494450739025,348.7719159621254,1817.4870923645883,319.9156787526786,0.5967114567756653,-0.9469352877877297
38,1.2666666666666666,71.52098709807396,348.82138459626583,1817.4358964809417,319.871887195611,0.595365047454834,-0.9499500944095188
39,1.3,71.55084523430466,349.0081037176028,1817.465644182554,319.89165651108624,0.6005839109420776,-0.9554274405914791
40,1.3333333333333333,71.6159101005137,349.0318021405935,1817.5362973876058,319.93340817368625,0.601567268371582,-0.9548320954158651
41,1.3666666666666667,71.5958092642188,349.01057439386847,1817.4813263323217,319.9871943891823,0.6011121869087219,-0.9523900659390168
42,1.4,71.71260396220089,348.9870719977498,1817.493000942129,320.0623519814968,0.601585328578949,-0.949210314668991
43,1.4333333333333333,71.74159424288273,348.91797073538305,1817.522404539016,320.06053555983306,0.6012146472930908,-0.9470024349051728
44,1.4666666666666666,71.8229001578331,348.88486557185723,1817.672723412031,320.0250307214737,0.5994886755943298,-0.9470437386553527
45,1.5,71.7488000475049,348.9190909199327,1817.6873597958624,320.03109312641027,0.5988398790359497,-0.9479195739104872
46,1.5333333333333334,71.75195340064168,348.888728830833,1817.7165017343013,319.99605866575837,0.6001960635185242,-0.948058753883215
47,1.5666666666666667,71.77566668565869,349.0091617419988,1817.8324596025705,320.02052091011404,0.5992380976676941,-0.9511570303174244
48,1.6,71.82757833316923,348.9592552747339,1817.846261326328,320.0059292208433,0.5949699878692627,-0.9500192481296809
49,1.6333333333333333,71.95338961637616,348.96377376464903,1817.7228012807668,320.0279519232512,0.5991681218147278,-0.9495805460147002
50,1.6666666666666667,71.98771634082794,349.0231120860189,1817.726219329846,320.0606379667878,0.6043220162391663,-0.9504718525454325
51,1.7,71.83054119201303,348.98095806389006,1817.6690341580927,320.064290770793,0.5985891222953796,-0.9489145280337958
52,1.7333333333333334,71.8337149397552,348.9224333570972,1817.6960090612263,320.003419382596,0.5998980402946472,-0.9489785863103322
53,1.7666666666666666,71.80992398166657,348.995757062155,1817.5603391559482,319.9829171631098,0.599218487739563,-0.9521179246547027
54,1.8,71.77105533519983,349.03536902689933,1817.5255390162945,319.99663362005947,0.5969418287277222,-0.9529653635650743
55,1.8333333333333333,71.81940877496004,349.0934372416735,1817.532774978897,319.9842389071107,0.5991746187210083,-0.9552998162023234
56,1.8666666666666667,71.79060204572677,349.00636225696206,1817.5513906973838,319.9475503137827,0.597917377948761,-0.953620650986612
57,1.9,71.72598542690874,349.1063447487697,1817.6247507438927,319.94941446750164,0.6002839207649231,-0.9567643907480182
58,1.9333333333333333,71.75438730152845,349.095952395536,1817.603922644648,319.91931897277834,0.6015348434448242,-0.957437807651445
59,1.9666666666666666,71.68178380809427,349.11792942704557,1817.628068555656,320.01827446602584,0.6004858016967773,-0.954859304974864
60,2.0,71.81855393724442,349.07430124378504,1817.682376569301,319.9075846979022,0.6055941581726074,-0.9571046125667657
61,2.033333333333333,71.78200029545427,349.0713818862006,1817.6740021971823,319.9553948600888,0.6042059659957886,-0.9554248160432676
62,2.066666666666667,71.85239639829993,348.95645025711804,1817.5685178266406,319.9814960496485,0.6034534573554993,-0.9508935297399015
63,2.1,71.79402877336145,349.0645170403272,1817.4852225698085,319.96708791182635,0.6070324182510376,-0.9549257746210631
64,2.1333333333333333,71.84450759136081,348.99562286999077,1817.4129206561774,320.02549545812013,0.6080308556556702,-0.9508155896747671
65,2.1666666666666665,71.77227510617375,349.0751163771093,1817.5036610287993,320.0337452929676,0.6080584526062012,-0.953064450237119
66,2.2,71.66847914860249,349.01664515191464,1817.502536721936,320.0245286670387,0.605035662651062,-0.9513923921543549
67,2.2333333333333334,71.59283468932509,349.08593105054945,1817.4824851364433,320.0313348241806,0.6044393181800842,-0.9534119674229131
68,2.2666666666666666,71.73366725029945,348.99488844723254,1817.5073962790816,320.0172924874723,0.6045700907707214,-0.9509488352648265
69,2.3,71.56996886525154,348.98935858015716,1817.5041823930203,319.95666192919015,0.6003736257553101,-0.9526691643770079
70,2.3333333333333335,71.69102039470077,349.02515794699343,1817.4725794332087,319.97405765973923,0.6022815704345703,-0.9533562843506653
71,2.3666666666666667,71.65740834929348,349.03397752900867,1817.561941651219,319.9252299369216,0.6015118360519409,-0.9551804474072687
72,2.4,71.62119230331183,349.01814795227943,1817.6219328169257,319.88406928395034,0.6035329103469849,-0.9559588444988849
73,2.433333333333333,71.63979261736274,349.02818969187143,1817.4841685592444,319.93472861590385,0.6024127006530762,-0.9547118150972628
74,2.466666666666667,71.74595912236572,349.1861062062889,1817.4489091070413,319.9111993162632,0.6049654483795166,-0.9607427212578338
75,2.5,71.75816854815483,349.2487571322888,1817.39314396393,320.01411960758566,0.6100645661354065,-0.95945876267211
76,2.533333333333333,71.90434276003242,349.0833287856862,1817.5604459021806,320.04505995968583,0.6133019328117371,-0.9530037504143251
77,2.566666666666667,71.74296198322773,349.11973890586495,1817.438365963906,320.0505934066653,0.6075072288513184,-0.9539954275568769
78,2.6,71.61958199734092,349.2301845896155,1817.5328227109521,320.0354124434769,0.6067792773246765,-0.9579979725888109
79,2.6333333333333333,71.66671045899392,349.2022339998812,1817.4916097696841,320.0595644294739,0.6076834201812744,-0.956336975837786
80,2.6666666666666665,71.6707238569796,349.1275630575657,1817.6575548157841,320.02248356543777,0.607681393623352,-0.9550150951840906
81,2.7,71.6854283674717,349.13620993632674,1817.4341286591887,320.0143430803895,0.6008930206298828,-0.9556961519245649
82,2.7333333333333334,71.67079892648458,349.00342250477223,1817.5037265518934,319.988578184855,0.5941508412361145,-0.9521386975609005
83,2.7666666666666666,71.70432982739806,349.03084771645365,1817.4050717705936,320.047500803417,0.5977699160575867,-0.9511772872520751
84,2.8,71.63280204091669,349.077760082075,1817.5654497403116,319.94814783232806,0.5988850593566895,-0.9558495883598137
85,2.8333333333333335,71.57315389511585,349.03237958997937,1817.4942818969191,319.92474871101973,0.5982167720794678,-0.9551347333344525
86,2.8666666666666667,71.49740529317259,349.03004863845706,1817.5558499561578,319.9430357292175,0.5991184711456299,-0.9543832543117667
87,2.9,71.55566443616748,348.9641856705889,1817.5110182742148,319.91367574207186,0.5985968112945557,-0.9532420354437938
88,2.933333333333333,71.51511214993596,348.8981275437042,1817.6779370542406,319.8564818917632,0.5973507761955261,-0.9528380188254517
89,2.966666666666667,71.4956370374918,348.939117988506,1817.6736652522654,319.9048887046397,0.5942487716674805,-0.9525864449717989
90,3.0,71.5504069672525,348.92990168802294,1817.7296460574805,319.85623889220955,0.5953857898712158,-0.9538793221214945
91,3.033333333333333,71.61483135606646,348.94736890817285,1817.6294877164423,319.8646939748943,0.5974411964416504,-0.9542648729041985
92,3.066666666666667,71.740839642483,348.8541539539352,1817.7842927517534,319.7737418455184,0.6043837070465088,-0.9541749043515222
93,3.1,71.69149077240824,348.92085082250384,1817.7897587229638,319.87327793412805,0.6040078997612,-0.9530676809689246
94,3.1333333333333333,71.67983460453152,348.87061972302274,1817.8298772983849,319.8968137426853,0.6040447354316711,-0.9506196084623636
95,3.1666666666666665,71.49297055131792,348.8803596116066,1817.7351975124627,319.93810891326666,0.6006630659103394,-0.949534361817946
96,3.2,71.6103033197403,348.879902902624,1817.7848210588188,319.91685296123626,0.6025578379631042,-0.9502534547615504
97,3.2333333333333334,71.49743349847793,348.93696386255175,1817.6917316181898,319.9075478140414,0.6008041501045227,-0.9524196837479001
98,3.2666666666666666,71.56129768653511,349.00382280314415,1817.7473474901467,319.96807943679096,0.6022336483001709,-0.9526317360846767
99,3.3,71.52046681867242,349.0761612751901,1817.6746387692272,319.9861920160234,0.6033446192741394,-0.9544279214770838
100,3.3333333333333335,71.59076311812997,349.0232921660453,1817.7096326576323,319.9389259992659,0.6056696176528931,-0.9542634097038258
101,3.3666666666666667,71.58093508796692,349.11444303434195,1817.5325280739933,320.0079330993056,0.6046085357666016,-0.955081295263585
102,3.4,71.71871757061481,349.107940843606,1817.613365780875,320.0057738747001,0.6033955812454224,-0.9549699553929784
103,3.433333333333333,71.7339601515472,349.04831710624245,1817.5775038199574,320.0644990561247,0.598869800567627,-0.9511149574530859
104,3.466666666666667,71.7754883413434,349.04382573681323,1817.5070222333402,319.99930878478887,0.6031176447868347,-0.9531675898535583
105,3.5,71.5938765499115,348.9910207404971,1817.4698122757911,320.1183646804035,0.6018322706222534,-0.9474502253230304
106,3.533333333333333,71.53994019540548,349.0043321258694,1817.487983652237,320.07855788208843,0.6035780906677246,-0.9491537743610335
107,3.566666666666667,71.50050787675977,348.9338668115437,1817.580292022872,320.0296399022937,0.6014890074729919,-0.9483753149950311
108,3.6,71.63017547609806,348.8080079590045,1817.6091111190467,319.97934203217625,0.5981663465499878,-0.945951163436792
109,3.6333333333333333,71.72357973132729,348.9125486993596,1817.5124656403066,320.0132990501642,0.6024551391601562,-0.9483700064780032
110,3.6666666666666665,71.70884744945765,349.1060930706605,1817.6505865866184,320.0100168204784,0.5976138114929199,-0.9547443821963735
111,3.7,71.62358888641,349.04676896042525,1817.5316836505442,320.0280643105447,0.593987762928009,-0.9522243625339282
112,3.7333333333333334,71.59722517054676,348.9516762922257,1817.5211392056256,320.0089567349255,0.5962165594100952,-0.9497228293476332
113,3.7666666666666666,71.52754938780666,349.04120817599596,1817.6427144858985,320.07135771852734,0.5919676423072815,-0.9505088350422255
114,3.8,71.43069757640959,349.1016765537724,1817.6456285278678,320.05461808677313,0.5912010073661804,-0.9529871449211006
115,3.8333333333333335,71.43124649504423,349.04948719248625,1817.5815397821873,320.0401235973239,0.5912252068519592,-0.9517858893002512
116,3.8666666666666667,71.55551559894084,348.9730092664361,1817.5665827257305,320.05574499720336,0.5929418206214905,-0.9488403398695112
117,3.9,71.49452184311151,349.06734917842897,1817.4967622280776,320.17040910981297,0.5917922854423523,-0.9481783715479197
118,3.933333333333333,71.44465529720188,349.06243223433495,1817.6020246445626,320.2423361098468,0.5875615477561951,-0.9455733975717932
119,3.966666666666667,71.44153448864817,349.1160270876825,1817.543735994479,320.1803273969531,0.5885025858879089,-0.9493955913720896
120,4.0,71.60033599876165,349.0922369974494,1817.7293433928578,320.1528480527818,0.5929718017578125,-0.9495020416442514
121,4.033333333333333,71.49157764316202,349.19034112440346,1817.6202626289219,320.1993334334731,0.5959476828575134,-0.9511955186490249
122,4.066666666666666,71.25548535179496,349.15792802143693,1817.575788503465,320.23919534061554,0.5942506790161133,-0.9487205157662436
123,4.1,71.35088741049766,349.1242641216606,1817.5249605905713,320.157745361644,0.5962632894515991,-0.950367484838222
124,4.133333333333334,71.19604028419256,348.9622724830314,1817.5302579808415,320.18206310805084,0.5971862077713013,-0.9441693629246409
125,4.166666666666667,71.31135008133054,349.0057351228461,1817.4897840185731,320.13284137881396,0.5948578715324402,-0.9472939210192755
126,4.2,71.429275161165,349.01942207270713,1817.5173675054102,320.11429096645713,0.5956429839134216,-0.9484004652885999
127,4.233333333333333,71.42385410147905,349.02865952716917,1817.4420244089722,320.12859626339673,0.5945420861244202,-0.9482721822805933
128,4.266666666666667,71.52776548383832,349.0512544718295,1817.500864798221,320.1234025818646,0.5949575901031494,-0.949208317114384
129,4.3,71.47853637782931,349.0562380238369,1817.4660473014562,320.08819802152516,0.5937864184379578,-0.9505189217499422
130,4.333333333333333,71.5799053773582,349.0530902032793,1817.5244285951196,320.0451992505014,0.5957564115524292,-0.9518497287322866
131,4.366666666666666,71.51384030762911,349.15782181761415,1817.5060354815812,320.0317960894048,0.5963855981826782,-0.9556993338269973
132,4.4,71.67597351519466,349.1388298837468,1817.6130817751466,320.04625022357106,0.5971947908401489,-0.9546321996058919
133,4.433333333333334,71.6880262930572,349.20305748631506,1817.5628869628758,320.03354828975796,0.5987590551376343,-0.9571901856283453
134,4.466666666666667,71.75959660446048,349.18830860670806,1817.6341409409315,320.03133959738614,0.5997775197029114,-0.9567789323422468
135,4.5,71.71836001412868,349.0993754347846,1817.5741315502585,320.03650073433516,0.5967819094657898,-0.9537020743508221
136,4.533333333333333,71.6781839432776,348.99988393225374,1817.599805537924,320.01577113669515,0.5982244610786438,-0.9510821012096695
137,4.566666666666666,71.54538121576905,349.1381066346288,1817.4060667669803,320.0002820847869,0.5979267954826355,-0.9561584167656596
138,4.6,71.4974612698555,349.0475494880095,1817.4466299014061,319.9791649896443,0.5948989987373352,-0.953831828499668
139,4.633333333333334,71.53344516447783,349.08481672402473,1817.4329607425839,319.9730374955416,0.5940890312194824,-0.955282654685782
140,4.666666666666667,71.57583904018402,348.95399541921614,1817.5771048233687,319.9731707113683,0.5932998061180115,-0.9509308550979708
141,4.7,71.58999116061926,349.11100328887403,1817.4438065503418,320.0672618742645,0.5958226919174194,-0.9530753965758478
142,4.733333333333333,71.66321777433753,349.1879957447827,1817.4302951242655,320.08830129633543,0.5973462462425232,-0.9549586011530097
143,4.766666666666667,71.6120815557599,349.23098811537176,1817.4425566213877,320.05818193558457,0.5922834277153015,-0.9573226887904913
144,4.8,71.7913280068934,349.28939577014745,1817.566950913447,320.0427922531366,0.5999844074249268,-0.9597740886052183
145,4.833333333333333,71.69863712892533,349.2604837049469,1817.4334246113747,320.14788261725903,0.6012728810310364,-0.9553997450370956
146,4.866666666666666,71.69635553668738,349.1735531097025,1817.4170776842564,320.15399101853967,0.5987318158149719,-0.9523546824099921
147,4.9,71.65649666703939,349.1801973033026,1817.436398318413,320.1674032921195,0.5983647108078003,-0.9521003405994486
148,4.933333333333334,71.52797333524227,349.16347535410523,1817.4085171571226,320.29749397103785,0.5954090356826782,-0.947228737414609
149,4.966666666666667,71.78419596999288,349.22935513667466,1817.3158954906344,320.1812152131796,0.599152147769928,-0.9533955799895686
150,5.0,71.78179808511138,349.2169494670495,1817.3094688033314,320.1861745737135,0.599959135055542,-0.9528279422915888
151,5.033333333333333,71.64839783905745,349.218816441299,1817.2590333781093,320.20990998904705,0.6004781723022461,-0.9520650804098115
152,5.066666666666666,71.598881038934,349.22982529741824,1817.1923729594737,320.1976563026249,0.6037051677703857,-0.9528377666425526
153,5.1,71.65160803673267,349.20215730314703,1817.3494196656675,320.12961555973885,0.6018670201301575,-0.9541055497376852
154,5.133333333333334,71.68544876207709,349.21920090130715,1817.1821930138856,320.16820171922444,0.6034361124038696,-0.9535084980657538
155,5.166666666666667,71.63926322547793,349.2246899791717,1817.2204626230598,320.1312948602259,0.6046081781387329,-0.9548535634335555
156,5.2,71.64389583839774,349.17253305398674,1817.3532981121152,320.1686907558262,0.6057696342468262,-0.9518450611884036
157,5.233333333333333,71.66940124512315,349.1782001507208,1817.2320289678871,320.13612057100534,0.6057114601135254,-0.9531798229767529
158,5.266666666666667,71.66962211436034,349.1805137451321,1817.2723146055014,320.1223928319335,0.6034793257713318,-0.9536843274384607
159,5.3,71.76615238527656,349.2456535723642,1817.3154036335022,320.0579228807032,0.6043483018875122,-0.9579666376602679
160,5.333333333333333,71.86534176559448,349.2711545313299,1817.326992108646,320.0728243944049,0.6042688488960266,-0.9583625425204271
161,5.366666666666666,71.76940033466816,349.22624300667644,1817.340269647652,320.0802792735696,0.6018610596656799,-0.9565842199796548
162,5.4,71.8115694357872,349.24984976242484,1817.3695656304508,320.07613830081823,0.6046407222747803,-0.95750180400351
163,5.433333333333334,71.78191264204384,349.2461286147952,1817.2929289953172,320.0865729620099,0.6065754890441895,-0.9570630403447478
164,5.466666666666667,71.73025310657025,349.16687138134984,1817.4402134114057,320.07084915517567,0.6000240445137024,-0.9548693480185869
165,5.5,71.88495443314314,349.2058725927517,1817.4078278628529,320.0205760189414,0.6033970713615417,-0.9579012352876414
166,5.533333333333333,71.88146174848676,349.2753716584057,1817.4860743700297,319.9589660856724,0.6027759909629822,-0.9621585568109745
167,5.566666666666666,71.91055530397892,349.3351171125099,1817.4435898034185,320.0357266071856,0.6062096357345581,-0.9616396550075406
168,5.6,71.86570192564726,349.2068470860511,1817.469397006911,320.03353397014143,0.6023665070533752,-0.9574636706203851
169,5.633333333333334,71.718938439852,349.23783723136336,1817.5866176050038,320.10553213433025,0.595912516117096,-0.9559735006514959
170,5.666666666666667,71.57913255199193,349.25079464015363,1817.4679941184163,320.03575611427425,0.59821617603302,-0.9586762540317956
171,5.7,71.62547647222877,349.2670662808031,1817.6073630410076,320.0671117352545,0.5955798029899597,-0.9581303315033389
172,5.733333333333333,71.60511527926921,349.2485851884082,1817.6212463431864,320.0231965087712,0.5900522470474243,-0.9589459345922744
173,5.766666666666667,71.62352292938829,349.2876348912388,1817.5216141395747,320.09399616444705,0.5947441458702087,-0.9579690983357635
174,5.8,71.64628634650707,349.2466187362164,1817.5640353527308,320.0777946031332,0.5936509966850281,-0.9571442012456972
175,5.833333333333333,71.48689990175366,349.2265214798257,1817.5585604860007,320.1279063182354,0.5935086607933044,-0.9547566438399367
176,5.866666666666666,71.4244898056686,349.2300443224624,1817.7068681037813,320.1920438807905,0.5931364893913269,-0.9526532311610701
177,5.9,71.47462712250947,349.2782620513111,1817.6942583796204,320.10762670369746,0.5934391021728516,-0.9570381750026726
178,5.933333333333334,71.3619985650897,349.22512987345306,1817.6614128676265,320.0489175776005,0.5891565680503845,-0.9571773866534444
179,5.966666666666667,71.48793481949568,349.2082102701545,1817.6194817758917,320.0709472228527,0.5887935161590576,-0.9559917047486439
180,6.0,71.44172281330228,349.0925598397136,1817.7928281110765,320.0169479488194,0.5791910290718079,-0.9538493937990442
181,6.033333333333333,71.4849476606965,349.2243664860159,1817.6359601831257,320.0610007304072,0.590143084526062,-0.9568373090841071
182,6.066666666666666,71.5422239572823,349.3376525524959,1817.6948903954237,320.03837530232073,0.5939984917640686,-0.9612947607519131
183,6.1,71.51170972225665,349.22636841180326,1817.6006970425367,320.0634177081108,0.5926768183708191,-0.956857676260311
184,6.133333333333334,71.38802077979446,349.0808522513956,1817.7629092249572,319.993343145746,0.5843162536621094,-0.9542266265866398
185,6.166666666666667,71.35852410539985,349.0406125016436,1817.4725928849698,320.0262123068035,0.584118127822876,-0.9519708531007426
186,6.2,71.36988346667886,349.040909850651,1817.5699009714217,319.9828438293159,0.5849248766899109,-0.9533563589687469
187,6.233333333333333,71.43689970608949,349.05312079518734,1817.542653127718,320.02929102436303,0.5821048021316528,-0.9522847173916539
188,6.266666666666667,71.53089019774198,348.9953177102834,1817.600115579319,320.00241267015934,0.583063006401062,-0.9512901468877278
189,6.3,71.47299034694433,349.0775120923519,1817.4147696224243,320.1240686609983,0.5838173031806946,-0.9500649369414633
190,6.333333333333333,71.47794493427277,349.0809224392131,1817.4651874735714,320.0911522018135,0.5861955881118774,-0.9512319641479567
191,6.366666666666666,71.49660513035656,349.0791974678278,1817.4362709606112,320.114266232574,0.585272490978241,-0.9504429735957702
192,6.4,71.5749707507074,349.0213259308174,1817.5376254235596,320.1075190896094,0.5877306461334229,-0.9487532163426686
193,6.433333333333334,71.55518624776006,349.2106885401562,1817.5892673849582,320.0321987743795,0.5960029363632202,-0.957397529338343
194,6.466666666666667,71.69337445287704,349.2612513231799,1817.6402005253374,320.05929886567594,0.603166937828064,-0.9582151142535502
195,6.5,71.70903490625619,349.23796090077906,1817.6301149590404,320.05672914539576,0.6058590412139893,-0.9575494419208527
196,6.533333333333333,71.60132578801513,349.0806107705891,1817.54339557814,320.0448772760928,0.6055347323417664,-0.9527645095640818
197,6.566666666666666,71.83172060770393,349.07718306661695,1817.51322045767,320.0251617676616,0.6014267206192017,-0.95344113941794
198,6.6,71.86464097223877,349.0869431870833,1817.5884607132257,320.0023723148763,0.6032359004020691,-0.9544860321667462
199,6.633333333333334,71.79424920867085,349.08219775294214,1817.538165229711,320.01810783776045,0.6026062369346619,-0.9538030424899367
200,6.666666666666667,71.82730105332136,348.9341469119221,1817.4652616752207,320.0442984164417,0.6015516519546509,-0.9481435036008179
201,6.7,71.60325199340582,348.9907587566033,1817.5412057616263,319.97119200071694,0.6009550094604492,-0.9522363641961953
202,6.733333333333333,71.67005777784586,349.09192760694623,1817.5276142758757,319.9573128208518,0.6031956672668457,-0.9560548210319255
203,6.766666666666667,71.69145649211407,349.06147249457985,1817.4914529047937,319.98049411041734,0.5992479920387268,-0.9543265216751734
204,6.8,71.67505358831286,348.9053729442358,1817.4148811418622,319.97728998773096,0.5989763140678406,-0.9493427119850909
205,6.833333333333333,71.51345237619877,348.9675252872229,1817.4120048516095,319.95729719945194,0.5946426391601562,-0.9519514644259968
206,6.866666666666666,71.55790133384465,348.95340625378043,1817.5711036022485,319.96432422583104,0.5984969139099121,-0.95119524631743
207,6.9,71.5621872384727,348.9508568196237,1817.5330201480895,319.9702117578745,0.5966820120811462,-0.9509415334642554
208,6.933333333333334,71.56908018116951,348.87616412667853,1817.7149641112328,319.948173000139,0.5958091020584106,-0.9491189757176897
209,6.966666666666667,71.53790637592674,348.9392228905454,1817.6380927211733,319.9139643040419,0.5975337624549866,-0.9523346245851858
210,7.0,71.52765309654474,348.8961458497994,1817.71503874681,319.8874300545633,0.5968180298805237,-0.9517444255631694
211,7.033333333333333,71.62338580821157,349.0489907791123,1817.7114341087877,319.8932676849127,0.5975067615509033,-0.9566210915574761
212,7.066666666666666,71.65332552286387,348.8404840357393,1817.7816549048125,319.95750244728924,0.5976242423057556,-0.9476520206758847
213,7.1,71.56642714675665,348.968963866277,1817.7436560665697,319.9651951188743,0.5982763767242432,-0.9515876820590369
214,7.133333333333334,71.5828192023635,348.95559932475237,1817.74597519356,319.9560487892449,0.5988202095031738,-0.9514569783938126
215,7.166666666666667,71.60687355461121,348.9206795295149,1817.6808745283097,319.97698970971106,0.5986385345458984,-0.9496730386677336
216,7.2,71.53008786528707,348.8553028862,1817.6802069304288,319.9707615443647,0.5984557271003723,-0.9476913629797132
217,7.233333333333333,71.63230475968719,348.90172176745983,1817.6370883953393,319.8688301744401,0.5943264365196228,-0.952637061769333
218,7.266666666666667,71.63517128656507,348.95106564736517,1817.7221341168135,319.81990611965654,0.5953049659729004,-0.9558158862225533
219,7.3,71.58063133852482,348.8931774041355,1817.4520312173784,319.88636302616595,0.595021665096283,-0.9518542671273426
220,7.333333333333333,71.63829035940766,348.8226939733252,1817.5412506731511,319.9667581267178,0.5930081009864807,-0.9468870006205629
221,7.366666666666666,71.68827666938304,349.04925439023526,1817.6053083929955,320.0147861206472,0.5928592085838318,-0.9527366611500314
222,7.4,71.65428667288423,349.20142233797907,1817.7166549108058,319.95925855299237,0.5948308706283569,-0.9594708543967951
223,7.433333333333334,71.62926683133841,349.19917621933666,1817.5906785180807,320.00261271086333,0.5932919383049011,-0.958030315637743
224,7.466666666666667,71.88042292539477,349.45010298256426,1817.552375279504,320.1370144622207,0.6014460325241089,-0.9620126079441651
225,7.5,71.79017679650784,349.389618874906,1817.4658630991162,320.08900686289667,0.5976133942604065,-0.9616011676715888
226,7.533333333333333,71.72758271504641,349.140703149949,1817.9126737552403,320.03794527989623,0.5962502360343933,-0.9548305279721186
227,7.566666666666666,71.64982285786867,349.1115363691449,1817.7617076789497,320.1285997348189,0.5896992087364197,-0.9509399034328574
228,7.6,71.6411863933742,349.2331411565065,1817.8187778598428,320.1922204893947,0.5898360013961792,-0.9528061809227283
229,7.633333333333334,71.57450644798875,349.156319668141,1817.7291795851231,320.12851121355294,0.5923427939414978,-0.9523885580763723
230,7.666666666666667,71.50720077875256,349.0609610022157,1817.8092462023496,320.005323891598,0.5926764011383057,-0.9532209993217106
231,7.7,71.5124539083898,349.08253176884654,1817.7993723928064,320.0423244789958,0.5924520492553711,-0.9527231416117873
232,7.733333333333333,71.52901953510641,349.09021717214137,1817.882770924449,320.0996971075475,0.5944732427597046,-0.9510569590574691
233,7.766666666666667,71.58464950971603,349.1285722650871,1817.7206286044002,320.14425932034254,0.599376916885376,-0.9509719324727476
234,7.8,71.49463726789952,349.0822274769947,1817.7762229969323,320.1271091929138,0.5956096649169922,-0.949935036114793
235,7.833333333333333,71.47712220721245,349.08660396404565,1817.7278391822279,320.14818593277334,0.5920577645301819,-0.9494040280510888
236,7.866666666666666,71.52428668487072,348.9965427968726,1817.7943995805115,320.0998793572128,0.5912346243858337,-0.9480238766090597
237,7.9,71.57002180444002,349.0994894493073,1817.6976360734166,320.1077447320521,0.5966383814811707,-0.9512202792298192
238,7.933333333333334,71.64945098176598,349.1135116083741,1817.7512756213248,320.0813753751278,0.6004271507263184,-0.9525593487829154
239,7.966666666666667,71.59016039245128,349.07298188638686,1817.7276914298207,320.11284642089606,0.5995434522628784,-0.9501779733377668
240,8.0,71.71877962228656,349.03404109942767,1817.8872983098834,320.0657821805537,0.5953925251960754,-0.9504275902445131
241,8.033333333333333,71.57443745347261,349.03739102184625,1817.8003320240796,320.04428539860845,0.5911626815795898,-0.9512113935756621
242,8.066666666666666,71.53277084071637,349.02881617509576,1817.8764961118668,320.09006304309963,0.5909878015518188,-0.9493644644175712
243,8.1,71.50233601447344,349.0607492454618,1817.805965708375,320.0880643717706,0.5896398425102234,-0.9504992439257454
244,8.133333333333333,71.51295596282482,349.06633910305203,1817.8011725421786,320.08647229076627,0.5901320576667786,-0.9507432065010524
245,8.166666666666666,71.5038165760398,349.04006510175617,1817.6777637000948,320.2012023603976,0.5889890193939209,-0.9461800280115984
246,8.2,71.5997649498105,349.0823205545023,1817.6927938733816,320.194451312083,0.5894621014595032,-0.947831513848152
247,8.233333333333333,71.50193810270429,349.0096771397129,1817.6653696380376,320.2492889345765,0.5886166095733643,-0.9436114888569954
248,8.266666666666667,71.50060420872569,348.99714346139433,1817.663866512227,320.2701881979763,0.5894805788993835,-0.942514862942651
249,8.3,71.56877079066635,349.1788196911007,1817.7052371862412,320.17756414488554,0.5920292735099792,-0.9515274495824259
250,8.333333333333334,71.54492906302809,349.1335430162251,1817.682012937826,320.133797321701,0.5966681838035583,-0.9514775842453108
251,8.366666666666667,71.49412696883678,349.0282478381932,1817.6229434347124,320.13033544591667,0.5986253023147583,-0.9481415472283744
252,8.4,71.53994930788875,349.07514631812575,1817.6851701963126,320.0358468051791,0.6003295183181763,-0.9527706613072117
253,8.433333333333334,71.44278376671076,349.10995708900987,1817.5380018559038,320.02515569267274,0.6009729504585266,-0.9542906106487807
254,8.466666666666667,71.41711563706994,349.1599648784101,1817.498910170561,320.0604140600562,0.6021040678024292,-0.9547817976640074
255,8.5,71.45407022812367,348.9955448714733,1817.4635099087955,319.9536734686077,0.5995101928710938,-0.9529291153097978
256,8.533333333333333,71.55609879786968,349.10518551072033,1817.5622636256278,320.04340105380413,0.6004016995429993,-0.9535841750206628
257,8.566666666666666,71.4668224975586,349.03948548273144,1817.5059352442652,320.0240474411368,0.5976373553276062,-0.9520457601562916
258,8.6,71.4669648258686,348.98036694577934,1817.5397527544737,320.04273323895933,0.5947573184967041,-0.949475027088768
259,8.633333333333333,71.53651997668743,348.9516371302441,1817.559131534952,320.0709146782696,0.5923705697059631,-0.9476352751080742
260,8.666666666666666,71.61869678468108,348.8677352966242,1817.616895566356,320.05028965722323,0.5894360542297363,-0.9455726300304014
261,8.7,71.56381924083233,348.8300092362285,1817.4797030085176,320.07888853505256,0.592124879360199,-0.9434412067771784
262,8.733333333333333,71.54509786093234,348.85162670433596,1817.426435553676,320.08326296094657,0.5937729477882385,-0.9440255946202829
263,8.766666666666667,71.57994052550792,348.87151665173246,1817.5207031082123,320.08141746612193,0.5968689918518066,-0.9447065583666755
264,8.8,71.74221996673346,349.0173150279164,1817.3381353738935,320.09592670911553,0.6019378304481506,-0.9492012862092488
265,8.833333333333334,71.61182987765073,348.86118933342397,1817.3835932136149,320.00885042262075,0.6007897257804871,-0.9468401291638502
266,8.866666666666667,71.51311261075139,349.0075400454238,1817.4072956504374,320.1160661649823,0.5986979007720947,-0.9480577085513141
267,8.9,71.5491255785346,349.1053569121912,1817.3271107878923,320.1698866607726,0.6006186008453369,-0.9495643475803134
268,8.933333333333334,71.63689094233513,348.998892624253,1817.3131934223832,320.1205382246256,0.5968318581581116,-0.9477455318343061
269,8.966666666666667,71.64519588600993,349.08907398941966,1817.3415115489424,320.11495617773534,0.5975562930107117,-0.9508768721837969
270,9.0,71.69642192763686,348.9949660118222,1817.458678123027,319.97016836509704,0.598302960395813,-0.9525038118204516
271,9.033333333333333,71.7669542838037,349.08992611508666,1817.488889910394,320.037993879807,0.6045265197753906,-0.9534161368242796
272,9.066666666666666,71.80087615364194,349.023179236342,1817.6728967661768,319.9931921388805,0.6094421744346619,-0.9526141977404874
273,9.1,71.79143518705368,349.0843729243934,1817.5545898299008,320.05881330049635,0.6128135919570923,-0.9525283228167203
274,9.133333333333333,71.78354030512571,349.10130077231975,1817.606628835213,320.0407037587583,0.6129226088523865,-0.95364519481911
275,9.166666666666666,71.72606830711365,349.1015937820494,1817.5399610398053,320.02715045865176,0.6090824604034424,-0.9541045124829768
276,9.2,71.76511009076238,348.98527868274005,1817.5937062491269,320.0822224021435,0.6067878603935242,-0.9484733333611381
277,9.233333333333333,71.85991853626966,349.0025584460914,1817.5680895399273,320.01788870423434,0.6065285801887512,-0.9512166446699044
278,9.266666666666667,71.81596599199771,348.9214184000328,1817.7789617320807,319.99771757164,0.6053194403648376,-0.9490776245368504
279,9.3,71.96946533863544,349.22923396234364,1817.415751384014,320.26533862116935,0.6041144728660583,-0.9506775882483639
280,9.333333333333334,71.96535170333385,349.08541261534094,1817.6302564194948,320.23904389982226,0.6013167500495911,-0.9467021794435271
281,9.366666666666667,71.94034357783795,349.21074766281544,1817.5039341863335,320.2988170168221,0.6081199049949646,-0.9489085103140009
282,9.4,71.91507075639963,349.1608000808939,1817.4558552058904,320.2806389144957,0.6067107915878296,-0.9478783874873701
283,9.433333333333334,71.7330827495873,348.9788746681631,1817.5954417432606,320.01915273584126,0.6071389317512512,-0.9503141394444
284,9.466666666666667,71.70750878227354,348.8979438295327,1817.6075251130312,319.9919628214955,0.6041613221168518,-0.9485304963514393
285,9.5,71.58406370722055,349.0288365697011,1817.6772566554905,319.98664460269214,0.5978894233703613,-0.952893931438408
286,9.533333333333333,71.59042422053814,348.9765828786224,1817.7059119439305,319.9828334150493,0.5945001840591431,-0.9512926482922708
287,9.566666666666666,71.51994176606536,348.9148029541478,1817.6855147349656,320.0892902177334,0.5927029848098755,-0.9457466393049908
288,9.6,71.59036130101084,348.820006984064,1817.6748247072785,319.9331868705213,0.5923670530319214,-0.9478017460885683
289,9.633333333333333,71.33191218284965,348.85941342976616,1817.6132136891902,319.9449224471808,0.5826501250267029,-0.9486025680518329
290,9.666666666666666,71.29154431592227,348.8405209738411,1817.6652602882384,319.9332415454209,0.5831307768821716,-0.9483158442046069
291,9.7,71.20190698770284,348.87831364215015,1817.6392892770111,319.993139199692,0.581375002861023,-0.9475562747325029
292,9.733333333333333,71.16145493878722,348.81280123368276,1817.655081210506,319.9803708749294,0.5799100399017334,-0.9457959058037428
293,9.766666666666667,71.21363735722899,348.81149814857616,1817.374616766709,319.95676563792824,0.5851643681526184,-0.9467076370289662
294,9.8,71.23151604939103,348.77799138489513,1817.4814719150902,319.9517893542111,0.5826874375343323,-0.9457235570118805
295,9.833333333333334,71.20991729441882,348.7877114755243,1817.4419623573006,319.9204749563694,0.5841654539108276,-0.9470792744165007
296,9.866666666666667,71.35503011896014,348.72152550266907,1817.462240887019,319.901515784049,0.5930368304252625,-0.9455977206276934
297,9.9,71.40192773103713,348.7408167924598,1817.4460365051746,319.9481508698225,0.5920368432998657,-0.9447348560997952
298,9.933333333333334,71.52269156637192,348.93957795194683,1817.4806791290462,319.9130131343603,0.5904834866523743,-0.9524550265258311
299,9.966666666666667,71.48716806911825,348.9418098594546,1817.5073915058763,319.9266289200664,0.5891934633255005,-0.9520476234640145
300,10.0,71.73228085106015,348.92488841196297,1817.6824314611642,320.03774393740895,0.5968198180198669,-0.9478852869093001
301,10.033333333333333,71.76306802665592,349.2845023666352,1817.1488743036539,320.0838309724033,0.5987132787704468,-0.9584810144266269
302,10.066666666666666,71.6605742863357,349.41463025486024,1817.0343191069155,320.18389211362006,0.59794020652771,-0.9594743682464478
303,10.1,71.46724818070531,349.2463836558446,1817.333486488682,319.93127975795267,0.592155933380127,-0.961971693964871
304,10.133333333333333,71.40612554832697,349.1616869207829,1817.4510503236443,319.83985421337485,0.593079686164856,-0.9620940073634264
305,10.166666666666666,71.40437421582938,349.57168553112746,1817.4176033877552,319.88518013905286,0.5946017503738403,-0.9740748613650558
306,10.2,71.6868503487885,349.6718703417599,1817.3264071740061,319.6271154808998,0.5967263579368591,-0.9860384369454401
307,10.233333333333333,71.95895257044434,350.07271502873897,1817.3152224686562,319.0331258531362,0.6026562452316284,-1.0188464283970033
308,10.266666666666667,72.68704952957034,350.4931684779167,1817.3388849841238,318.0358582883984,0.6109704971313477,-1.065801410041752
309,10.3,72.7622871815592,351.5880088250488,1817.1334893944115,317.22997684669343,0.5991706848144531,-1.1283812245860865
310,10.333333333333334,73.06480665538311,352.2507946639538,1817.2170803730219,316.2386475835487,0.599219560623169,-1.1828387546222319
311,10.366666666666667,72.51471099164188,352.7003859292567,1816.6464987620861,315.3641964952417,0.5576242208480835,-1.2263290076872781
312,10.4,72.75541333168447,353.97103927400707,1816.9616058297545,314.1355041290015,0.5598592162132263,-1.3083380453292903
313,10.433333333333334,72.67722865921557,355.8970732632279,1816.5319541965782,312.6516225812465,0.514147937297821,-1.4205736466426335
314,10.466666666666667,69.07591925197393,355.6717684163332,1817.3901463908642,310.1033746930361,0.5060170292854309,-1.4930300365033773
315,10.5,69.43637600286603,356.3680185482383,1817.4570610911758,309.3609025745988,0.503045380115509,-1.540405343124556
316,10.533333333333333,69.58177966749817,356.6347079548359,1817.6071682074369,309.39496503703594,0.49521714448928833,-1.5480205763496746
317,10.566666666666666,69.66099589476883,357.1086707735896,1817.0946671782165,309.4692526041627,0.49166959524154663,-1.5616396251274132
318,10.6,71.8027333645165,360.23386230480077,1816.747836735779,308.9176982922077,0.4853537678718567,-1.6844956521427144
319,10.633333333333333,71.87064566478134,360.6502392195016,1817.08441867204,308.51008650158644,0.5025400519371033,-1.7112644772155388
320,10.666666666666666,71.99267700314522,361.7598947287083,1817.6032635083586,307.99322731876373,0.521680474281311,-1.7642133381916154
321,10.7,72.68103073437511,363.4226500921205,1817.4937906906785,307.25432035092115,0.5746086239814758,-1.8438065819778942
322,10.733333333333333,72.64702186201811,365.4604944679424,1817.2420874136985,305.2017577958822,0.6120379567146301,-1.9782236778505358
323,10.766666666666667,72.86899045521915,366.5925218829334,1817.5402797597558,303.48805790148674,0.6078891158103943,-2.0714755804611413
324,10.8,72.64889230768979,366.8323058148414,1817.578077906403,303.20450259015263,0.6095420718193054,-2.0883312092526483
325,10.833333333333334,72.62780688927472,367.0097959433079,1817.3816932608545,303.19036066702006,0.6078622341156006,-2.094825443129083
326,10.866666666666667,72.60390940191746,367.03202020516693,1817.3290077031584,303.2669884066343,0.610347330570221,-2.093075783020023
327,10.9,72.73325090453326,367.13783674741984,1817.2265061521382,303.0300942167401,0.6154882907867432,-2.1045945270711957
328,10.933333333333334,72.50639086049497,368.0384100165427,1816.8326034416943,302.03816027524175,0.5930806994438171,-2.166872613056418
329,10.966666666666667,72.29436442046165,369.1395889636397,1816.7936597257226,301.214576641497,0.5664556622505188,-2.2297811056184615
330,11.0,72.6770822085917,370.06340817756654,1817.0361539705098,299.8538201877421,0.5148001909255981,-2.3048826081476514
331,11.033333333333333,72.61410345015824,371.16633368395566,1817.233777913782,298.9308613034293,0.48859354853630066,-2.370960891129844
332,11.066666666666666,70.75258937732875,373.1620560398221,1817.0457745831966,297.477522738415,0.45989036560058594,-2.4816521696798555
333,11.1,70.57830467333197,373.8843852309704,1816.6317337186695,296.295489161253,0.45213592052459717,-2.5443629602746163
334,11.133333333333333,72.87018310570717,374.6833194705546,1817.4910124681026,293.42454068628547,0.47731244564056396,-2.6667242678393075
335,11.166666666666666,72.47572171325386,376.1606881963432,1816.806247753495,292.8995818076253,0.5069959759712219,-2.732791664437533
336,11.2,72.54524106503129,378.32699005542247,1817.799559415677,292.10464695340397,0.5550206303596497,-2.8283345001969686
337,11.233333333333333,73.07757780067622,379.74316303200277,1817.5890115845352,290.9880640042424,0.5780342817306519,-2.912512707433915
338,11.266666666666667,73.8277816441983,381.3968572241113,1817.0818992873817,289.6086909234643,0.6052134037017822,-3.0140313514929926
339,11.3,73.96109054845572,382.52041545376477,1816.407711345312,288.3812628600359,0.6084191203117371,-3.092512129187121
340,11.333333333333334,74.1750418920964,382.76922161195876,1816.6106710814624,287.88418297302724,0.6012782454490662,-3.1169863080372826
341,11.366666666666667,74.01227797051072,382.7357618752003,1816.5057143670947,287.8728392331481,0.5999542474746704,-3.1161580484487064
342,11.4,73.92465081270635,382.8685563580811,1816.6461954465717,287.53929305559694,0.5965889692306519,-3.131037423177484
343,11.433333333333334,73.67150255623758,383.22292738041875,1816.0349333237468,287.1692010469556,0.5866393446922302,-3.1554312347460467
344,11.466666666666667,74.09837922129631,384.0904705012798,1815.83281323784,285.5119634006411,0.5855361819267273,-3.2393647007092947
345,11.5,73.7984003945917,385.8888685410023,1816.0685293138265,283.57044120024705,0.530684232711792,-3.360953219237422
346,11.533333333333333,73.70553898300827,388.8779696008921,1816.0862027581513,281.0310496780992,0.479230135679245,-3.54187833074644
347,11.566666666666666,74.66415909596235,390.11606131244304,1817.1010615379005,277.9639771312118,0.4905708134174347,-3.6827670934156553
348,11.6,74.15669065258801,392.3856491554767,1816.6718225700379,277.2680272773266,0.5418475270271301,-3.779699341501484
349,11.633333333333333,75.15359545370639,394.10444336194394,1816.6213817207188,276.2958893378615,0.6253188848495483,-3.8701056669088287
350,11.666666666666666,75.66465502910093,395.8885135540428,1815.8982326230407,275.22500375655295,0.6618470549583435,-3.966399939167949
351,11.7,75.76477803214603,396.96151918441507,1815.6761891772985,274.11862895828483,0.6833416819572449,-4.038549919251675
352,11.733333333333333,76.78417870678976,397.2442588200152,1815.6747828173816,273.2411953216612,0.7015335559844971,-4.078948522926787
353,11.766666666666667,76.39404121476524,397.6401225585535,1815.6155681654275,272.65392311280965,0.6989357471466064,-4.110397723755088
354,11.8,76.11251970256949,398.0130174151719,1815.7820332739652,272.2943336750567,0.6925448775291443,-4.1333425366553636
355,11.833333333333334,76.19861694630329,398.50336751632693,1815.2549294903158,270.9553139246255,0.6777201294898987,-4.194748315213872
356,11.866666666666667,76.64558716580645,399.8694415786743,1815.4759605825602,269.2866855657503,0.6452473402023315,-4.294739246548256
357,11.9,75.8269985424744,401.6266828707755,1815.223317418021,267.16550763897004,0.6006059646606445,-4.420365020827739
358,11.933333333333334,75.5661881927684,404.36592180923225,1815.4532518403412,265.7982888751537,0.5444051623344421,-4.553524422778394
359,11.966666666666667,75.74037764961868,406.5091013744712,1816.1374374783338,261.7700270374417,0.5391606092453003,-4.754029047291602
360,12.0,75.57356911436804,408.0511110190332,1815.7111086470902,261.9604180556059,0.592400074005127,-4.79892958532786
361,12.033333333333333,75.7914209534116,408.8693395501137,1815.5716446943163,261.5369488083959,0.611732006072998,-4.84051438850297
362,12.066666666666666,75.77272217843662,409.0889640654772,1815.4218610712112,261.4003978127718,0.6149806380271912,-4.852524383286773
363,12.1,76.17620137653668,409.23895271945594,1815.6868195399165,261.24857863447664,0.6312573552131653,-4.862778572436458
364,12.133333333333333,76.26099716917314,409.70464162037075,1816.1498282859325,260.66537623422147,0.662527859210968,-4.896017469771797
365,12.166666666666666,76.50496316136866,410.85057392544746,1815.3622415646435,259.7004102530122,0.6581407189369202,-4.967948042778105
366,12.2,77.15910092821122,412.2424095475096,1814.7918973122,258.76784218729733,0.6880614757537842,-5.047490582745568
367,12.233333333333333,77.62119354421347,413.0604300915837,1815.139438745296,256.8955176083565,0.7068355679512024,-5.135838662733294
368,12.266666666666667,77.34731037448942,414.58423820171953,1815.3840455674529,254.51070111267865,0.6835919618606567,-5.262107943891532
369,12.3,77.18913816813081,415.793847021091,1814.9654163506389,253.24731985501796,0.6707128286361694,-5.343731948573255
370,12.333333333333334,76.72741916394234,417.10886340578793,1814.369345822233,251.94996569693475,0.6420167088508606,-5.429522003076009
371,12.366666666666667,76.61164500984475,418.1918902862251,1813.9080332998872,251.27557987362965,0.6005109548568726,-5.488030044175267
372,12.4,76.68891919336096,418.4552696917593,1814.2017663871707,251.228041024784,0.600507915019989,-5.4975093532387085
373,12.433333333333334,76.71449484214484,418.31238421848417,1814.193274420625,251.10146244878993,0.5934962034225464,-5.497083677828585
374,12.466666666666667,76.74913703208864,418.2032144993544,1814.3061381668986,251.05633423145414,0.5930865406990051,-5.494745332554111
375,12.5,76.88370427265093,418.31732752369044,1814.3350564155699,250.91413859485834,0.5913103818893433,-5.503452048561938
376,12.533333333333333,76.94214018697292,418.64349757996797,1814.411047149211,250.47850277222693,0.5879809856414795,-5.528286429814701
377,12.566666666666666,77.61802142370045,421.2606495103717,1814.215096648401,249.82700534740985,0.5838497877120972,-5.637866316559222
378,12.6,76.99470760783255,422.26680261414646,1814.7874890399396,248.7531339090854,0.5671266317367554,-5.701922453839067
379,12.633333333333333,76.72842983596995,424.09537685915825,1811.9405285262703,242.76391904628872,0.5552256107330322,-5.965814569666815
380,12.666666666666666,77.2341082730338,425.2981612964213,1811.9436415241241,241.53314539971947,0.5845972895622253,-6.04702817204746
381,12.7,77.47308661802857,426.72213900643436,1811.78190188905,240.6082517806232,0.6277855038642883,-6.125141395946842
382,12.733333333333333,77.82648922205567,426.9266553499937,1814.6975006641508,243.56795813914536,0.6219915747642517,-6.02630294551146
383,12.766666666666667,77.86975203813016,426.9001988820687,1812.3882230932713,240.2734318080902,0.6206318736076355,-6.141155091201124
384,12.8,77.98109595237375,426.81414677360357,1812.3952344982504,240.3048021826148,0.6209292411804199,-6.137687043924164
385,12.833333333333334,77.95472616152168,426.8119853793591,1812.2627476701616,240.18723379141093,0.6195393204689026,-6.141828771390813
386,12.866666666666667,78.00844012804329,426.8730667885989,1812.2586088670491,240.20082397537828,0.6206505298614502,-6.143583129258677
387,12.9,77.94255231781005,426.86440895316156,1814.5932360645832,243.479351823318,0.6215906143188477,-6.0279219516094535
388,12.933333333333334,77.9554163236469,426.8591406360522,1812.237519977212,240.19996957159043,0.6236444711685181,-6.143043958985719
389,12.966666666666667,77.89979220706225,426.9371873194888,1812.2488593778132,240.19965887930394,0.6257994771003723,-6.145367541581048
390,13.0,77.8829894388169,426.8469957570195,1812.251849140179,240.20057142941357,0.6247588992118835,-6.14232274912478
391,13.033333333333333,77.88723325245083,426.92981293392626,1812.2684998167394,240.2326148259163,0.6241120100021362,-6.143937264244898
392,13.066666666666666,77.83862075780928,427.0566786616251,1812.388308143115,240.3086580648184,0.6235113143920898,-6.145004804995784
393,13.1,77.80288376809061,427.0483577711046,1812.3666178293824,240.23877660031317,0.6255845427513123,-6.146965572123118
394,13.133333333333333,77.85037521032692,427.104451722987,1812.3419889567613,240.2724172849536,0.6256669163703918,-6.147952403510793
395,13.166666666666666,77.83591022796631,427.075998427926,1812.336210774517,240.21024454736113,0.6233981847763062,-6.149022926188383
396,13.2,77.92568945056796,427.13971095822603,1814.5495768554865,243.58919282871486,0.6213847398757935,-6.033413015034899
397,13.233333333333333,77.8744369393468,427.0122248222917,1812.401312090659,240.1757594392717,0.6229477524757385,-6.147973064675451
398,13.266666666666667,77.83672579521834,426.8842753599763,1812.428771040225,240.14568390522598,0.6267641186714172,-6.144548007091492
399,13.3,77.90674980499745,426.8277211192071,1812.4075936291217,240.1830815365374,0.625628650188446,-6.141800650474388
400,13.333333333333334,77.94323662191033,426.8571601896897,1812.457308734238,240.25809332911967,0.6268426775932312,-6.140266002800846
401,13.366666666666667,77.82735686064065,426.87540468296555,1812.451124395597,240.19476721150278,0.6246538758277893,-6.142544162314547
402,13.4,77.7340926556006,426.9176020978719,1812.392550221038,240.1392079671204,0.6247986555099487,-6.145614177621069
403,13.433333333333334,77.79470325320511,426.63469518311473,1814.6375314117968,243.64750577875375,0.624213695526123,-6.014279352533332
404,13.466666666666667,77.80861606247277,425.6661836865425,1812.1681375296473,240.38139650979042,0.6241483092308044,-6.097884224889393
405,13.5,77.20599995055348,424.96448494053783,1811.8886863072037,241.38256291558147,0.5960220694541931,-6.04114060670522
406,13.533333333333333,77.01069611060917,423.7435399750233,1812.339992888999,242.45914553464056,0.5595499873161316,-5.963877441823847
407,13.566666666666666,77.4859577836737,421.67191019964815,1814.880219405335,249.12453204032778,0.5691412687301636,-5.671668367329432
408,13.6,76.73706695135608,418.67006394010184,1814.539018524879,250.85456692882775,0.577532947063446,-5.515817161829528
409,13.633333333333333,76.86420366695002,417.07621554789546,1814.2186834953845,251.71762828091158,0.6174513101577759,-5.4369414133707386
410,13.666666666666666,77.34113015816212,415.4372883518785,1815.4583218524576,253.1670811854288,0.674137532711029,-5.333660046326794
411,13.7,76.90377288980856,413.9503233133584,1815.256906899184,254.69757861765325,0.692436695098877,-5.23432871245873
412,13.733333333333333,77.1323797643438,412.5078503540568,1815.381209849447,257.5445889429867,0.7084982395172119,-5.094397766644833
413,13.766666666666667,76.35473636240326,411.2068936089382,1815.7056789088488,259.64006131385565,0.666044294834137,-4.9801673719980695
414,13.8,75.9339609388169,409.20979190515874,1815.9812868329943,261.1293691284299,0.6348472833633423,-4.8642296557730464
415,13.833333333333334,75.74836946016326,406.83560338549614,1816.4095470767618,261.69726602822544,0.5748344659805298,-4.766362694695029
416,13.866666666666667,75.04904598055482,404.3697959164023,1815.59783483907,265.1115912292749,0.5397762656211853,-4.574389048347927
417,13.9,75.69552302374467,401.3455037479341,1814.9789214847624,267.4060922218628,0.6187706589698792,-4.403564559287503
418,13.933333333333334,75.54720789358952,398.7793028389782,1815.651845829153,270.3701072119802,0.6731385588645935,-4.220432159846069
419,13.966666666666667,76.09575759471264,397.4457679356158,1815.8786498965085,272.7100994024873,0.6883634328842163,-4.100867604690982
420,14.0,74.90331372411549,395.2979256352656,1816.4129809642047,275.02113103636503,0.6537235975265503,-3.950840467867884
421,14.033333333333333,74.20579543828964,392.20383927601574,1816.4968763431489,276.8127962527394,0.5448081493377686,-3.7891363486235288
422,14.066666666666666,71.85435651352405,388.3468619656682,1816.843238577518,278.27395864400864,0.47019779682159424,-3.6094028699861247
423,14.1,73.79709145146012,385.83063152832386,1816.0955230928182,283.05041382938174,0.5256944298744202,-3.3760323736347884
424,14.133333333333333,73.9402570251137,383.22625343680977,1815.9421135692298,285.8127652798519,0.6002974510192871,-3.200670983247569
425,14.166666666666666,74.1295052944839,381.6853679906294,1816.4694837845325,288.93279026846886,0.6064316630363464,-3.0472351625690433
426,14.2,72.60720161194206,377.89920420319436,1817.2066648046523,291.7926962763667,0.5322439074516296,-2.8255994446676165
427,14.233333333333333,70.05728499100805,374.06651513216497,1817.082681876123,293.74092957659957,0.4701354503631592,-2.632519265467982
428,14.266666666666667,72.76506258360446,370.7517200347662,1817.1706665904135,299.0568098162949,0.5062478184700012,-2.3535266812896967
429,14.3,72.56170233211816,368.9274920103431,1816.666535810998,301.25008495127855,0.5990854501724243,-2.222163069223616
430,14.333333333333334,73.02475555573106,366.77605662529766,1817.102506951317,303.4865102980792,0.6165264248847961,-2.0782522047345826
431,14.366666666666667,72.4693538231641,362.43885826289954,1817.1876986894877,307.54664794614314,0.560276210308075,-1.8020415031439057
432,14.4,69.18923102867454,356.5341417216897,1817.6984937316627,308.8889688021183,0.49795448780059814,-1.560867895202747
433,14.433333333333334,73.03851019832491,354.1705944128394,1817.2711790165156,314.0209526206493,0.5640989542007446,-1.3186307667226158
434,14.466666666666667,72.78038283760846,352.1213509713471,1817.1830708497732,316.3167214688327,0.5850955843925476,-1.1758558710339273
435,14.5,72.05368204109669,350.29167888906596,1817.4335092272906,318.6506384806544,0.5932416915893555,-1.0385702230760963
436,14.533333333333333,70.80137082337141,348.2776958761141,1818.2240742118597,321.0949642652452,0.5721685886383057,-0.8912154939131668
437,14.566666666666666,70.84439823362827,344.63436006652415,1817.7688705247224,323.6924988818288,0.4892616271972656,-0.6868200700004824
438,14.6,68.90759145422355,339.42034892811773,1817.465745721653,325.4445273995757,0.5053616166114807,-0.45794218258863445
439,14.633333333333333,71.08674819743037,335.98694140928984,1817.1458016610832,331.14150411051287,0.564351499080658,-0.1589994301210177
440,14.666666666666666,70.7863391313374,332.72196523422747,1816.738443501246,335.0823178583205,0.5838741660118103,0.07745811628859316
441,14.7,67.54977482968569,327.42508602243066,1816.9532924244882,339.6785507074475,0.47587648034095764,0.4013141180151289
442,14.733333333333333,71.13523485301732,323.60271228245495,1815.7508494883834,343.2837279749215,0.5192272663116455,0.6463265002645371
443,14.766666666666667,71.17934534699917,319.5399589177668,1816.1993620092392,346.70458912304343,0.5750204920768738,0.8918481988862975
444,14.8,70.5705043241918,318.1873400878489,1816.814354392177,349.5341096639827,0.5680875778198242,1.0284043196693538
445,14.833333333333334,71.03528045803309,314.7605844648391,1816.5113241853624,352.23346575828197,0.5275332927703857,1.2298697463410213
446,14.866666666666667,70.69087285132409,312.0713941049933,1817.2807360587835,354.70386474409105,0.47863125801086426,1.3982536780657575
447,14.9,69.41356886752396,309.4525272920251,1816.6426886592626,356.212973550868,0.4513513147830963,1.5330198084812068
448,14.933333333333334,71.49519703472853,307.1977201138079,1815.5138407415568,358.6082443245173,0.4846062660217285,1.6884872798903845
449,14.966666666666667,71.24426528133154,303.95975062708857,1816.2898849840462,361.4623923278123,0.5274062156677246,1.8873242849106058
450,15.0,71.0814989731431,301.827685127002,1815.3109669231058,364.86596628156974,0.5421305894851685,2.0698286524328227
451,15.033333333333333,71.45211321386098,299.1797707906745,1815.0352965133607,367.7570972439468,0.5056935548782349,2.252354351113248
452,15.066666666666666,70.54410849767328,295.48196050189733,1816.0230237420499,370.5746831438601,0.4443807303905487,2.463418257176196
453,15.1,70.633791388309,292.0371017560363,1815.876844323039,372.517937990737,0.4407464265823364,2.6402899958298036
454,15.133333333333333,71.14262030373811,288.0787635638535,1814.8757156689644,377.24457360288204,0.5258146524429321,2.927270661604814
455,15.166666666666666,71.88744517856836,285.6393010247946,1814.7890229746222,380.1313339497933,0.5521047115325928,3.103273086536633
456,15.2,71.19195355241298,284.4349788831014,1814.8364252447009,381.93626709096134,0.5258092880249023,3.2005381295798054
457,15.233333333333333,71.31862705010772,282.7750648516357,1814.1174898026763,383.55660351933835,0.5088917016983032,3.309580540188011
458,15.266666666666667,70.59135281804204,280.52910025360586,1815.1010443818868,385.5191030630112,0.47467657923698425,3.444083525592243
459,15.3,70.80579341524839,279.6260505586743,1814.4077701266588,386.84988925088646,0.45850902795791626,3.5190064891834627
460,15.333333333333334,71.36059741230608,278.37974012814163,1814.239240823698,387.56701998729704,0.4258440434932709,3.5847620391093193
461,15.366666666666667,71.51743409745693,276.0610762655735,1813.561686903882,390.363870955503,0.4560524523258209,3.754034102495981
462,15.4,72.25734734380842,272.9038325323701,1813.9075859203517,391.5301112973869,0.5417317748069763,3.89647912638006
463,15.433333333333334,72.30809085775017,270.89618041716517,1813.7444329825164,393.9825339572847,0.555719256401062,4.042995706818749
464,15.466666666666667,72.28571797562837,269.5633696307763,1813.4699641187788,395.50590813964607,0.5507751107215881,4.1370871490654
465,15.5,72.39190292256177,269.33291937681435,1812.954705261588,396.5919398614392,0.5322274565696716,4.18166694807497
466,15.533333333333333,73.10942918413878,268.4754156089425,1812.989728440118,397.24392437018304,0.5218724608421326,4.232742587338419
467,15.566666666666666,73.22774718557298,267.879754111705,1813.0289056092322,397.934540275383,0.5330958962440491,4.275061510726246
468,15.6,73.24996472155154,267.2180407795355,1812.6417739077806,398.4665326893389,0.5228192806243896,4.315164082211494
469,15.633333333333333,73.70381390314103,266.93843280068336,1812.4672056319832,399.0976532997966,0.5117015838623047,4.346556912548186
470,15.666666666666666,73.67890059086382,266.8683761378393,1811.8666132691742,398.0919870629847,0.5119933485984802,4.317326525910982
471,15.7,73.59552549132108,266.9013267688364,1811.940742886591,398.07415501805843,0.5104284286499023,4.31527251405909
472,15.733333333333333,73.5716421066165,266.92121140061766,1811.9484286153317,398.0783675888926,0.5103799104690552,4.314680827273517
473,15.766666666666667,73.6079301846087,266.85383424178065,1812.3007986697673,399.2786402352333,0.5065219402313232,4.3554340979963015
474,15.8,73.60708554419577,266.77773676190674,1812.35029420743,399.2058419082284,0.5049898624420166,4.355416572506225
475,15.833333333333334,73.62724582859576,266.76398851974756,1812.3522147717595,399.2258173393965,0.5057832598686218,4.356566963271619
476,15.866666666666667,73.51853325237632,266.6487592162117,1812.354949384594,399.1355757667512,0.5119308233261108,4.357107423251258
477,15.9,73.53656468711496,266.78398022320715,1812.2646880682348,399.1156087971747,0.5155804753303528,4.352293374149032
478,15.933333333333334,73.42368488551378,267.07825593717246,1812.3640757535456,398.66550441227855,0.517204225063324,4.3273782334361615
479,15.966666666666667,73.11262983540297,268.0449028969489,1812.712813091588,398.1010214392483,0.5270695090293884,4.275597214692362
480,16.0,73.41912886084616,269.066366115056,1813.0038436766922,397.0428597051054,0.5424885749816895,4.207514290748529
481,16.033333333333335,72.8500853069067,269.46258426410407,1813.0090100207747,395.6819921251595,0.5528913736343384,4.148584781203942
482,16.066666666666666,72.70546325467825,270.87749700594543,1813.216359804219,393.40873542279303,0.5552369356155396,4.026954993975359
483,16.1,72.32538027599453,274.5444822046876,1813.3018383686483,390.6909184137404,0.49441081285476685,3.816739859428889
484,16.133333333333333,71.29891848452091,278.63124379834534,1813.8957336171209,387.71102239066363,0.42385047674179077,3.5818195035186986
485,16.166666666666668,71.52583016596436,281.52618296511173,1814.2289081355334,384.65758372751475,0.5139492750167847,3.3867561643100697
486,16.2,71.91600934217573,285.20120862855015,1814.282125471717,381.3880121488392,0.5619409680366516,3.159789199677166
487,16.233333333333334,71.88698174370528,286.80830288303497,1815.1563723427653,377.92643273711207,0.5437057614326477,2.9920434455007823
488,16.266666666666666,71.51386287187339,290.82515623559954,1814.6652068913222,374.76281503883007,0.48814138770103455,2.756824123305275
489,16.3,70.59304079708457,294.7501157085836,1815.239214795965,371.25362650040984,0.4250015616416931,2.51083691205728
490,16.333333333333332,71.46063512142301,299.2602515377209,1815.0190628413916,367.4337097495228,0.5278946161270142,2.2391349991387037
491,16.366666666666667,71.3159071908176,302.11312390184105,1815.558402954352,364.19593311657866,0.5531195998191833,2.038467694555539
492,16.4,71.10077838416099,305.0720580858886,1815.4862416333199,360.42572216848134,0.5013701319694519,1.8175268698916571
493,16.433333333333334,69.16126058674455,309.15825743608474,1816.4843640357733,355.7670728412867,0.4665782153606415,1.5279688704457068
494,16.466666666666665,71.07910586146713,315.42665931355134,1816.4402518060804,351.2514073620379,0.5471072793006897,1.175870498597918
495,16.5,70.72368386605979,319.4839583688378,1816.4141684075594,347.1486265467614,0.5720492601394653,0.9079135566673736
496,16.533333333333335,69.02729254619777,323.4456651423335,1816.3211980801045,341.7611132930994,0.4932524263858795,0.6005626435043566
497,16.566666666666666,67.17767134884596,327.8134561537504,1817.3247619368494,339.6451530223608,0.4931255578994751,0.3873365681785773
498,16.6,70.68441470425725,332.7353063978933,1817.079869590217,334.9729118655175,0.5604325532913208,0.07341136796671112
499,16.633333333333333,70.8061665931344,335.7675063033998,1816.9145658893674,331.1323499701835,0.550477147102356,-0.15209495102170575
500,16.666666666666668,68.88522160959616,339.6526348050475,1817.334815609455,325.39163420743944,0.5006721019744873,-0.4673151745113654
501,16.7,70.53909099081754,346.6998455330953,1817.238704729733,322.29896977526545,0.5026004314422607,-0.8003529922990756
502,16.733333333333334,72.9066421512425,351.811454508394,1817.4754687412947,316.6146749647707,0.5867478251457214,-1.1557889520459959
503,16.766666666666666,71.785907815063,359.88969726371766,1817.1690829710008,308.53683988459113,0.4907066226005554,-1.6852765998229642
504,16.8,72.51730674758852,367.10809360204934,1816.5980348877072,303.94176735833287,0.6282737255096436,-2.074206001448485
505,16.833333333333332,72.6509046477437,370.3632032358587,1816.7332888732135,299.54147660266534,0.530762255191803,-2.3253247414809306
506,16.866666666666667,69.89797817200125,373.7265153637886,1817.472240318653,294.5289814684629,0.4557288885116577,-2.5947863307349746
507,16.9,72.19345972365142,375.35354044491055,1816.8798811745019,293.2156140093088,0.4770490527153015,-2.6954323346717355
508,16.933333333333334,72.71455165494979,378.3655392225653,1817.0921015802503,291.8312759269357,0.549015998840332,-2.83997404485656
509,16.966666666666665,74.24282303769141,382.3401475366503,1816.5932271849304,287.68228679385186,0.6186245083808899,-3.1096899474258706
510,17.0,73.83732046149969,386.27299268904926,1815.9359860751272,282.93014163421543,0.529308021068573,-3.394858485164158
511,17.033333333333335,74.49800294400006,392.5839790992379,1816.9899864419133,276.62662821967604,0.55929034948349,-3.8072401086893786
512,17.066666666666666,76.18594761131425,397.6277173228562,1815.9738718751848,272.3743213174283,0.6974695920944214,-4.1178183527170935
513,17.1,76.02392914035437,400.67253210541605,1815.2753618474305,267.49822165153176,0.6277592182159424,-4.378588369310998
514,17.133333333333333,75.99541347537968,405.72078001345994,1815.2018414646088,264.63608796692193,0.5648519396781921,-4.637687471506578
515,17.166666666666668,76.10198867551125,409.16262417304216,1815.3696855956136,261.1904678947806,0.5999334454536438,-4.862858666481335
516,17.2,76.58515795001163,411.1827678755715,1815.558033247888,259.6297442470908,0.6709069013595581,-4.980793116181766
517,17.233333333333334,77.702364507626,412.6865653521486,1814.7748318006873,257.97855056378245,0.6964691877365112,-5.089476853966569
518,17.266666666666666,76.97254528916329,414.05190927677455,1815.4409417433083,254.9903143219471,0.6970849633216858,-5.227736120499131
519,17.3,77.08714073270261,416.38557002712486,1815.1807204641163,252.58933119614125,0.6591262817382812,-5.383598552127909
520,17.333333333333332,77.71878216497153,421.2183137809873,1814.365042560494,250.21758167601675,0.5920385122299194,-5.6235624425748325
521,17.366666666666667,77.06097716602534,424.0369332968593,1812.2045050164222,242.56219600429534,0.5441399812698364,-5.970728677598491
522,17.4,77.29436174807995,425.45491531833113,1811.3471704803824,241.6991093216777,0.5895750522613525,-6.049000408747128
523,17.433333333333334,77.5156539563626,426.69237112718076,1811.6528656546236,240.5620397744298,0.634412407875061,-6.12628003384575
524,17.466666666666665,78.08475587358772,427.49319655093996,1812.3150212134362,240.24559968063832,0.6201426982879639,-6.162443357034086
525,17.5,78.22344418046474,427.47279565358906,1812.163265388596,240.1731359119475,0.6288661360740662,-6.165168167923439
526,17.533333333333335,78.14493926929832,427.50908459943685,1812.2403214149238,240.15569288327097,0.6320213079452515,-6.1663742314753085
527,17.566666666666666,78.16083577938676,427.5000048234798,1812.1505738690496,240.1406776804924,0.639870822429657,-6.166940885398769
528,17.6,78.1826666857183,427.473674899742,1812.1918655682086,240.15737825874686,0.6426774263381958,-6.165466781408711
529,17.633333333333333,77.99493651266694,427.6215924164534,1812.110347028649,239.9675608931005,0.640931248664856,-6.176122014467201
530,17.666666666666668,77.94554273106753,427.6354288815532,1812.1147392455816,239.96523287059068,0.640775740146637,-6.176459821806108
531,17.7,77.8889696144402,427.6415082639139,1812.0503634566785,239.99347115443945,0.6460465788841248,-6.1757637528275335
532,17.733333333333334,78.0445125439316,427.5933403011568,1812.1745926392198,239.8298022764802,0.6407321095466614,-6.179646373535965
533,17.766666666666666,77.97933268686235,427.5712980719991,1812.2782206667423,239.81810879081488,0.6383446455001831,-6.17871160199472
534,17.8,77.95668035525381,426.75434718700944,1812.142284112847,240.2511031866014,0.6264784336090088,-6.138290454146258
535,17.833333333333332,77.60901373399496,425.1890824851602,1811.86929494282,241.5797453373432,0.5993216633796692,-6.04349682371526
536,17.866666666666667,77.54855414325596,422.3091162132144,1815.3252730879008,248.5448064863652,0.5541504621505737,-5.710156938636015
537,17.9,77.059890936324,416.468900215143,1815.012665878141,252.28106947471684,0.6602334380149841,-5.396827991404797
538,17.933333333333334,77.56629734147042,412.6586377605863,1815.3601838791371,257.02664190323355,0.7097346782684326,-5.117598191483154
539,17.966666666666665,75.79218617148157,408.99554115135373,1815.7940027376949,261.0781595760584,0.6183489561080933,-4.859026115523814
540,18.0,75.42239130844399,402.7021398811877,1815.7693573758186,266.23044090864806,0.5696525573730469,-4.483751921779751
541,18.033333333333335,75.91663302982292,398.1981687554598,1815.6412393325627,270.96248024182023,0.6808316111564636,-4.182910193336766
542,18.066666666666666,74.83788696214259,394.6907532274738,1816.535577059567,275.5832289253831,0.6472690105438232,-3.9121311993480274
543,18.1,74.84134992274642,389.27239593522546,1817.305458225876,278.2207469488859,0.47678181529045105,-3.6466730242260468
544,18.133333333333333,74.17679908261896,384.59339365969896,1815.782012011504,284.39828605897765,0.5753747820854187,-3.2926152446536032
545,18.166666666666668,73.80753717781008,380.52769039975925,1816.899296621877,290.09256465258596,0.6017568707466125,-2.96995803831802
546,18.2,73.6366683532536,374.3320731621206,1817.3035209553273,293.6838368314624,0.46740931272506714,-2.6481622655848995
547,18.233333333333334,72.39235116995275,368.27228406912684,1816.7631151157527,301.7467977353901,0.5988657474517822,-2.1840444395867156
548,18.266666666666666,71.98265023406148,362.2387163452342,1817.3838592113405,307.75100102437733,0.536165177822113,-1.78807172780309
549,18.3,73.03687320579589,354.3457129090548,1817.0494579791098,313.8593540121019,0.5504299402236938,-1.32985331812954
550,18.333333333333332,71.89030259296298,350.64789735890326,1817.1945404287071,317.9209958707958,0.5896660685539246,-1.074250302503048
551,18.366666666666667,71.0857176189661,346.93574082125275,1818.040575051573,322.3479702013373,0.5125341415405273,-0.8063645520774655
552,18.4,68.62059211238474,340.13934208253625,1817.5995881401093,324.7694425287962,0.5101351141929626,-0.5034981605528567
553,18.433333333333334,70.78144182247519,335.84481270605323,1816.8607312909246,331.56428026658523,0.5421000719070435,-0.14046094756904476
554,18.466666666666665,67.47300259212255,329.9790603654504,1816.9143480576247,337.75731509155634,0.5244530439376831,0.2547431683517002
555,18.5,70.6223317897141,322.69003199449776,1815.5735062444687,344.27778317234515,0.5215610861778259,0.7088014561952549
556,18.533333333333335,70.95945288123488,315.80966578569354,1816.1996427605093,351.5729654169649,0.5308257341384888,1.173935483628453
557,18.566666666666666,69.3318241431117,308.1468073759675,1816.857571428871,356.7523214745283,0.47788119316101074,1.5932085770702478
558,18.6,71.29620773771406,303.418348706308,1816.155483232689,361.4120671202451,0.5350729823112488,1.9036334938701462
559,18.633333333333333,71.21244839512705,301.66140140027403,1815.5218684053839,365.3084482369393,0.5603156089782715,2.08970381056996
560,18.666666666666668,71.43695785241127,298.5523005433783,1815.4361477092564,367.97738718755244,0.5110602974891663,2.279625656133654
561,18.7,70.57352880077958,294.9792365163267,1815.5429230149268,370.98731504490377,0.4380909204483032,2.494135996736837
562,18.733333333333334,71.69133152091503,290.57263587262037,1814.5049278571366,374.9739621242285,0.5021569132804871,2.772565360626717
563,18.766666666666666,71.70322287764549,285.5889647520691,1814.129569484061,380.1193430608796,0.5568668246269226,3.1053750245599328
564,18.8,71.01516009498835,281.63287864503565,1813.8073711687027,384.240496690011,0.517194926738739,3.369423338574772
565,18.833333333333332,69.8199545952186,275.96021930081844,1814.1270882850467,387.4966993878841,0.4284107983112335,3.658691173566169
566,18.866666666666667,72.4930031038344,272.95614599699974,1813.4939568532825,391.5047161083162,0.5453617572784424,3.895382235061644
567,18.9,72.32800814259649,270.31365038799646,1813.7826238337993,393.86929312777517,0.5490242838859558,4.058316513785808
568,18.933333333333334,72.86463425429166,269.6464959812224,1813.0384863005638,395.3598602007508,0.5580584406852722,4.131974520795791
569,18.966666666666665,72.73109905669988,269.3764452616021,1812.3301460730077,396.3345879567761,0.546136200428009,4.174118264391148
570,19.0,72.80460143151879,268.41606641225775,1812.5348037685394,397.37729326495526,0.5276067852973938,4.239418733556848
571,19.033333333333335,72.81336221632063,267.03711773996355,1812.133752224946,397.48051719723793,0.5108922123908997,4.288968912417679
572,19.066666666666666,73.11529089747965,266.53563815076797,1811.4832988303542,398.3478992224127,0.5115101337432861,4.336171654133482
573,19.1,72.92300686939954,265.97542405070067,1811.7110770655631,398.27496420815885,0.4942302703857422,4.35109262431299
574,19.133333333333333,72.98844339474738,266.0121206716925,1811.7850192261815,398.2718611906439,0.49362558126449585,4.349767514456015
575,19.166666666666668,72.98256606000662,266.0615467809111,1811.7674546977282,398.22065771326123,0.49232780933380127,4.346499791553087
576,19.2,73.02804559611678,266.14044309493005,1811.7495187271,398.2388720485568,0.5021944046020508,4.344669550422522
577,19.233333333333334,73.15546566654741,266.29578045113834,1811.7214201679944,398.25181394442916,0.5026673078536987,4.340390858174909
578,19.266666666666666,73.26261089564562,267.0459392746538,1812.3765702698827,398.42264523423313,0.5133664011955261,4.320051006524946
579,19.3,73.10940119579732,268.61903848822936,1812.7608640836895,397.09802754663525,0.5339468717575073,4.223813796455197
580,19.333333333333332,72.55697729258239,269.8983146829903,1813.164070205617,395.0685220693365,0.552272379398346,4.11316284405267
581,19.366666666666667,72.59588455862105,273.3184197119653,1812.7917762304842,390.80654714779257,0.5253919363021851,3.862423676163325
582,19.4,70.68031972784996,279.2124050023496,1814.1113709871292,386.07888594735266,0.44509029388427734,3.5076505962562976
583,19.433333333333334,71.85377759040594,285.3008866115421,1813.7598986023247,381.2101498188242,0.5717202425003052,3.1515205874797676
584,19.466666666666665,71.86046181384324,289.2698900975287,1814.3128631795466,375.73389332666994,0.5056504011154175,2.840802014240709
585,19.5,70.60622222108842,295.3656131834507,1815.4772840622722,370.604962190032,0.4509887993335724,2.4690811753764255
586,19.533333333333335,71.04531460388898,301.84545468632876,1815.3801588763774,364.3773918128677,0.5587631464004517,2.053093471162313
587,19.566666666666666,71.30697131615877,305.64436455972793,1814.94280307253,359.7358234374106,0.502122163772583,1.776872563509843
588,19.6,70.84510423411727,312.438486587894,1816.5043837275743,354.17982535838485,0.4865449368953705,1.3697672389990596
589,19.633333333333333,70.73624477334619,319.12428800355497,1815.9757594610035,347.82028078455625,0.5710174441337585,0.9419974262917787
590,19.666666666666668,68.96558779971004,324.91876922595503,1816.3380014992415,340.8764907750368,0.484883576631546,0.5232340120581311
591,19.7,70.70852459926009,333.2812121092856,1815.9343328103066,334.8583577535987,0.5631412863731384,0.0517776920743812
592,19.733333333333334,70.8009043510139,338.7677397803426,1816.805559110117,328.5124126931846,0.5070782899856567,-0.33652842853397635
593,19.766666666666666,70.3165489620626,346.0327853971302,1817.8875580156564,322.7903053263962,0.4906836450099945,-0.7619819138198447
594,19.8,72.93780445739925,351.79545949670074,1817.1912764239878,316.2736177957695,0.5710768699645996,-1.166671214157635
595,19.833333333333332,71.26904038761258,361.68425287299755,1817.7785278043061,307.7705833169818,0.5014038681983948,-1.7681238548170566
596,19.866666666666667,72.54825512735248,369.52743360842464,1816.8417619213014,300.5271668658994,0.5677263736724854,-2.265309057914169
597,19.9,72.25136825300456,376.5658283343613,1817.151026368451,292.45267091418503,0.5019969344139099,-2.759815525483274
598,19.933333333333334,73.75288657818734,382.67363426609637,1816.4191481626988,288.53173382473585,0.5983006954193115,-3.092213195494962
599,19.966666666666665,73.96887933504283,385.44015945086477,1815.315275391978,283.903059335111,0.5483154058456421,-3.33711167071341
600,20.0,74.94328715069592,389.37282634897826,1816.8620493465394,278.315290264523,0.47666868567466736,-3.6480044700996346
601,20.033333333333335,74.69181635052115,394.4251056814626,1816.2085591084183,275.56702172300817,0.6226622462272644,-3.904367974631737
602,20.066666666666666,75.86310460132546,398.5550081759423,1815.666471798718,270.66700428363083,0.6681089997291565,-4.204088904102878
603,20.1,76.32732804678454,405.61564712441566,1815.632722632134,264.71750453345476,0.568697452545166,-4.631319587672448
604,20.133333333333333,77.28113194112927,411.93973973127214,1815.2044541437388,258.857430915606,0.6846184730529785,-5.0338190133401755
605,20.166666666666668,76.97096698536575,415.3471181603521,1815.247284550786,253.7901728302762,0.679490327835083,-5.309866819530121
606,20.2,76.74775518909097,418.79809259423615,1814.3076334820091,251.00924590812028,0.5698614716529846,-5.515710203820787
607,20.233333333333334,77.08851454803646,423.133279140538,1814.5861005562604,248.16005249215365,0.5355133414268494,-5.750536013568359
608,20.266666666666666,76.86956413947046,424.56521627923547,1811.4130606772185,242.9534613017261,0.5718820095062256,-5.977256158139037
609,20.3,77.3429573195383,425.77002607438567,1811.3944408364177,241.6141683937609,0.6166687607765198,-6.062076229680406
610,20.333333333333332,77.71103709660768,426.97465090782197,1811.809354763627,240.42963192119598,0.6344966888427734,-6.139961554002802
611,20.366666666666667,77.92492942607105,427.6537564177569,1811.6962870712996,240.03325712422134,0.6531177759170532,-6.176242833642719
612,20.4,78.47158534434438,427.7131635437995,1811.8046162723303,239.9012280899346,0.6516458988189697,-6.184047227484945
613,20.433333333333334,78.38464205671251,427.75669485268446,1811.752369632578,239.82826053109764,0.6472945809364319,-6.187730513598549
614,20.466666666666665,78.3660432614088,427.6825718526661,1811.782523273623,239.82671314465404,0.6460723876953125,-6.18518680070581
615,20.5,78.44852880901396,427.56602706996165,1811.8182598294138,239.7981672060132,0.6448217034339905,-6.182477311121054
616,20.533333333333335,78.43728986269235,427.52233463826997,1811.7914708643318,239.8344210037112,0.6463044881820679,-6.17992037093644
617,20.566666666666666,78.07871690075099,427.3783976495154,1811.6807915104746,240.09015763935446,0.6545746326446533,-6.165986966519726
618,20.6,77.67151625669598,425.98916328885855,1811.732691875863,240.2427131930828,0.6224499940872192,-6.114006830072877
619,20.633333333333333,76.76187151048481,423.89537824614047,1811.9372862179398,243.03583467900157,0.553871750831604,-5.950525004925316
620,20.666666666666668,76.962344515042,416.3475080523908,1814.7968592763007,252.10546898644594,0.6531661748886108,-5.398964490488039
621,20.7,77.20231959213466,411.88086690592223,1814.794119456333,258.6041299165606,0.6789161562919617,-5.041136183027032
622,20.733333333333334,76.97394492319971,404.78259084735515,1815.4262007828831,265.75406534298656,0.563924252986908,-4.572360635718529
623,20.766666666666666,76.05322241788483,397.15232503753157,1816.3348086586773,273.00317639097574,0.6893296241760254,-4.080484547025111
624,20.8,75.35781444825828,389.08640364291074,1816.0400016001522,279.85322780391573,0.4892193377017975,-3.590778380291509
625,20.833333333333332,73.64643020943105,382.97398323319254,1816.2199406000138,286.7629008030325,0.5841672420501709,-3.160209760427884
626,20.866666666666667,72.54504297700227,376.84183981133697,1817.0371029705525,292.0784802407503,0.5047706961631775,-2.7817645615480107
627,20.9,72.51354611253143,370.4233282682836,1816.6314340915412,299.9439175811042,0.5495247840881348,-2.3140505061306706
628,20.933333333333334,72.4778828905344,364.4155479770493,1817.1890095852941,306.83822223481536,0.5988553166389465,-1.890135794087049
629,20.966666666666665,72.95819841190577,354.8385949787736,1817.1414419887335,313.74153177315,0.5211687684059143,-1.3497736913056955
630,21.0,70.80260404610634,348.6838418587133,1817.7578068852215,320.35801691523193,0.5771373510360718,-0.9289351049978096
631,21.033333333333335,68.76699755352512,340.10724010578394,1817.6281251832306,324.86189604827166,0.5052711367607117,-0.49945174774276013
632,21.066666666666666,69.92589984207153,334.80578805461823,1817.4659659399986,332.9157337292239,0.5331524014472961,-0.0619683037724828
633,21.1,67.99718192259891,325.6726371556044,1817.191812975681,339.9154101831198,0.4706909954547882,0.4665191251884684
634,21.133333333333333,70.15497552132607,319.4439118254274,1817.2495279732466,347.4781286259368,0.5457426905632019,0.9193002548548977
635,21.166666666666668,68.30612915625646,309.92125520610807,1817.1582080900819,355.4995207862735,0.4492225646972656,1.4928942710603201
636,21.2,71.50652254964113,303.47543928180636,1815.7792448540865,361.7822964670271,0.5266287326812744,1.9145477114514087
637,21.233333333333334,71.58828452268243,299.56160990218183,1815.2507442569315,367.6310676950693,0.5180860757827759,2.235589353834463
638,21.266666666666666,69.55127693155855,292.37254267921446,1815.4397002759456,371.92464590187075,0.43589404225349426,2.6089005349117165
639,21.3,71.64207594531179,288.433975538218,1814.927667671758,376.8110443911135,0.5179492235183716,2.902164634775909
640,21.333333333333332,71.52719790630937,285.2161638408139,1814.4010629050492,381.40339543085247,0.5560899376869202,3.158884557243842
641,21.366666666666667,70.71755246660709,280.5814868350655,1814.6533151006638,385.3285332666039,0.487681120634079,3.4372608422773805
642,21.4,71.35179909275175,275.9256543500185,1813.2099433142184,390.4021051995635,0.45427432656288147,3.7601216814316354
643,21.433333333333334,72.39881864646674,271.3173554882318,1813.6940261965274,393.39356943011285,0.5549111366271973,4.010248464723952
644,21.466666666666665,72.64957964928448,269.4240590714708,1813.6885721583308,396.2085600758085,0.5420971512794495,4.16499401781902
645,21.5,72.48170210584104,268.1348087756097,1813.2307692438244,397.68881858429165,0.5129378437995911,4.256350560525973
646,21.533333333333335,72.7868119115144,266.1393600112051,1812.308093863511,399.2832272857368,0.4991908073425293,4.376914880677126
647,21.566666666666666,72.00106569488048,265.3404614437282,1812.0035226891398,398.63658247522113,0.4683368504047394,4.380693483231377
648,21.6,72.10172999570369,265.38046481132506,1812.1054384376646,398.67903297850194,0.4613874554634094,4.380770455264907
649,21.633333333333333,72.68224377946854,265.73695535387697,1812.0484784744262,398.8384166027248,0.4735599160194397,4.37591477745813
650,21.666666666666668,72.9322017989397,265.8184964576811,1812.0715703748704,398.8035333659023,0.48448434472084045,4.372670113535027
651,21.7,72.98500126267672,265.93340356984436,1812.0468486417055,398.7689716695607,0.48485347628593445,4.3679684172751205
652,21.733333333333334,73.50960215092302,266.9272691408306,1812.095314775753,398.97447400550544,0.5162470936775208,4.343329088102155
653,21.766666666666666,72.68120907869042,268.7813978806473,1812.8722364202022,396.9532402764067,0.5294938087463379,4.212450789220554
654,21.8,72.40668076684773,271.01201526691017,1813.6204580816507,393.4729567334086,0.5487378239631653,4.023032991201309
655,21.833333333333332,69.75212072739899,276.27852007690666,1814.121459373957,387.3422046109319,0.439250111579895,3.6430945201796257
656,21.866666666666667,71.68165362976194,284.7728853025325,1814.391458781618,381.62045272102057,0.5687595009803772,3.1808250753132303
657,21.9,70.29001998318434,291.336575699842,1814.8390609220028,374.71141369038224,0.4532546103000641,2.7361766427690637
658,21.933333333333334,71.9117946017027,299.9185863217989,1815.308694443351,367.72293975132703,0.531417727470398,2.2272302415315983
659,21.966666666666665,71.1051853546381,305.7560228546441,1815.3747990005077,360.04538056884405,0.48438793420791626,1.7827216628996618
660,22.0,70.97264298379422,314.2884931765765,1816.764988164991,352.9835307449162,0.522385835647583,1.2697382886556996
661,22.033333333333335,70.03440044457317,322.56839639826416,1816.2534710669995,344.75959552757445,0.5161151885986328,0.7280836836306993
662,22.066666666666666,70.37573150336146,331.139805229035,1817.1634137046278,337.58082581750153,0.5247354507446289,0.2112687344183348
663,22.1,70.77306354500651,337.9905911916673,1816.8397142161339,329.50610078771115,0.5148786306381226,-0.27840957000524397
664,22.133333333333333,70.84737844958305,347.11530371421577,1817.8487347146422,322.3801337958336,0.5351455211639404,-0.8111763314173193
665,22.166666666666668,72.92793151571155,353.97681181519033,1816.976676792252,314.49212257176487,0.5359123945236206,-1.2969360262776128
666,22.2,72.51607178914249,365.7197233543143,1817.3670481984675,304.75409273597,0.6311805844306946,-2.001118112710057
667,22.233333333333334,73.75473294086754,374.9247521110415,1817.0711524151563,293.73751630072593,0.501629114151001,-2.6663704839944544
668,22.266666666666666,74.32498194616437,382.5147681007445,1816.361812201044,287.5808650720984,0.6221215128898621,-3.1193008609357453
669,22.3,72.3818226268649,388.24183148357866,1815.7464503286064,281.3259411355764,0.48092976212501526,-3.5094016680370035
670,22.333333333333332,75.11947310923635,394.31275440389066,1816.6330602358757,276.10495938140156,0.6293944120407104,-3.8830791833005955
671,22.366666666666667,76.00721207369199,397.8837379642278,1815.5356161051334,271.3866802234024,0.6883018016815186,-4.159180353207839
672,22.4,75.56463668401092,403.42366066489217,1814.9587091290296,266.17718245780765,0.557908296585083,-4.511562497403701
673,22.433333333333334,76.268001577067,410.56315698236676,1815.4854501490593,259.82988649020194,0.6548475027084351,-4.9532931713098485
674,22.466666666666665,76.93803099943102,414.651025761193,1815.2476690107942,254.14626383382975,0.6967896223068237,-5.275380074157988
675,22.5,77.44177666794658,421.2958905206442,1814.028531571424,250.32563815344125,0.5963174104690552,-5.622757930503799
676,22.533333333333335,77.12868063854873,424.8737243902743,1811.2380762646853,242.44626569043993,0.588911235332489,-6.0053991420922666
677,22.566666666666666,77.67281532797068,426.8225413233638,1811.6046771074175,240.58384898437262,0.6468102335929871,-6.130539902250567
678,22.6,78.34815024963021,427.40975278232696,1811.8951657167315,239.90814880400896,0.6546375751495361,-6.173151774207076
679,22.633333333333333,78.40971765797734,427.75247775272913,1812.0123956442715,239.51803406607212,0.6627628803253174,-6.1968944010517815
680,22.666666666666668,78.42592160589398,427.80705015043077,1811.9805028207063,239.36430582253337,0.6627472639083862,-6.20386923368708
681,22.7,78.48525385227501,427.7853497885581,1812.10921013788,239.53290086555182,0.6609893441200256,-6.197407066442692
682,22.733333333333334,78.49034317417741,427.75907749585286,1812.0941997083069,239.55054870813788,0.6626743078231812,-6.196043709682879
683,22.766666666666666,78.52432167159022,427.74248035513165,1811.9715222514867,239.6495955431819,0.6626685261726379,-6.192821423454466
684,22.8,78.1109490558356,427.53172543195933,1812.0955856736184,240.34740390972496,0.6401646137237549,-6.161242878669711
685,22.833333333333332,77.54444614901543,425.7377557336569,1811.2253374470115,241.15084982331396,0.6299639940261841,-6.077448652469257
686,22.866666666666667,77.96992838717102,421.86467219917176,1814.022218356234,250.0696564570874,0.5894937515258789,-5.651435219440019
687,22.9,77.20410444555283,413.2407476934284,1814.6853667417943,255.63662847949863,0.6950573325157166,-5.183023357144978
688,22.933333333333334,76.1955040976122,406.9119560149014,1814.932121072507,264.03654102615116,0.5873794555664062,-4.697553116440963
689,22.966666666666665,75.9296322719627,396.9029939352125,1815.823154439509,273.39407545336485,0.6755416989326477,-4.060414653275171
690,23.0,74.20179972286076,386.1100189633846,1815.75188744362,283.3017792935893,0.5302825570106506,-3.3783983994435602
691,23.033333333333335,73.69385309107899,378.3009598130539,1817.1091781569212,291.45636406553984,0.5552389621734619,-2.8517125570319437
692,23.066666666666666,72.72935119562447,369.00667601847647,1816.8926286707313,300.89210788065344,0.5899419188499451,-2.236427699553112
693,23.1,71.22946617458463,361.3572687682152,1817.4280985818714,307.72592173472646,0.5061360597610474,-1.7591837016926535
694,23.133333333333333,72.62687177492082,352.17004287477135,1816.9702969691484,316.4774539846629,0.5803278088569641,-1.1722171986863659
695,23.166666666666668,70.61206636035442,346.7113106642693,1817.8729142550528,322.77393106182814,0.5021181702613831,-0.784899993336186
696,23.2,70.34907228268385,338.4816225594282,1816.8468857404619,328.8359123579383,0.5105637311935425,-0.31643490285590886
697,23.233333333333334,70.50028743351697,331.48922616604494,1817.1563367765546,336.81782327427265,0.5240983963012695,0.1747941032712451
698,23.266666666666666,70.29319887459278,321.4548170971572,1815.8681306194007,345.40622732025685,0.5497059226036072,0.7861184193466711
699,23.3,71.09971829860807,311.2619226703286,1817.0899681743472,355.28188431100847,0.4737366735935211,1.4442370568197291
700,23.333333333333332,71.13001773938537,302.1489899850726,1815.6020487116873,363.88991198799766,0.561835765838623,2.0269848176835543
701,23.366666666666667,70.65471538559198,295.1932735607028,1815.6593145940064,370.949196659559,0.44418179988861084,2.4858220536392364
702,23.4,71.84741013424397,288.9591661343098,1814.5274139944077,376.67647037042974,0.5168116092681885,2.881534933350049
703,23.433333333333334,71.64912900735736,285.2306852337852,1813.8764472632588,381.37859526524244,0.5560961365699768,3.158765234241955
704,23.466666666666665,71.03065825937986,280.48403511852024,1814.2598037930727,385.5658501021504,0.4962214529514313,3.4496141242662275
705,23.5,71.48911640482545,275.7686349812746,1813.1994921637713,390.43801402468085,0.45642024278640747,3.766759052051954
706,23.533333333333335,72.3452897501409,270.8793372936368,1813.3952391524554,393.83244680170117,0.5518308281898499,4.0395268844746886
707,23.566666666666666,72.86694231612384,269.56894961650966,1812.8872373033644,396.3665378960844,0.5486177802085876,4.167852496036382
708,23.6,73.19313797414004,267.45724476697296,1812.8450222059012,398.03629807419776,0.5318602919578552,4.292597470873853
709,23.633333333333333,73.07235135759711,265.94641250755785,1811.7907340549707,398.5552676647514,0.4980192184448242,4.361400355377401
710,23.666666666666668,72.73717795089185,265.32634750893715,1811.6554015285374,399.1696679532409,0.4826715886592865,4.401338220272074
711,23.7,72.7066619801551,265.2556678342909,1811.6966880205632,399.2130997841835,0.47567906975746155,4.404894760246287
712,23.733333333333334,72.37081815503835,265.470941789788,1813.535832619226,400.64377050467135,0.4853295087814331,4.439171050476218
713,23.766666666666666,72.75470494459272,266.13300210145417,1812.8775759014666,399.8338256548047,0.507565438747406,4.393638906400446
714,23.8,72.50715652605295,268.065058167449,1813.1574844837844,398.0998676252961,0.5269291400909424,4.272329755352734
715,23.833333333333332,72.3657587741524,269.51614863402546,1813.4766218726218,395.12321937043595,0.5470733642578125,4.126278780058969
716,23.866666666666667,71.16470896316767,275.68756772660015,1814.8148021897732,388.434978810966,0.44948869943618774,3.69969298059856
717,23.9,71.5684067252636,283.749769501007,1814.3451899308861,382.64754544347824,0.5499244928359985,3.2478941137271677
718,23.933333333333334,70.25640403242707,291.01087471948864,1814.3032377936543,374.688277963233,0.45328032970428467,2.7468805291936245
719,23.966666666666665,71.07573858193756,301.53318778442593,1815.4458911235035,364.84675770926106,0.5642815232276917,2.07869218583856
720,24.0,68.67702338887081,309.59201597868207,1817.1469648044824,355.5230492180586,0.4585818350315094,1.5047723701049807
721,24.033333333333335,70.45822855005264,320.3633446804464,1815.9656771491648,346.12482039326727,0.5575298070907593,0.845551635036259
722,24.066666666666666,70.69316355604529,331.08925427054317,1816.946436365652,337.17475880975724,0.5460987687110901,0.1996688110812309
723,24.1,69.15243265161962,338.714956805861,1815.9735607489706,327.94399898540973,0.5034440755844116,-0.3532832260749635
724,24.133333333333333,70.65511416521669,349.29068909187913,1817.5317233549356,319.94790570063,0.6090965270996094,-0.962323009865376
725,24.166666666666668,69.15089763211756,356.53266376369,1817.6497213346363,309.1671503518939,0.4952542185783386,-1.5517199310965444
726,24.2,72.68248265670836,369.8434224173307,1816.7495917566628,300.4016884052955,0.5627713799476624,-2.280083005193336
727,24.233333333333334,74.22016419716627,380.06691253067254,1817.10761471515,290.4953915216386,0.6132751703262329,-2.9419908840578914
728,24.266666666666666,72.28363431792259,387.6684106832147,1816.214694413221,282.3237504591405,0.4848496615886688,-3.456833340412798
729,24.3,75.54548593257815,396.09944208222544,1816.2404961926163,274.7702773899674,0.6599674224853516,-3.987156842356135
730,24.333333333333332,76.15500282501466,400.4220229976714,1815.3169147711099,268.29162723579407,0.6389006972312927,-4.344620571456679
731,24.366666666666667,75.53349748450816,407.495121097368,1816.5013685804338,261.3260260636568,0.5762836337089539,-4.799213665720654
732,24.4,77.71912778844387,412.22232722094634,1814.9194638332547,258.4950860364854,0.7074505090713501,-5.057009577299747
733,24.433333333333334,76.88341994147673,416.4366520047307,1814.7150452319265,252.4743016078636,0.6594056487083435,-5.389833662159381
734,24.466666666666665,76.96305170883238,423.61726438909767,1814.4188817151785,248.24739434244634,0.5431048274040222,-5.76362171116648
735,24.5,77.48021626832634,426.18556268795135,1812.072577087307,240.2163915682137,0.6279119849205017,-6.119421963989918
736,24.533333333333335,78.47946135041416,427.9110833105519,1813.433322823578,242.09795620518327,0.6473302841186523,-6.1130618033959285
737,24.566666666666666,78.63071598867477,428.68880593821183,1813.6903043980062,241.17356464052202,0.6767560839653015,-6.168256840125532
738,24.6,78.49797379409075,428.60020629402396,1814.0737464115919,240.88018954365253,0.6655692458152771,-6.173118524798447
739,24.633333333333333,78.43818635747432,428.62869517116246,1813.943952539271,240.99329411984087,0.6660824418067932,-6.170604409667863
740,24.666666666666668,78.37551091455519,428.6685979759976,1813.7226354886234,241.14109078766703,0.6684392690658569,-6.167642982529297
741,24.7,78.38585011163651,427.8184853405884,1813.4842394747018,242.22226002330183,0.6514241695404053,-6.1054751270340955
742,24.733333333333334,77.62839186358154,426.11177543954847,1814.6474588114202,243.64724281852244,0.6318767070770264,-5.9966224057300845
743,24.766666666666666,77.12745544347763,422.5034993669033,1814.7730813360452,248.5950147503972,0.5562260746955872,-5.715291686414362
744,24.8,77.79197872919143,413.56067841071933,1815.5920215086758,255.15846849434675,0.702018678188324,-5.208175309683473
745,24.833333333333332,76.97623421765566,405.40839367293717,1815.149532339257,264.46011441602707,0.5815883874893188,-4.635964769083029
746,24.866666666666667,75.92957668852685,394.4855775306612,1815.8596039386332,274.67955741195084,0.6457296013832092,-3.9389868340867884
747,24.9,74.42807841216326,382.5973966275513,1816.1787669292091,286.7819517510772,0.601597785949707,-3.1487243782147174
748,24.933333333333334,71.23598665375411,371.35487964122296,1816.18830292598,299.17089251992775,0.4944527745246887,-2.368821791979966
749,24.966666666666665,71.94824453475475,361.3110663084328,1817.0813432089387,307.8403953530431,0.5202070474624634,-1.7549868241211701
750,25.0,71.62509374793171,350.64190416544676,1817.1640205526203,317.79392825819997,0.5949056148529053,-1.0780786622190985
751,25.033333333333335,68.57257404455319,340.962704413116,1817.8460721338183,323.7778889249921,0.47947534918785095,-0.562854080166768
752,25.066666666666666,70.67465132933259,336.3040167733431,1817.3403928831399,331.4309678366646,0.5434039235115051,-0.15984993944976317
753,25.1,70.01406919263005,328.9382553083569,1817.1818821046352,339.4389956724405,0.4968464970588684,0.34435207431760345
754,25.133333333333333,70.57357783461809,319.1042876215398,1816.3513369676054,348.2901688316647,0.5693724155426025,0.9577805887668426
755,25.166666666666668,70.64729739028812,306.8902727392137,1814.9745960927069,358.21210645210743,0.4750085771083832,1.6852779928998645
756,25.2,71.28414020630717,298.5931441036284,1815.0125799604416,368.3158582283795,0.5286510586738586,2.289743201522014
757,25.233333333333334,71.57971271342635,289.010468547225,1814.5628945328117,376.7991623638302,0.5072188973426819,2.8833753607290724
758,25.266666666666666,71.79807818735242,283.886463211408,1814.1059898487986,383.1326124739796,0.5403299331665039,3.2601856115703325
759,25.3,70.12212117727995,276.3476907677174,1814.0175679522754,387.81845856833456,0.4306306838989258,3.6574023552813117
760,25.333333333333332,72.7476425531,271.77864653115273,1813.7245178673088,392.24496912011506,0.5632617473602295,3.9582534306426296
761,25.366666666666667,72.42733659676611,269.6359071671888,1813.3156246879696,395.59408117859067,0.5536589622497559,4.1382999410976185
762,25.4,72.3616147639066,268.2779791224688,1812.861814342916,397.3056136037529,0.5329899191856384,4.239724188470499
763,25.433333333333334,72.8944730807364,266.3655745876789,1812.426000718379,399.2599533525914,0.5089762806892395,4.368719451084927
764,25.466666666666665,71.68170483323932,264.6806152485311,1811.9359401739837,398.9983899347931,0.4680413603782654,4.413501182777452
765,25.5,71.91216691173315,264.64211869513093,1811.8638187743068,399.2034049698472,0.4552571475505829,4.422236804661727
766,25.533333333333335,72.10479048829674,264.9174760259867,1811.8697748669385,398.7863276957184,0.44948050379753113,4.400040329960558
767,25.566666666666666,72.60850274437368,265.98208787953257,1812.7762186179875,399.546656809929,0.49316707253456116,4.38906618189595
768,25.6,72.66700293424725,268.07470632776943,1813.0719078516781,397.16249879964886,0.5174898505210876,4.241925112581378
769,25.633333333333333,72.35010200915933,270.2051478328198,1813.48390448246,394.1532958186448,0.555780827999115,4.071913095163072
770,25.666666666666668,71.20843369535804,278.7143852277815,1814.081527170515,386.97478755005596,0.44122329354286194,3.5544210667160194
771,25.7,71.44467091860176,285.9141576029986,1814.8156622346223,379.4379371506497,0.5592269897460938,3.0707098162855653
772,25.733333333333334,70.90138510038852,297.0305335210115,1814.9266418664993,369.2072409072399,0.5101290941238403,2.369840785415585
773,25.766666666666666,69.88146787107587,307.28381876102685,1816.6557895896644,356.77176664595606,0.4661615192890167,1.6228154131117551
774,25.8,70.1719785472393,319.91438868540524,1816.3291242048324,346.6160610226974,0.5619098544120789,0.8760803136602693
775,25.833333333333332,70.55815821115374,332.548707257586,1816.096263807529,335.35642634504137,0.5791193842887878,0.09216087263482327
776,25.866666666666667,68.34408102181777,340.87968448345663,1817.797343780461,323.8553198649168,0.47578859329223633,-0.5575418755481052
777,25.9,73.07432572897076,352.81093293514255,1817.1527026314438,315.657467991855,0.5638540387153625,-1.2203664943407804
778,25.933333333333334,73.10468678749204,365.1039329781994,1817.0453308920473,305.5050342567086,0.6152964234352112,-1.9573125449313895
779,25.966666666666665,73.93519699333608,375.43547902655604,1817.2074424032241,293.51677724187374,0.5151605010032654,-2.6904263978256036
780,26.0,74.57173627687693,384.4621513364673,1815.3390923857332,284.6162275583476,0.5709450840950012,-3.2827412885565725
781,26.033333333333335,75.15375676635652,394.5086560878262,1816.1811587391019,275.5939712413669,0.6335235834121704,-3.907316001418026
782,26.066666666666666,75.9734114586987,400.08264765136244,1815.1375494237661,268.50269095281885,0.6486910581588745,-4.3265847653651806
783,26.1,75.83018854894787,408.48022631748023,1815.872008197993,261.0000543123722,0.6022605299949646,-4.844621569652238
784,26.133333333333333,77.66106760133356,413.182099100256,1815.128269444382,256.2291364608765,0.7007402181625366,-5.161766658810959
785,26.166666666666668,77.02554479360431,418.0795068979979,1814.2114004516184,251.36215258694216,0.5951655507087708,-5.481875097002335
786,26.2,77.1681028683737,424.91833238244953,1810.970203103119,241.98768517736195,0.6100262403488159,-6.02290170075346
787,26.233333333333334,77.92922965031565,427.3124298338488,1811.9445640545725,239.92631735992433,0.6505830883979797,-6.167725387707493
788,26.266666666666666,78.40305990413427,428.81419083313943,1813.6680274139226,241.2038571384549,0.6627516746520996,-6.170635961703109
789,26.3,78.46301787436605,429.09300190363376,1814.0281826934934,240.18275392106773,0.65740966796875,-6.211991555807761
790,26.333333333333332,78.37379039092959,429.1303107967153,1813.9283693250359,240.22582776159643,0.6563558578491211,-6.211841059586619
791,26.366666666666667,78.41023034364284,429.11777961348145,1813.9749640555262,240.34247752770185,0.6586534976959229,-6.207590275840904
792,26.4,78.38699481310546,428.07508931649124,1813.6991014157772,241.46808183529376,0.6649267673492432,-6.1377229595069345
793,26.433333333333334,77.33246798344702,426.4297757206529,1811.7110840084076,240.32257326068878,0.6338438987731934,-6.124678441357487
794,26.466666666666665,77.64687621043474,421.61434534109236,1814.601494577986,249.64323715190292,0.5857981443405151,-5.654270669536181
795,26.5,77.47913915110827,412.17703331100194,1814.954324288869,257.7140416442513,0.6938784718513489,-5.080286854455539
796,26.533333333333335,75.9019700272345,401.0024421851814,1814.3784244591295,267.80643084057493,0.6229514479637146,-4.3812436945636115
797,26.566666666666666,75.98742259752557,388.17175636035205,1814.911593251282,280.3019742118418,0.47782450914382935,-3.5496510153761625
798,26.6,73.96387419512868,375.6409889562368,1816.485816825962,292.89562351846695,0.5210326313972473,-2.7187040911807117
799,26.633333333333333,72.56031614984273,362.58153783744575,1816.6340784473985,306.8403888361931,0.5560977458953857,-1.8305681174027784
800,26.666666666666668,70.65517968831062,349.23637001307605,1816.8851891960026,319.2380638660103,0.5931013226509094,-0.984181509152916
801,26.7,68.78976856437995,339.037680607754,1816.169497364092,327.09431936923863,0.508487343788147,-0.3916112364622655
802,26.733333333333334,70.51154221820235,333.7591357122824,1816.4380175119697,333.6308030917421,0.5719313025474548,-0.004211470311962809
803,26.766666666666666,67.89553408506549,324.1497789133668,1817.253074247983,340.503071625185,0.49375027418136597,0.5355951198714455
804,26.8,70.04065030630827,316.4649371210456,1815.6055761105656,351.19531113203465,0.5515180826187134,1.1398266011394151
805,26.833333333333332,71.11169470518232,304.6067707851291,1815.5687334728777,361.0602857788652,0.5110756754875183,1.8535393130222528
806,26.866666666666667,70.97955284967422,295.22648422291877,1815.4704392855585,370.80268224830627,0.44825267791748047,2.4806613756993228
807,26.9,71.19711859471202,285.61591513828336,1814.3170115290702,380.46445464760137,0.5514732003211975,3.1145689712778055
808,26.933333333333334,71.00324400437475,278.936358811152,1814.4947288187266,386.88491416512727,0.4516853988170624,3.542954720841537
809,26.966666666666665,72.68038504984676,271.5209305339664,1813.4372060432315,393.1043418149114,0.5562990307807922,3.995343528756844
810,27.0,72.53782805989682,269.34827586378753,1812.9087796477259,396.3861970210254,0.5469695329666138,4.174885984643046
811,27.033333333333335,72.79506152939797,267.07106152315436,1812.7726135460377,398.51965781587063,0.5111108422279358,4.320268825164453
812,27.066666666666666,72.06097506520152,265.4766216873914,1812.0015240178109,398.8887355183393,0.45883622765541077,4.384646050090155
813,27.1,71.87225597075224,264.542777440092,1811.3600694174052,399.48123265152276,0.4504512548446655,4.435760524248811
814,27.133333333333333,71.757483376199,264.4708098678112,1811.5705452165366,399.4686263987839,0.4412412643432617,4.436877793376128
815,27.166666666666668,72.24011910938025,265.2455751081854,1812.020364293921,398.9831816341549,0.4623889625072479,4.395705035125958
816,27.2,73.22856362068057,266.7439654650062,1812.3186756262182,398.50786452681723,0.5081726908683777,4.33279382461084
817,27.233333333333334,72.21675990942717,269.3666088783294,1812.8116826671362,396.01984779029624,0.5517948865890503,4.1617548515503735
818,27.266666666666666,71.65194997181892,275.1278959277689,1813.2832666938305,390.6860054834783,0.4637608230113983,3.796039624416209
819,27.3,71.38605204948186,284.8965450633518,1814.1664442324043,381.6827801538646,0.5482450723648071,3.178686345775444
820,27.333333333333332,71.3293081822753,295.27737657408716,1814.9753919162451,370.4331159431636,0.4750128388404846,2.4680713587758407
821,27.366666666666667,69.71220566410422,307.42203777501584,1815.0082120434643,358.2455917906046,0.46055757999420166,1.6679992632101233
822,27.4,69.9297288207531,321.3072222057462,1815.4949644494413,345.995741416955,0.5434810519218445,0.8103126788898233
823,27.433333333333334,70.77580336497427,335.0823254520565,1816.0720081127943,332.5101258713059,0.5737825036048889,-0.08444186891511322
824,27.466666666666665,71.69290494302511,348.6134166284658,1817.2168523439766,320.93856194179654,0.5955808162689209,-0.9083344465399311
825,27.5,72.41573033058346,360.544299007833,1817.0163065480351,308.1073928483605,0.5109829306602478,-1.7216027619611343
826,27.533333333333335,71.35800974749029,371.7504551432371,1816.3199548770308,299.1735020530812,0.4882020652294159,-2.3816896003274977
827,27.566666666666666,74.50305386329443,382.1296498241663,1816.6098145080357,287.88788003766535,0.6113547682762146,-3.0964793807945363
828,27.6,74.86045435238928,390.6514991129279,1816.540913286373,277.12402227039337,0.5297659039497375,-3.7294191232833596
829,27.633333333333333,75.6877420478575,398.30957732494176,1815.5315124501706,270.46044012642204,0.6688620448112488,-4.202718560704007
830,27.666666666666668,75.8581563466305,407.87902220653893,1816.088344625646,261.12777227422,0.5787867903709412,-4.820270749441724
831,27.7,77.49237318885476,413.34816293408426,1814.9040676418902,256.25479808160065,0.7043830156326294,-5.166523301662345
832,27.733333333333334,77.14752525393665,418.3635651316226,1814.0513058367371,250.70322962732612,0.5851048827171326,-5.513580778503379
833,27.766666666666666,77.38108351558297,425.7381818507314,1811.097878540045,240.90031337811948,0.6284502744674683,-6.085524446473324
834,27.8,78.4991573320955,427.7834770105246,1811.3896511416435,239.45930302662254,0.6611118912696838,-6.202353578415754
835,27.833333333333332,78.81327981764376,429.3986238525629,1813.4944159488678,240.0458440671742,0.6766238808631897,-6.229577467348584
836,27.866666666666667,78.78253972321153,429.4767708817974,1813.5954104687273,239.37021830542386,0.6691981554031372,-6.253708794090817
837,27.9,78.73922765633463,429.41922446517196,1813.5710098421157,239.59550861573814,0.674089789390564,-6.244410674042953
838,27.933333333333334,78.79230006064176,429.08601512405573,1813.728159389192,240.75828881754876,0.6802354454994202,-6.195214285326602
839,27.966666666666665,78.19318227443993,427.46423279409333,1811.8166091681599,239.8857529237151,0.6536064743995667,-6.175393124406034
840,28.0,77.09763169602304,423.7954381707728,1811.8308602241277,242.7345078556657,0.5575961470603943,-5.9586108328399785
841,28.033333333333335,77.05114034882486,413.9576115642577,1814.7247244248629,254.49751231190265,0.681020975112915,-5.24314433566224
842,28.066666666666666,75.52300527364537,402.64057637819053,1814.9106702869058,266.3570786073014,0.5328636169433594,-4.480053185196036
843,28.1,75.8594609776048,389.02267614210245,1815.0066876551925,279.90723315293786,0.4977719485759735,-3.590075820732928
844,28.133333333333333,74.76251772155612,375.08663147085906,1815.2789803711414,295.4442144265831,0.5062193274497986,-2.6199083359851043
845,28.166666666666668,69.22033269342482,356.4354743564844,1816.9644910155266,309.14191398038867,0.48477500677108765,-1.550032540091545
846,28.2,70.61208067997097,345.22395660949945,1817.7076216193616,322.97969614104034,0.5044413805007935,-0.729458321740901
847,28.233333333333334,70.26556765570045,335.6745307688117,1817.1467949217588,332.1495651811516,0.5521376729011536,-0.11561483049391208
848,28.266666666666666,68.0149859177389,325.59291334131956,1816.873805968696,340.17537110564706,0.4706647992134094,0.4777366317644658
849,28.3,70.00476968649626,319.0425247287303,1816.48400886589,348.20562014733554,0.5570560097694397,0.9566486518224417
850,28.333333333333332,69.61474960828126,307.87516164633035,1816.7259676438034,356.0279753870845,0.45748192071914673,1.578751652493622
851,28.366666666666667,71.7056394214213,299.47695458010213,1815.2523875414133,368.38028652254343,0.5478180050849915,2.263097814278972
852,28.4,71.57988454882502,287.71677971264126,1814.5122386722803,377.7772846012324,0.5288621783256531,2.957947118393476
853,28.433333333333334,70.63077775991559,280.04145048499106,1814.5549150349677,385.70364907405377,0.48829561471939087,3.467241554512798
854,28.466666666666665,72.9391576611638,271.5185296115905,1813.346993760711,393.1245661036581,0.5652207136154175,3.996883299938857
855,28.5,73.3454539997369,268.5318900612421,1813.0456916712583,397.3580137454554,0.5466766953468323,4.235066252592044
856,28.533333333333335,72.41457738448679,265.4457297182381,1812.3096691482663,398.89031414758267,0.4835054576396942,4.3858231828241685
857,28.566666666666666,71.95184873884916,263.6990910173774,1811.3009137796282,400.4787312828004,0.43015581369400024,4.496395514187033
858,28.6,71.97420382993221,263.75615078400375,1811.0374115725338,400.48737859548925,0.4294191300868988,4.495546363718528
859,28.633333333333333,71.80457235042452,263.79232647470235,1813.14281946072,401.86405090979935,0.4371090233325958,4.533530860431014
860,28.666666666666668,72.36235179023147,265.6736045023769,1812.5644366962551,399.8229180123389,0.48493245244026184,4.4081191833092666
861,28.7,73.00673366740347,268.303500367558,1812.4994690298677,397.37201475054326,0.5351714491844177,4.243509893926382
862,28.733333333333334,72.68236961852313,271.77571361332537,1813.1616849046409,392.13529517691137,0.5559119582176208,3.955884272101975
863,28.766666666666666,70.96881921224595,281.1616176775694,1813.8817147125126,384.58540461544396,0.5346419215202332,3.395927552360485
864,28.8,70.43055335095823,291.76476000624893,1815.7401041349053,372.302380897367,0.43574658036231995,2.6420497338617612
865,28.833333333333332,71.51890728225112,303.9855298422396,1815.166924598384,361.2479437029421,0.5354263186454773,1.8809506754274203
866,28.866666666666667,70.16278839090467,319.82091934100987,1815.7587296167671,347.18861472688616,0.554933488368988,0.898217591237026
867,28.9,70.85220589607358,335.18699251963494,1815.995151259315,331.82544963728355,0.5531742572784424,-0.1103645876779288
868,28.933333333333334,71.25601691331863,349.64149442121237,1816.379956457004,318.3638703680783,0.6053816676139832,-1.026794692805965
869,28.966666666666665,73.24442650136649,364.6558813428812,1816.1235240181745,305.69855562983753,0.6139239072799683,-1.937436931831467
870,29.0,73.56048235211372,376.2471491732538,1816.5814111146688,292.25531275167464,0.5108354687690735,-2.7588068530669276
871,29.033333333333335,74.54942696517408,385.4588873396814,1816.0842140671612,283.5775011780165,0.5361446142196655,-3.348039860519557
872,29.066666666666666,75.97890632678704,395.7021770349607,1816.1739008631469,274.95902685936096,0.6743804216384888,-3.969097198261373
873,29.1,75.92432945081516,401.6190591937065,1814.9865733671368,267.0322853033036,0.6076130867004395,-4.425324215188592
874,29.133333333333333,76.96476420479416,411.1204335541241,1815.5088232347011,259.15981088165046,0.6681802868843079,-4.995346790734328
875,29.166666666666668,76.81036131204814,416.80119125660656,1814.228637364602,252.1138283134751,0.6419241428375244,-5.414805553392866
876,29.2,77.15110385629237,424.45456708335877,1811.253616520071,242.1670713532388,0.5779029726982117,-6.000848924953682
877,29.233333333333334,78.4104581557244,427.7270284040481,1811.5909979682565,239.5463281096399,0.6569079160690308,-6.196636034112207
878,29.266666666666666,78.26916758398414,429.6753526121497,1813.4548920714617,239.28621834988593,0.6723916530609131,-6.261595654773144
879,29.3,78.20341081993878,429.998125881809,1812.2135150927306,236.8596564835608,0.6465058922767639,-6.355554002085423
880,29.333333333333332,78.1323191308707,429.94326829863786,1812.0385423962473,236.9535395780891,0.6513266563415527,-6.351076810636284
881,29.366666666666667,78.49147377299369,429.1116706697911,1813.6321181548774,240.06086751458048,0.6766296625137329,-6.218086336552742
882,29.4,77.99236245310902,427.5006743740357,1812.099941440618,239.8378308081627,0.6458738446235657,-6.176437475452088
883,29.433333333333334,77.43542136176228,422.291861509192,1813.9935140339553,249.21404135985375,0.5844460725784302,-5.6917112284904245
884,29.466666666666665,77.5920499785453,411.7502396346301,1815.0919935163677,258.22687918446064,0.6920595765113831,-5.049471070149461
885,29.5,75.74693166760318,398.0211674466312,1815.505724122536,270.6036927025944,0.6630423069000244,-4.188783192858831
886,29.533333333333335,74.17570818819404,382.4857105612576,1815.5515056723773,286.7680617230177,0.5934440493583679,-3.1461928441948013
887,29.566666666666666,72.8986220811516,365.5148998983726,1816.0315044264735,304.3799202875018,0.6030691266059875,-2.0086484651013374
888,29.6,71.07535498978496,348.59518211552876,1817.0406830916554,320.8008540947258,0.596406102180481,-0.912024517986029
889,29.633333333333333,70.18589808238745,335.0841262523204,1816.8780408868104,332.6095660076365,0.5544874668121338,-0.08117158132295431
890,29.666666666666668,68.22018505512644,324.7454558692813,1817.0387868272812,340.5058183879971,0.47831934690475464,0.5163358910098194
891,29.7,70.23370954635739,318.03577605908515,1816.2243983400404,349.39860855660885,0.5638710260391235,1.0290803468221992
892,29.733333333333334,69.25680822821558,307.511475496459,1816.7747268060327,356.6397293670416,0.4599098265171051,1.6103413609013773
893,29.766666666666666,71.36629314827323,299.52497693297045,1814.7620443831026,368.01072108525636,0.5451248288154602,2.249591091485336
894,29.8,71.30330462646484,287.7806295810819,1814.7225161664187,377.4947197300434,0.5348328948020935,2.9457681636905133
895,29.833333333333332,71.0683592062056,279.8130686562479,1814.7765189118743,386.0733724610507,0.49002209305763245,3.487250547016208
896,29.866666666666667,72.61650393860639,270.6818025225222,1813.5773543001055,394.3132471288785,0.5842268466949463,4.0619458348563136
897,29.9,73.31728926664591,267.2426962844737,1812.7189410196186,398.78386971184017,0.5233119130134583,4.324725965127567
898,29.933333333333334,71.7740307779491,263.7699323301196,1811.1291855611146,400.2866058553219,0.4424218237400055,4.48777063361236
899,29.966666666666665,70.67490697625875,260.53882119880916,1810.487392063117,401.23395219925044,0.41673925518989563,4.623333490049068
900,30.0,72.74000737694502,263.29651452465055,1810.6714460000635,400.92332760549186,0.4208891987800598,4.527804587243535
901,30.033333333333335,71.9399812481463,264.15446957740784,1811.469088563597,399.71116078189016,0.4648545980453491,4.4558964524315305
902,30.066666666666666,72.97523571811318,267.53172234022395,1812.7702321504116,398.4260038352072,0.5261504650115967,4.30256864730602
903,30.1,72.33728595234156,270.1284111773342,1813.2956162782907,393.7919691510469,0.5594585537910461,4.063003256958423
904,30.133333333333333,70.75563700558543,279.7779005458415,1814.2798716508566,385.3724979608536,0.49764561653137207,3.4658214867578634
905,30.166666666666668,71.28987542970181,290.6543943742395,1814.6090839747608,375.0355277968645,0.47872307896614075,2.771100387671053
906,30.2,71.0230449965775,303.440021012038,1815.4448349433005,361.9134203279763,0.5479628443717957,1.9198482054968302
907,30.233333333333334,70.09642217530012,320.3000749734402,1815.690981341201,346.74986232649684,0.5681294798851013,0.8680968973475282
908,30.266666666666666,70.18021840174794,337.35933346003293,1816.2802969159425,330.93687489149124,0.5318827033042908,-0.21074285211685748
909,30.3,72.68455401093959,352.79173727218506,1816.0711094483734,316.14493201226185,0.5871970057487488,-1.2042068871316318
910,30.333333333333332,72.54325194011331,369.30798765434025,1815.6809827774227,301.1182204841003,0.5689544081687927,-2.2402100977716297
911,30.366666666666667,74.47933103186637,381.74792594760356,1816.5456259589673,288.78405501486657,0.6126548647880554,-3.054642639434381
912,30.4,74.52982254225314,391.51252463861704,1816.9015272276015,276.3213105625987,0.5392816662788391,-3.782419039600619
913,30.433333333333334,75.84836501048487,399.32677584325074,1815.5989582780778,269.5915870860919,0.6513572335243225,-4.264718245614738
914,30.466666666666665,76.20538042936064,409.0612742663354,1816.065358169651,260.8730896491408,0.6323477625846863,-4.868274115756248
915,30.5,77.038391767776,414.8756523789763,1815.1478252673924,254.3329085365534,0.6910374164581299,-5.277225753961183
916,30.533333333333335,77.13723248712718,423.1083248220861,1814.466955705452,248.6331340035975,0.55881667137146,-5.734827543881149
917,30.566666666666666,77.94757720143795,427.4586589375898,1811.5929506432415,240.06317167106272,0.6698690056800842,-6.16933768863979
918,30.6,78.36923892250358,429.5654425037548,1813.6052610631348,239.80906139671802,0.65736323595047,-6.240770422111217
919,30.633333333333333,78.04242969061434,430.26944334508477,1812.0866346114874,236.48828981208206,0.6456337571144104,-6.3764043554232295
920,30.666666666666668,78.19717137247027,430.4480072278291,1812.1518626345396,236.25718348644563,0.6411648392677307,-6.390100387505447
921,30.7,78.5593457179755,429.4471115929693,1813.506765967256,239.63594113790393,0.6499362587928772,-6.243588353119155
922,30.733333333333334,78.30579434260429,427.6011067947045,1811.595769438064,240.02526200497746,0.6424242854118347,-6.176485872737237
923,30.766666666666666,77.52029492239207,421.52723130288126,1813.775152899307,249.8143266287327,0.582960844039917,-5.648096759769094
924,30.8,77.03221784340143,410.848668440108,1815.168038490981,258.87929566830394,0.6649654507637024,-4.996800365754934
925,30.833333333333332,76.18410953394249,395.82108222203516,1815.2988733560323,273.66324736075995,0.6425408124923706,-4.017935782245224
926,30.866666666666667,74.28001032251417,378.5162033936068,1815.4431682267189,291.0396189631224,0.5841576457023621,-2.876139723991263
927,30.9,73.49049066995383,359.524278440243,1816.7121162353158,309.26697370069024,0.5223984718322754,-1.6513872976392137
928,30.933333333333334,69.16110784416794,339.92967686048746,1816.9133658621072,325.4456590832114,0.4880314767360687,-0.4748121983346787
929,30.966666666666665,70.4819275154531,329.2135844339073,1816.2661595490515,338.83100341235996,0.5187135934829712,0.31563576580319613
930,31.0,70.4127147336483,319.53872612895964,1816.9094737469345,347.8071648565259,0.551360011100769,0.9272967766472061
931,31.033333333333335,68.78995108525008,309.0761990903735,1816.9240339764417,355.69685898810627,0.4619970917701721,1.5276482960141926
932,31.066666666666666,70.8536378577292,301.6079257685825,1815.4214913647472,365.0333195860207,0.5646722316741943,2.0821245519821083
933,31.1,69.90387633527517,291.1372383927524,1814.2339082852782,374.80872112594244,0.45411035418510437,2.746241222463646
934,31.133333333333333,70.77469815093279,282.40572147688715,1814.0652678968072,384.5800972448349,0.5432494878768921,3.3542721465286616
935,31.166666666666668,72.26926169871092,271.9001358937264,1813.253171199107,392.8095735929221,0.5344168543815613,3.972750663767622
936,31.2,72.41673335463405,267.40827612611054,1812.663258539748,398.72465722952484,0.5227836966514587,4.315275235318219
937,31.233333333333334,69.92792049022019,260.8195811474204,1810.5906182735205,400.5185853792429,0.4248792231082916,4.5885077935804714
938,31.266666666666666,72.03298064876199,260.9573480086684,1810.1236178259076,401.5682505905986,0.4293656647205353,4.625135225750656
939,31.3,70.33218083967566,260.0678576888323,1810.136634791285,401.55094207953215,0.4232773184776306,4.649134328139501
940,31.333333333333332,71.21048660765886,263.4593194524109,1810.8184832942843,400.3068746216655,0.4361015260219574,4.497952089715318
941,31.366666666666667,72.53577905294597,267.8450606776031,1812.8358919315995,398.3613457762867,0.5186851024627686,4.288949583346892
942,31.4,72.42140675676465,272.41169898806214,1813.1278554614187,391.95232605940106,0.5303597450256348,3.9285410399211864
943,31.433333333333334,71.56982089588045,284.0240990874892,1813.7347989180685,382.61317272268235,0.5548275709152222,3.2389122552997374
944,31.466666666666665,70.97653661771416,296.32769354496,1814.520866892147,369.98288333261013,0.51933354139328,2.41899429276495
945,31.5,71.75896610740423,311.75520525538326,1816.2977451517522,354.9924097909033,0.516813337802887,1.419746190275658
946,31.533333333333335,70.95110975191594,329.93353787049057,1815.6302496777475,338.19757604185344,0.5318248271942139,0.27139143066075505
947,31.566666666666666,71.77033241152763,348.24023302003405,1816.7244122296959,321.22858971981407,0.6010074019432068,-0.886859760467504
948,31.6,73.24711576874853,365.63104999664574,1816.2440583057164,304.9038681144476,0.6126566529273987,-1.995416233690664
949,31.633333333333333,74.06349229608774,380.1536141340943,1816.2960936226427,290.06200962834953,0.6160227060317993,-2.96015306968656
950,31.666666666666668,74.34975781181902,390.9344972609997,1816.6506538374902,277.0952658767819,0.5233170986175537,-3.7383034390481287
951,31.7,75.49417120696232,399.42350355130435,1815.3846344074427,269.4790538843006,0.6444429159164429,-4.271229610217408
952,31.733333333333334,76.14688544662036,408.7265150436908,1816.3358006175697,261.1066807808161,0.6262703537940979,-4.848779571463533
953,31.766666666666666,76.78222521819025,414.1263934131831,1815.0230584483386,254.3366485600412,0.6918459534645081,-5.25221773666657
954,31.8,77.09515678896159,422.7781222750008,1814.480138865167,248.82990701450407,0.5598275065422058,-5.717440664431427
955,31.833333333333332,78.27885241798162,427.3656940342322,1811.78636874156,240.2269772362709,0.6555798053741455,-6.161435658289781
956,31.866666666666667,78.46785334852039,429.36202443139257,1813.9963961822332,239.44665858823956,0.6530846953392029,-6.244913427107699
957,31.9,77.9446438496828,430.310700330022,1812.081618406415,236.15610119113344,0.6432225704193115,-6.388252210337888
958,31.933333333333334,77.9741748043716,430.16358145737945,1812.042583131683,236.3331842546668,0.6418353915214539,-6.377923088209488
959,31.966666666666665,78.62678959320783,429.0095106199294,1813.812770532,239.8884784240663,0.6682013869285583,-6.220216890775302
960,32.0,77.53002792237253,425.8986442194015,1811.7991253502726,240.48031208168268,0.6261951327323914,-6.102561924976026
961,32.03333333333333,77.14190447899252,415.16771484432815,1814.1024268678427,252.98677399785072,0.6549777388572693,-5.334272213939825
962,32.06666666666667,76.61652328012586,404.32188061676027,1814.1900689961553,265.6599724443793,0.5358701944351196,-4.562650761320947
963,32.1,73.86713173353075,386.3996167189777,1814.5569371383965,283.27921407298146,0.5338706374168396,-3.390303391830474
964,32.13333333333333,72.81963225569726,366.23807579109075,1815.1582338929177,302.91962770445645,0.5818434953689575,-2.081273995901897
965,32.166666666666664,72.2193404779017,346.3189938513592,1816.3771606603534,322.4063213370204,0.5477659106254578,-0.7854847542711147
966,32.2,71.12758644206524,330.3317858251855,1815.7633687386035,337.8413985781908,0.5282058715820312,0.2466225120433627
967,32.233333333333334,70.04301434482336,318.57065647934377,1816.1001379146994,348.5436674034499,0.5539197325706482,0.9834491364721455
968,32.266666666666666,68.8834888817519,308.2176382744432,1817.0421029033332,355.84220483186243,0.4662444293498993,1.5605059508294898
969,32.3,71.31059634878635,301.54236253632456,1815.761942418009,365.9648878821433,0.5718944072723389,2.1149699410737006
970,32.333333333333336,71.33865889188647,290.98217386863234,1814.4548994561671,375.07302045835854,0.45674312114715576,2.7619031285058413
971,32.36666666666667,71.4117995879054,282.78116218775807,1814.0267876156986,383.60254280192555,0.5373621582984924,3.311234581888535
972,32.4,72.44115676245391,272.04072719085815,1813.633206011808,392.2398552812934,0.555354654788971,3.9490153039818594
973,32.43333333333333,73.03463609115481,267.1013986614071,1812.3935064709187,398.7518358617485,0.5302075147628784,4.328410677980702
974,32.46666666666667,70.4744290900141,260.6175730148792,1810.475097587484,401.1282374130607,0.42152249813079834,4.616800816637847
975,32.5,67.03571317922473,259.0612290002167,1809.8741614269436,401.9511063677609,0.4641067087650299,4.687018841738536
976,32.53333333333333,67.48586421135664,259.69604754316805,1810.1185794905186,401.61146806122065,0.42370617389678955,4.655743215136036
977,32.56666666666667,71.85380232428908,264.1525715773225,1811.4486080404997,399.60255625368654,0.45206570625305176,4.45223552598718
978,32.6,72.11665797899961,269.1529694202766,1812.950238843006,396.59284037005307,0.5454118251800537,4.186939434287366
979,32.63333333333333,71.55999850677848,278.4537525850594,1814.757315438217,387.27634044976236,0.446967214345932,3.5721683322183337
980,32.666666666666664,70.79756571071744,289.25315003184676,1814.3593546352267,377.1509317721963,0.5007791519165039,2.885995815735614
981,32.7,70.54153964524865,304.5430458878875,1815.2167321301163,361.70823714590966,0.5193422436714172,1.8766546666505322
982,32.733333333333334,68.78889761709571,323.0020100089848,1815.0105483106017,343.9325484992981,0.4950668513774872,0.6867250169758199
983,32.766666666666666,72.36917704019547,343.3365504368305,1817.0693657175452,324.2317426628232,0.4805009067058563,-0.6273748997856109
984,32.8,73.2452984792292,362.26720110005886,1816.1246379107713,307.1602209433973,0.5852115154266357,-1.810995042721576
985,32.833333333333336,74.37452988060564,378.78583873586507,1816.1099051949739,291.0668704952121,0.6013233065605164,-2.8831496953815443
986,32.86666666666667,74.74601327865571,391.106995701313,1816.722757446128,276.6768544917107,0.5359991192817688,-3.7583497789247224
987,32.9,75.84537954671606,400.4531794458032,1815.4109660126508,268.78965444137526,0.6406919956207275,-4.328326894270998
988,32.93333333333333,76.2912356973391,409.5202739536434,1816.1952652971208,260.41819969178437,0.651358425617218,-4.898028160572982
989,32.96666666666667,77.13167441474647,415.3695205495626,1814.8634832450032,254.0423270666957,0.6913492679595947,-5.30401066278828
990,33.0,77.48758891817778,423.35214059391024,1814.5487727873206,248.32019917836786,0.5428767800331116,-5.753888242777798
991,33.03333333333333,78.23460306711198,427.4979202886924,1811.5604268886923,240.16915679425597,0.6601300835609436,-6.168286164238699
992,33.06666666666667,78.54464923514723,429.7381368624583,1812.144917186582,237.18063632972837,0.6551182270050049,-6.338077788703638
993,33.1,78.1478209836483,430.23698771719637,1812.131480179119,236.03660887604974,0.6505737900733948,-6.390306334314453
994,33.13333333333333,78.51262601628602,430.13905998188255,1812.0771914752602,236.5042345966354,0.6559532284736633,-6.373377400927756
995,33.166666666666664,78.79702878856361,428.006841689216,1813.8961232842623,241.25564164512753,0.671518862247467,-6.143177699746195
996,33.2,77.44470980273783,423.7694424256623,1811.3822222981453,242.88301573111414,0.5680580139160156,-5.9556214790339395
997,33.233333333333334,78.0236024323374,412.2427119680479,1814.7939970887005,256.9537962781012,0.6902059316635132,-5.109369805213171
998,33.266666666666666,76.32525194646828,396.94144622797967,1814.840389608848,272.4862755510867,0.6582028269767761,-4.094650758681015
999,33.3,74.44697672611326,377.62128626454177,1814.9802124198914,291.9136770755887,0.5663193464279175,-2.8190906193129255
1000,33.333333333333336,73.19413080088795,353.49998811061977,1815.5248607713163,315.1033388609685,0.5601392388343811,-1.262452573347125
1001,33.36666666666667,70.59314537367821,333.857057915017,1815.8745471094012,333.5712114650339,0.5633718371391296,-0.009384042602010225
1002,33.4,70.12664220729471,319.49367314385177,1816.0904921342014,347.46518542828113,0.553412914276123,0.9178383095649748
1003,33.43333333333333,69.42068864596486,308.41184351774456,1817.0533257943273,356.1626361933231,0.4588424861431122,1.565110595249557
1004,33.46666666666667,71.4412658873558,301.08865090983954,1815.1904378426968,365.6117361968517,0.5537447929382324,2.1191204933813226
1005,33.5,70.09085993559063,291.70233862804173,1814.4381975761294,374.41437841273546,0.44738513231277466,2.71477115381773
1006,33.53333333333333,71.68451625128985,283.80994817775303,1814.56485632028,382.57993060070277,0.5659543871879578,3.2435139042327275
1007,33.56666666666667,72.33182583915591,273.77098511823414,1813.3472415334702,391.0905954010785,0.5064395666122437,3.8550903758570114
1008,33.6,72.86680866636932,267.73893619579303,1813.09930127815,398.28357789144513,0.5270350575447083,4.290044012564793
1009,33.63333333333333,70.03906848607362,260.8995141148925,1811.2211799850047,400.76247491878866,0.427229642868042,4.592505482170206
1010,33.666666666666664,71.91331465069652,259.28793499989507,1810.5073306104243,401.756071020627,0.4552699327468872,4.68460449448494
1011,33.7,72.23191527087688,260.2904261871815,1810.3979434934795,401.57930837207437,0.43184375762939453,4.6471379677232285
1012,33.733333333333334,71.7542354268074,263.8000443140984,1811.9946948624968,399.41717384685876,0.4579598009586334,4.456060230409338
1013,33.766666666666666,72.47176168838442,269.38257893917563,1812.9249846804619,395.70469641961904,0.5632768869400024,4.151249233752998
1014,33.8,71.24177106448411,280.0676957385719,1814.1681235328913,385.61715121328234,0.49106547236442566,3.4655289393476956
1015,33.833333333333336,72.01783613550663,294.0474950830221,1815.1796052697362,371.304469383812,0.4487983286380768,2.537689721703873
1016,33.86666666666667,71.98303642978073,311.315533145076,1815.6085485158205,355.2811457659364,0.5158422589302063,1.4444101468150665
1017,33.9,70.84524309100509,331.99425265035813,1815.2577925457715,335.95368388287426,0.5653407573699951,0.13004854234929733
1018,33.93333333333333,72.13960060828924,352.10561241096855,1816.240159898591,316.46697240503056,0.5748730897903442,-1.1706088400578352
1019,33.96666666666667,75.81642107836417,373.0070794761062,1815.997607724446,298.09655759249927,0.463167279958725,-2.4649206252072586
1020,34.0,74.31565477713495,387.3153375388503,1815.238656764847,282.2567316161633,0.4980437755584717,-3.453411593386251
1021,34.03333333333333,75.89281466648328,398.562216801095,1815.647496137142,270.52966440731285,0.655018150806427,-4.208940968649902
1022,34.06666666666667,75.86381671748403,409.0002028374344,1816.2279838852405,260.9122924199939,0.631881058216095,-4.86359308239431
1023,34.1,77.17883834999502,414.24675000730156,1815.2533070343673,254.4806112590164,0.6910340189933777,-5.251945998781706
1024,34.13333333333333,76.92120946380943,422.35221522155405,1814.1266977500497,249.31061806104182,0.5893498659133911,-5.688421094627916
1025,34.166666666666664,77.83000165042579,426.83173755468727,1811.7443437044622,240.25958690851928,0.6444814801216125,-6.141494336279623
1026,34.2,78.43762876028418,429.15732410245687,1814.0091054928184,239.34215250786542,0.6679889559745789,-6.241491604416236
1027,34.233333333333334,77.76648417066038,430.34311929101347,1812.0715721105814,236.36878222477472,0.6431336998939514,-6.381756462750039
1028,34.266666666666666,77.98661529670059,430.23228567583266,1812.348884069097,236.55981819521412,0.6507922410964966,-6.371698350204035
1029,34.3,78.46184366580844,428.08698840256017,1811.9404295907377,239.04249391985834,0.6683069467544556,-6.223795399453918
1030,34.333333333333336,77.10813480932117,423.43138491800426,1811.6253459551692,242.99953011175393,0.5514611601829529,-5.938790743168436
1031,34.36666666666667,77.19424126724005,411.3758753900856,1814.5186017891644,258.1898924827516,0.6764162182807922,-5.0389382985280875
1032,34.4,76.08190805753861,394.7222605062112,1814.9721791150034,274.50839026204943,0.6358624696731567,-3.954709502790508
1033,34.43333333333333,75.29748622915298,374.07440901930335,1814.0720371700884,296.71146946596804,0.4936184287071228,-2.5475691922210943
1034,34.46666666666667,71.21435420591236,348.4612258995138,1815.4790401679754,319.9892798460662,0.5912209153175354,-0.9351662583823092
1035,34.5,71.16148661551476,328.90415509420336,1815.65569520244,338.5103125620902,0.5191172361373901,0.3154993089743859
1036,34.53333333333333,71.2952431162715,314.6998433634564,1816.10853528499,352.8798037818611,0.5591598749160767,1.2535447522009608
1037,34.56666666666667,71.08508972547651,303.24872547142803,1815.9633751623214,362.47870227052124,0.540516197681427,1.9441614728851186
1038,34.6,70.63493044871687,295.6486156708002,1815.8412991293967,370.7256973861337,0.4715493321418762,2.4632899431529665
1039,34.63333333333333,71.43754235312343,286.31962687523367,1814.681814609033,379.08130080836565,0.5465602874755859,3.045955535028537
1040,34.666666666666664,70.96742934158445,278.93095988178254,1814.6161904099226,386.55537899895904,0.45753392577171326,3.5320254874725014
1041,34.7,71.83230337270498,269.4113787255645,1813.1826813678622,394.8400083265498,0.5442478060722351,4.119872274430883
1042,34.733333333333334,72.24312102172375,265.4233368754387,1812.3279001897813,399.042475260964,0.4903920292854309,4.39106083821329
1043,34.766666666666666,70.84007767824531,259.8324093462825,1810.2104420003652,401.40818765244484,0.42999401688575745,4.653322814768197
1044,34.8,67.35162257934809,259.62943355480434,1810.4089969356776,401.5363221849561,0.43580716848373413,4.6543353225897794
1045,34.833333333333336,70.17077619684339,261.1262752233982,1811.2097173489153,399.85870924302935,0.42314621806144714,4.555913705648842
1046,34.86666666666667,72.74348574198484,269.0267866948947,1812.5386908935427,396.9433965163618,0.5624904632568359,4.205045556636089
1047,34.9,71.82195723277927,278.60638928328154,1814.2276961752593,386.6585405541241,0.4513274133205414,3.5485503364077235
1048,34.93333333333333,69.95306855742335,291.4237743539691,1814.9100419594884,372.67706711632013,0.43188923597335815,2.6660315541241353
1049,34.96666666666667,72.2984550575912,309.64606676318647,1815.700680494815,355.9705372354388,0.46532806754112244,1.5220654309177064
1050,35.0,71.35197179600597,332.07902938068304,1814.7473758886158,336.2454417309284,0.5847626328468323,0.13692670541674629
1051,35.03333333333333,72.94512113056778,353.4396738856852,1815.628323038429,315.9131129873764,0.5598690509796143,-1.2336041975930185
1052,35.06666666666667,75.01650107202678,375.07691929941177,1816.6037176058412,293.6654712723374,0.5242001414299011,-2.6763742967074875
1053,35.1,75.02835229043812,390.31847256388664,1816.768868130186,277.2892723811626,0.532473623752594,-3.712968771464597
1054,35.13333333333333,75.92619562501032,401.67961988961696,1814.63696730569,267.41517503531423,0.6151277422904968,-4.415656615084464
1055,35.166666666666664,77.31459015914052,411.63483545820117,1814.9228593180894,259.21858900226357,0.6653249263763428,-5.012932751104423
1056,35.2,76.83270691096112,416.69708677638766,1814.6293379875601,252.77744485286325,0.6500386595726013,-5.388545866259195
1057,35.233333333333334,76.88212369073257,424.18841401149035,1811.2569069943845,242.33208063409327,0.5841813087463379,-5.985825390637336
1058,35.266666666666666,78.2522934346199,427.90846970254535,1811.627348965776,239.8680959686458,0.6548500061035156,-6.191361642125468
1059,35.3,78.30649426810443,429.8166864681855,1812.0750227042436,237.04097211928666,0.6550474762916565,-6.344591027044172
1060,35.333333333333336,78.1545019526273,430.27416339445114,1812.0432244769336,236.61623900319265,0.6545729041099548,-6.372949571359809
1061,35.36666666666667,78.68940949337184,429.3189433225736,1813.6330103103817,239.77155615131855,0.6599602103233337,-6.234993552939077
1062,35.4,77.71261583433301,426.1876420698464,1811.374012384653,240.24924120252132,0.6464422941207886,-6.121677739168449
1063,35.43333333333333,77.00211019870042,416.0228649879515,1814.1349254545808,252.90442123214453,0.6553336977958679,-5.364399091331165
1064,35.46666666666667,75.45909915731698,401.201402409035,1814.4246907062948,267.0910990602352,0.5720036029815674,-4.409963501115631
1065,35.5,74.74694969479293,381.3329060335353,1814.972475921601,287.6612061486423,0.5931408405303955,-3.0811056184299934
1066,35.53333333333333,70.061076651901,355.05735576090217,1814.4060903922439,313.16775753861367,0.4924941658973694,-1.3756659078990892
1067,35.56666666666667,70.22151921339035,332.8848771794252,1815.0832260056852,334.40821171163617,0.5538172721862793,0.050021509995544645
1068,35.6,70.82735962563753,316.2035258491732,1815.3323469784796,351.3904376040012,0.5639228224754333,1.1555072744369586
1069,35.63333333333333,71.14420153654814,302.6606496283382,1816.1636367355704,362.73267759332805,0.5363847017288208,1.9716198829433462
1070,35.666666666666664,70.85477952170372,294.98370814204213,1815.678354042965,371.4494437853932,0.43936270475387573,2.509343890322053
1071,35.7,71.40334450522064,285.6952589403197,1814.8237831929207,379.57899982894696,0.5471985936164856,3.082418587407807
1072,35.733333333333334,71.15378786894082,279.10453012369874,1814.5161075723172,386.50312064315676,0.4589082598686218,3.525210583085939
1073,35.766666666666666,71.99278505116105,269.7161923755318,1813.4951770581843,394.8698888100609,0.5628566145896912,4.110515113987343
1074,35.8,72.43031963325143,266.0767242726773,1812.341233922434,398.74024890535173,0.5096430778503418,4.360212462688243
1075,35.833333333333336,70.36171613364219,259.9624262574792,1810.3077416252256,401.6551593809724,0.42152902483940125,4.65561594802463
1076,35.86666666666667,72.1203728346765,260.59681998513935,1810.5076300205887,401.79585134934786,0.4242352545261383,4.643607172248943
1077,35.9,72.11757617017031,263.98493616557715,1811.7342574872732,400.039854128176,0.4573451280593872,4.471983170379412
1078,35.93333333333333,72.7718327247411,269.7665739937097,1813.0622820318579,396.46138900211605,0.579810619354248,4.163842015017462
1079,35.96666666666667,71.26501440572143,280.66248509522376,1813.5179808305859,385.4589676163197,0.5253375172615051,3.442192729041208
1080,36.0,71.9256655369401,295.32139550930856,1813.9504575505375,370.19735994582174,0.5273582935333252,2.4611806740216844
1081,36.03333333333333,71.53993412041665,316.32168967064507,1814.7433737727522,351.07071072428226,0.5898949503898621,1.1419829449053762
1082,36.06666666666667,69.3482757553056,338.1928045720458,1814.7741149520039,329.2979124388427,0.5096511840820312,-0.2919833975363974
1083,36.1,74.03153373246491,363.1524137056537,1815.4063676800251,306.8801726363361,0.6262819170951843,-1.8508596089210223
1084,36.13333333333333,74.42388287299424,382.97981825997533,1815.2812467759072,286.894532142514,0.5816487073898315,-3.1591911217684143
1085,36.166666666666664,76.12533590176982,398.3546305270135,1815.2085847022236,271.2244528535098,0.6635051369667053,-4.180989668759327
1086,36.2,76.55409918987006,409.70964719421266,1815.6922648995578,260.6543214902401,0.631571352481842,-4.898645710346636
1087,36.233333333333334,77.1741591983214,415.1295747625947,1814.7715018389463,254.07823871234356,0.6876440048217773,-5.295400226138053
1088,36.266666666666666,76.40546157001704,422.52505733266474,1814.19451154871,249.69132741446793,0.5880649089813232,-5.679737124367638
1089,36.3,77.44934523618818,426.6770840686515,1811.3662016847134,240.17352688087226,0.6527577638626099,-6.139244820284273
1090,36.333333333333336,78.35825208821893,428.8715879786104,1812.060569437933,238.40244068920018,0.6581239104270935,-6.269523417046156
1091,36.36666666666667,77.9812443556726,429.80862528343795,1812.0782719554186,237.16036181384175,0.6543510556221008,-6.33923924227591
1092,36.4,78.20713847648501,429.4737285056889,1812.0064187231064,237.7873794202283,0.6513195037841797,-6.308917002109746
1093,36.43333333333333,77.73722702439726,427.22875461900907,1811.4686607108117,240.41790241952538,0.6536176204681396,-6.14993541794643
1094,36.46666666666667,77.18602191581876,417.292404440105,1813.809948699683,251.69114089563266,0.5931549668312073,-5.447149363969315
1095,36.5,77.08425728264153,406.2957499359787,1813.7324999687196,264.3036092516959,0.5868690013885498,-4.674230331965961
1096,36.53333333333333,74.48929824436307,384.64363468527796,1814.4129737885296,284.36343544809966,0.5816559791564941,-3.2985831617904267
1097,36.56666666666667,74.44312344747632,359.8752461670458,1814.4981438303114,309.4803507409215,0.5504171252250671,-1.6589176140691626
1098,36.6,70.47313830838203,333.04821318054053,1814.8499490377187,333.8420142899692,0.5629439353942871,0.026073179787676076
1099,36.63333333333333,70.97074454978109,314.22650106142015,1815.2067422448933,353.42408806788325,0.5539583563804626,1.2873707187285903
1100,36.666666666666664,71.02984030552507,301.4233060983002,1815.036756246394,365.83212051974834,0.5800262689590454,2.115058584397751
1101,36.7,71.16155777966976,291.16894419344663,1814.2946785683037,374.8835988348424,0.459199458360672,2.749539793623151
1102,36.733333333333334,71.54092043824792,284.5903487025313,1813.830716482967,381.9400066805214,0.5595585703849792,3.19805058433498
1103,36.766666666666666,70.32801469911337,275.90461579580307,1814.6008024631858,388.03435325751303,0.44156602025032043,3.6781705286874953
1104,36.8,72.2834316101849,269.2380962862447,1813.0190068488419,395.96812172996573,0.5728700160980225,4.163933848750291
1105,36.833333333333336,71.93447296897769,265.0490177593827,1812.1483860052108,398.9480159103513,0.486203670501709,4.399896412270944
1106,36.86666666666667,70.7037039421171,260.13496461914775,1810.3751956977605,401.51660016760826,0.42557576298713684,4.6461688395771565
1107,36.9,70.71852778274715,260.3342407424212,1810.4534298379958,401.4190232629001,0.42017075419425964,4.636287797689429
1108,36.93333333333333,72.22617700998784,265.8767330364317,1812.8339780031204,398.2846857090533,0.520801842212677,4.350109297093011
1109,36.96666666666667,71.87442430784107,271.56125370633305,1813.0781976347685,393.0367406408608,0.5414396524429321,3.9907871526703502
1110,37.0,71.42337417736053,285.8229813499272,1813.9945007857143,380.8441837039441,0.563578188419342,3.1212082300812134
1111,37.03333333333333,70.89586510517002,303.6378883887917,1814.6734957796693,362.5699476265907,0.5481122732162476,1.935610130236282
1112,37.06666666666667,72.18542077770233,327.55667809144853,1815.2810758083642,339.9902280099869,0.5200570225715637,0.40868546190017324
1113,37.1,72.44460084719955,352.3166848607898,1815.3427100415886,316.7134877500214,0.5908644795417786,-1.1702515766063184
1114,37.13333333333333,74.47680253472477,377.58001582784357,1815.1386785038353,292.36513639996053,0.5836601853370667,-2.8027028812686923
1115,37.166666666666664,76.35252606992275,396.1252260638019,1815.1868852760076,273.88613306031226,0.659012496471405,-4.021245945120479
1116,37.2,76.58653447739407,409.2140676124841,1816.2982181330265,260.2332232243896,0.641029953956604,-4.894603558263806
1117,37.233333333333334,76.81634696600959,415.5859435458064,1815.3484248703778,253.5719334123686,0.6886102557182312,-5.324024023781913
1118,37.266666666666666,76.83094033675044,422.70098553810715,1814.8112760926783,248.91660708561838,0.568501889705658,-5.710147427520383
1119,37.3,77.62181058950871,426.32207604034096,1811.6060795619846,240.2076791663587,0.6516163945198059,-6.126295757509827
1120,37.333333333333336,78.6418881101191,428.1436805781206,1811.7562003469704,239.21120243498981,0.656113862991333,-6.221433595380198
1121,37.36666666666667,78.48856927743554,429.2163941479802,1813.777984711963,240.1934181300521,0.656438946723938,-6.216649398009489
1122,37.4,78.61620891532004,428.9998634291664,1813.908656854099,240.4919682495594,0.6567214727401733,-6.199830603227297
1123,37.43333333333333,78.1682305595547,427.17744710744245,1811.9490899212599,239.88876438246965,0.6495097279548645,-6.165370498231861
1124,37.46666666666667,78.46026850798727,420.69822530766726,1813.6795646855892,250.772786622338,0.5868827700614929,-5.592991225790745
1125,37.5,76.91481976884901,406.4737102251887,1813.977451763457,263.7982317977846,0.5849594473838806,-4.695509287543229
1126,37.53333333333333,74.36026287779212,384.7916348652303,1814.4584633049785,284.3996059587855,0.5682831406593323,-3.301923043152122
1127,37.56666666666667,74.59950581024736,358.7110865088403,1814.3362974490046,311.2780474264264,0.5040066242218018,-1.5617533962082972
1128,37.6,71.14532584341168,331.6195120039798,1814.2242082638086,336.8254825334191,0.583519458770752,0.17112206207300545
1129,37.63333333333333,72.01085076619387,309.9587078193128,1816.0370413448752,355.50090588372944,0.4649065434932709,1.4958392727289207
1130,37.666666666666664,70.56527549450993,296.94926058457196,1815.1887264315546,370.0430925470233,0.5160911679267883,2.399096628715162
1131,37.7,71.4678760741949,286.5744910990864,1814.852008892864,378.66197285935283,0.5429157018661499,3.023616619706253
1132,37.733333333333334,71.05391027917265,280.6392903538972,1814.8787067331136,385.5852887646615,0.5048676133155823,3.443992341385987
1133,37.766666666666666,72.66047427391707,272.11645322855713,1813.4419523452282,392.10495321121215,0.553571879863739,3.9430440108473315
1134,37.8,73.07358544818759,268.5476383849956,1812.838916842115,397.6260988807395,0.5361391305923462,4.243173188388895
1135,37.833333333333336,72.12071867511273,263.76199362148645,1811.3904322116375,400.1367241645396,0.44805943965911865,4.483342847892419
1136,37.86666666666667,70.71537529746593,260.38579656915664,1810.501363669598,401.34096790090797,0.41190868616104126,4.631911672967039
1137,37.9,71.59990207098723,263.4030342468619,1811.270048497033,400.23442951186894,0.42942240834236145,4.497263108302803
1138,37.93333333333333,72.94162953073085,268.3957224950477,1813.41003869313,397.09709633763134,0.540645182132721,4.2291194862065975
1139,37.96666666666667,72.28010989307165,278.99161300430893,1814.4038400428058,386.46693757568596,0.4685734510421753,3.530224662243196
1140,38.0,72.76791435693801,294.36351513472795,1814.1268747925817,371.48813972860574,0.47540247440338135,2.535967371863315
1141,38.03333333333333,70.98084942586422,316.3671217459049,1814.7721002253472,350.4397196412653,0.5874693989753723,1.1193815020398472
1142,38.06666666666667,73.45939150028825,343.16473282919526,1815.668487827158,324.84312606846095,0.4897100627422333,-0.6025178308413137
1143,38.1,72.94389137925506,370.83975964092014,1815.1082727507533,301.0758233539358,0.5126141905784607,-2.2931502002884407
1144,38.13333333333333,75.39873828514665,392.01368865383864,1816.0414487492799,277.28530801701544,0.5717844367027283,-3.770996553840153
1145,38.166666666666664,76.598434566921,408.0783660225451,1816.3107773046017,261.0273822157502,0.6046071648597717,-4.831500360653182
1146,38.2,76.92776426828802,415.54388032306434,1815.2017998075426,253.18685223661512,0.6741873025894165,-5.3360185618065366
1147,38.233333333333334,77.19331873679161,423.63661366248726,1812.1301315315961,242.83083548231124,0.5507211089134216,-5.949580990305692
1148,38.266666666666666,77.73470774822086,426.4605986952901,1811.6364406205057,240.37688496271969,0.6311240196228027,-6.1255828000116646
1149,38.3,78.50282814410329,428.0404311898719,1813.112122976029,242.12602265363336,0.6651012301445007,-6.117574366194539
1150,38.333333333333336,78.5397608218044,428.81819723403976,1813.7070713672101,240.56094974786043,0.6581108570098877,-6.192094192601119
1151,38.36666666666667,78.56088898210525,428.6818539813377,1813.5628246625065,241.04911458874344,0.6671752333641052,-6.172295592466501
1152,38.4,78.29362939441204,427.3493213426523,1811.908932509303,240.03789103892444,0.6476834416389465,-6.166697872159496
1153,38.43333333333333,77.9273704867661,420.81082522585393,1812.7755105747938,248.27235690552592,0.5733756422996521,-5.679646532198068
1154,38.46666666666667,77.00435425618589,406.59236386975647,1814.1136907650114,264.12728790768983,0.5887797474861145,-4.6884902512001405
1155,38.5,74.53898199819774,384.1722359457433,1814.3710763261975,285.5955114204019,0.5752986669540405,-3.242840564703809
1156,38.53333333333333,73.20892817192376,355.8832075351238,1814.356809214902,313.96987671803237,0.4972711205482483,-1.378971475580229
1157,38.56666666666667,72.71008914171756,329.0183147657752,1814.4049764996469,339.33555944099425,0.5468771457672119,0.3393979429043711
1158,38.6,69.93472643039823,306.3899913330853,1815.0765678179146,360.1795380188644,0.4665428400039673,1.7654373566682737
1159,38.63333333333333,70.26627111608983,292.00658535137177,1813.848268427515,373.9530433261454,0.4441188871860504,2.6908592240950737
1160,38.666666666666664,71.59787736399174,284.38237574456184,1814.065493105322,382.397758825478,0.5588012933731079,3.219546676525559
1161,38.7,70.11125215438604,276.04558330831526,1814.5821257778466,387.9149910088897,0.4410504400730133,3.669238788721009
1162,38.733333333333334,72.43017448441088,270.1452859775901,1813.4197534681439,394.82115980581193,0.5519065260887146,4.0960771720807525
1163,38.766666666666666,73.35048213782311,267.37841912894027,1812.8818926149665,398.46442293249964,0.52336186170578,4.309497397607695
1164,38.8,71.44651164022088,263.7512912268579,1811.3804058764815,400.68557033325436,0.4427560269832611,4.4999512976784155
1165,38.833333333333336,71.80514947436453,263.63472520881294,1810.9345945560217,400.7683715633154,0.4302915632724762,4.508551878450917
1166,38.86666666666667,72.71924480079413,266.3294566093743,1812.5420470178842,398.2592139317304,0.5217000842094421,4.336406951948524
1167,38.9,71.8433503059864,271.1754391926408,1813.2973112001778,393.4118735884577,0.5531050562858582,4.015129698374606
1168,38.93333333333333,71.54380605794788,285.92277801216545,1813.867209374869,380.61378123627827,0.5754801034927368,3.1108247157547453
1169,38.96666666666667,71.069431875664,304.81185893701314,1814.3470853274048,361.49406948927344,0.5149595737457275,1.862300980058949
1170,39.0,71.27712663168907,331.6536323144134,1814.5911414952159,337.8187110984325,0.5924185514450073,0.20262070926578432
1171,39.03333333333333,74.88059120468944,359.3809785659432,1815.2001122624279,310.15467189881804,0.5393802523612976,-1.6202241810515323
1172,39.06666666666667,74.4949384375751,384.90248084735276,1814.3145832692444,285.04111141010225,0.5663745403289795,-3.2850325300587646
1173,39.1,76.63960747835189,405.0458830334067,1814.5066423057735,265.6549241286516,0.5692954063415527,-4.58576672260986
1174,39.13333333333333,76.86638887298108,414.98676522668006,1814.8157806969048,253.85014197414816,0.6862648725509644,-5.297121405782759
1175,39.166666666666664,77.22373653136938,423.9557102621138,1812.1876642794966,242.51336394219996,0.5549956560134888,-5.970284179123662
1176,39.2,77.98448232472539,427.03867488978204,1812.107049177563,240.2563823519051,0.6309113502502441,-6.147626125740513
1177,39.233333333333334,78.57533747521043,428.4037674617447,1813.5671687134563,241.6162425685227,0.6648017168045044,-6.144740425895298
1178,39.266666666666666,78.38366268172562,429.0124137052223,1813.9192347114563,240.6589501660764,0.6600277423858643,-6.193929954424521
1179,39.3,78.37678102115095,429.0000566355079,1813.4917177859663,241.02400969735385,0.6546958088874817,-6.1831019124507565
1180,39.333333333333336,78.06549533842802,427.4494797379315,1811.9845175204755,240.07748998583554,0.641075074672699,-6.1676040538892165
1181,39.36666666666667,78.54070070936382,420.7516960576713,1813.5339367887796,249.9856851407826,0.578452467918396,-5.621209055360367
1182,39.4,77.15572464468032,407.0224930404484,1815.8843725359977,261.11963786416055,0.5980912446975708,-4.796653550804755
1183,39.43333333333333,75.01851569020153,384.03914986339805,1814.0028074651002,285.0587467772648,0.5896820425987244,-3.2576757234433136
1184,39.46666666666667,73.01665542596578,355.35275513083934,1814.4588811774254,314.5711522100925,0.5146385431289673,-1.3415241053174034
1185,39.5,72.75055052008032,327.5606602466345,1814.3359650603295,340.6275767857909,0.535374104976654,0.42987562632760745
1186,39.53333333333333,71.20502649447322,304.8252291195989,1815.1965640350163,362.1065583259165,0.5160427689552307,1.8812012049495404
1187,39.56666666666667,71.21973057103753,290.5066784169793,1814.215225958878,375.6965451631248,0.45739465951919556,2.798136180326658
1188,39.6,71.01457168892622,281.8727059697211,1814.1881735996365,384.51537387978436,0.532233476638794,3.3698358996347366
1189,39.63333333333333,71.94089510003924,274.0193809977174,1813.3766084634601,390.96726141153573,0.48346683382987976,3.8419873785276355
1190,39.666666666666664,72.5204954658389,269.2610253552914,1812.6596048678875,396.03316594392476,0.5377824902534485,4.1667354575892075
1191,39.7,72.43516617256402,266.0205696793884,1812.1265811345459,398.4372416967094,0.5053595900535583,4.352677436322855
1192,39.733333333333334,71.80402343178987,263.5517673308253,1811.1678580722273,400.6424170839429,0.4195823669433594,4.5065392394503325
1193,39.766666666666666,71.45886946930885,263.60751056058405,1811.6244147461653,400.30872619147897,0.43707075715065,4.4917281423275845
1194,39.8,72.76252345523238,267.43278046146037,1812.9555219136596,398.10941360240577,0.5477373003959656,4.294462481328404
1195,39.833333333333336,70.5691370812416,275.2902677956104,1814.8883047815561,387.53709546011686,0.43966004252433777,3.6819032241541723
1196,39.86666666666667,72.500152280882,293.4056703422248,1814.4214423229755,372.2466758532524,0.4264131784439087,2.59149254692973
1197,39.9,71.2878646083951,315.58463533031494,1813.88794851892,352.0169128006697,0.587543785572052,1.1976997488833911
1198,39.93333333333333,73.24410279124677,344.4106705157697,1814.699308407259,323.8203669826865,0.5199080109596252,-0.6774119237603405
1199,39.96666666666667,75.79012830969207,374.18570498452783,1814.1413566981255,297.2404773246914,0.5204609036445618,-2.5344481077777927
1200,40.0,76.58334814574644,397.18521969184576,1814.691059874195,273.00918498886824,0.6608973145484924,-4.086452576648325
1201,40.03333333333333,77.913775963521,412.9643984036803,1815.2659221826254,256.7114328625381,0.6922062039375305,-5.1392076430685005
1202,40.06666666666667,77.28778492176681,423.6550004840732,1814.5420009104728,248.44425587461888,0.5538961887359619,-5.7590909251415905
1203,40.1,78.17678501169979,427.06788267676086,1812.004678672731,240.05369121704697,0.6348026990890503,-6.156238213587792
1204,40.13333333333333,78.46670539259314,428.573063081155,1813.3143615242184,241.48068353179096,0.6735563278198242,-6.155199868667302
1205,40.166666666666664,78.2905840892911,429.3577404794395,1813.5349604243993,240.06691820346714,0.6697477698326111,-6.22554960886403
1206,40.2,78.22653092568815,429.24789274816214,1813.8520718044579,240.17495059790016,0.6655945777893066,-6.2170850127966295
1207,40.233333333333334,78.56567997866273,428.0601466406721,1813.5545318688094,241.81028205141425,0.649003267288208,-6.127198215097016
1208,40.266666666666666,77.03604031316638,423.6184663690329,1811.4173313943743,243.16387461525798,0.5460090637207031,-5.939995906238028
1209,40.3,77.65418637468666,410.65790814940783,1814.4079306799351,258.5054282710612,0.6811180710792542,-5.006751348737415
1210,40.333333333333336,75.46194496414364,389.7107102855265,1813.905125115943,280.2182834298432,0.5215198993682861,-3.6039016960807375
1211,40.36666666666667,74.59888247299939,361.2103071943909,1814.554120079285,308.3425096700907,0.5987992882728577,-1.740372362922106
1212,40.4,71.01699474161863,331.22747963072584,1814.163964769101,338.0362239042819,0.5713255405426025,0.22379657792347626
1213,40.43333333333333,69.31216450288147,305.8595050824344,1815.0992552976727,360.8566352296978,0.4832508862018585,1.8043790499085746
1214,40.46666666666667,71.17527423661947,289.62259353542925,1814.4142486683309,376.46661053177417,0.4905407726764679,2.8519815925282037
1215,40.5,70.72491274951696,280.56843363671896,1814.4876870388032,385.46608446574805,0.5242357850074768,3.442531689750609
1216,40.53333333333333,73.03266323852837,272.2349228877485,1813.640590594673,391.85354283547997,0.5644986629486084,3.931317945688941
1217,40.56666666666667,72.62446217398941,269.14190024819675,1813.182639710796,396.75713741270675,0.5459638237953186,4.1933414545751
1218,40.6,72.64168520128429,265.6080364969134,1812.1226037525653,398.78561974255445,0.48770830035209656,4.378120130337655
1219,40.63333333333333,71.63686230310202,263.30011438946724,1811.087613544613,400.4240594207168,0.4146435558795929,4.507404926551002
1220,40.666666666666664,71.71071030139328,264.05935781638624,1811.67263280046,399.7370853628457,0.4598225951194763,4.458754090013213
1221,40.7,72.88242138769328,268.7674340306252,1812.6225873573064,396.7711845226206,0.5482084155082703,4.208032519931818
1222,40.733333333333334,71.4754294549644,279.49587266027333,1813.9908410388648,385.7214461877942,0.4913024306297302,3.48849392663625
1223,40.766666666666666,71.94116543704271,296.2203515296161,1813.740630473429,369.67940292572973,0.5377311110496521,2.4149742558238803
1224,40.8,70.46376850594878,321.90016888810396,1814.3806626585902,346.76397528495045,0.5553518533706665,0.8168363170645381
1225,40.833333333333336,72.30417813100814,351.06163512488007,1814.4416850536525,318.2479472140312,0.5960292220115662,-1.079055778067744
1226,40.86666666666667,74.78527983689159,381.41125950390847,1814.9567547183335,288.7095357303083,0.6117474436759949,-3.049355641416018
1227,40.9,76.97221680583804,404.5991821610093,1813.891610869336,265.88211634440125,0.5627014636993408,-4.56616982796772
1228,40.93333333333333,76.88058395226598,416.91803064914944,1813.7760424512446,252.1860344104294,0.6022204160690308,-5.4178849724594516
1229,40.96666666666667,78.03101131515801,426.4999510627434,1811.6342466816784,240.1535527514875,0.6560477018356323,-6.135212229321226
1230,41.0,78.41707837481499,428.8113244689845,1813.6764837983906,240.91844288053514,0.6671090126037598,-6.179876961842728
1231,41.03333333333333,78.27500195987523,429.47606086747646,1814.0893283240437,239.19746862092913,0.6519972681999207,-6.255740680979711
1232,41.06666666666667,78.2662494197011,429.4281514443114,1813.8977058188557,239.28267315996885,0.6468816995620728,-6.252052434153365
1233,41.1,78.40663611988724,429.0109419306934,1814.1857861290216,239.82636122922898,0.6701341271400452,-6.220180940444641
1234,41.13333333333333,78.15810984510779,426.85788539148274,1811.8804147759677,240.2158517620623,0.6414756178855896,-6.144452436952659
1235,41.166666666666664,77.33394127672315,415.70480721141695,1814.253147341013,253.1243989647165,0.6584932804107666,-5.347461435300942
1236,41.2,75.38178781873509,398.31515698522924,1814.6513355221568,270.188998125875,0.6481869220733643,-4.21317773962451
1237,41.233333333333334,75.5621111158818,374.25860832205416,1814.5144799092352,296.79665361040236,0.520639955997467,-2.55056497506013
1238,41.266666666666666,69.49732202664018,339.3716622318268,1814.5050246230305,328.3962979600251,0.4752654433250427,-0.36036159529470957
1239,41.3,71.97234792084097,312.7994092687339,1814.551530398327,354.91657310162185,0.5591181516647339,1.384537376717829
1240,41.333333333333336,72.24338051053286,293.66997531570195,1815.040326604122,371.87557214200496,0.436606764793396,2.5693450189534843
1241,41.36666666666667,71.18396494208574,281.75771749610004,1813.8388035948992,384.6036018105924,0.5479490160942078,3.377495032710337
1242,41.4,72.11229787272215,272.1480392651856,1813.638466952145,392.0411970711708,0.5448708534240723,3.938241321751588
1243,41.43333333333333,72.39099058941602,268.79538733240815,1813.2024628333152,397.0330770203948,0.5365169644355774,4.213110383320777
1244,41.46666666666667,71.82744207984805,265.49663139885365,1812.4330695287586,398.8736192103893,0.48245447874069214,4.381827726526272
1245,41.5,72.18359567748308,263.53789639558795,1811.2271768668472,400.793010850203,0.4265243411064148,4.512750788866928
1246,41.53333333333333,71.51418224271536,263.6837265027404,1811.6359233785986,400.5806557098806,0.4350111186504364,4.498245293187481
1247,41.56666666666667,72.79578315128684,267.8067967772912,1813.1097563339472,397.63401784565895,0.5391374230384827,4.266355941054676
1248,41.6,72.07783749851585,278.2725161411524,1814.5898483904482,386.9672337353587,0.45119938254356384,3.5693813725957875
1249,41.63333333333333,72.33473619273902,294.39869322547315,1813.2890795902968,370.7147953847289,0.4855913519859314,2.5099986387622746
1250,41.666666666666664,69.6474965552032,319.27779754749537,1814.0912510580122,348.36354151632,0.5705651640892029,0.9552248194772021
1251,41.7,71.60474600673318,349.93791514864864,1814.4743919257223,318.8941413905531,0.5953967571258545,-1.0204372735120057
1252,41.733333333333334,74.62411081684083,381.89020804430845,1814.8892581208765,287.73836675156355,0.6048036217689514,-3.0967976838471225
1253,41.766666666666666,76.71763398414701,407.1730512246311,1814.125064011979,264.17989687713384,0.6010816097259521,-4.704987508780811
1254,41.8,77.58549506558478,421.7546472083986,1814.01927502414,249.52774033189417,0.5907657742500305,-5.664313948473833
1255,41.833333333333336,78.96569369395375,428.14076535641027,1811.7082200850964,238.91037527948617,0.6631265878677368,-6.232493017081875
1256,41.86666666666667,78.03573874129653,429.96633785180154,1812.2992175638915,236.77898269289582,0.6448584198951721,-6.3562283313919705
1257,41.9,78.15149613493384,430.4969536298931,1812.195371704626,236.24783643810005,0.6369712948799133,-6.391676705866012
1258,41.93333333333333,78.12009625332057,430.52312598360777,1812.1484380765437,236.19509236795548,0.6394980549812317,-6.394308717575383
1259,41.96666666666667,78.59219383353592,429.4014872334644,1813.8454084095538,239.30471755876542,0.6538741588592529,-6.251815212868309
1260,42.0,77.46809189238101,425.3496053867549,1815.2600711005152,244.54545421876907,0.6028397679328918,-5.939822793423858
1261,42.03333333333333,77.93444285859763,412.6084345952056,1814.1508293414413,256.5579855872333,0.6922322511672974,-5.1359219811554215
1262,42.06666666666667,75.65994853997752,392.212191517818,1814.8121504571438,276.1087276101947,0.5869695544242859,-3.8193220923217126
1263,42.1,74.41379589643181,362.7773281104252,1814.5179712921083,307.0550958650529,0.5923448801040649,-1.83411899600989
1264,42.13333333333333,70.9987697750926,330.9725668612033,1814.267376700592,338.32689389540553,0.5846431851387024,0.24171226326953102
1265,42.166666666666664,71.08652602640987,303.1086036841482,1814.5016035364567,362.89766105547994,0.5420466661453247,1.9641442097473703
1266,42.2,71.67587891893983,286.48676891109943,1813.666158920926,380.2417366340134,0.5616379976272583,3.0807211134151204
1267,42.233333333333334,70.25969472370446,275.8380833858609,1815.1717750430464,388.1202483926058,0.4369528293609619,3.681811121639148
1268,42.266666666666666,72.24846137084364,269.29710569036155,1813.4809750360548,395.91767625999387,0.5619567036628723,4.159166978648451
1269,42.3,72.67928742954135,266.37985167931316,1812.7733039251268,399.5456088743538,0.5081172585487366,4.376196428047542
1270,42.333333333333336,71.75870314717292,263.5631449170709,1811.5060097422122,400.52395219795704,0.4256579577922821,4.5013002168467
1271,42.36666666666667,72.21840579747558,263.7054150807619,1811.1487552698136,400.6793634303689,0.42084866762161255,4.503836564240489
1272,42.4,72.25439576708675,265.80037107757926,1812.981025150746,399.882998350203,0.5096676349639893,4.404614073483107
1273,42.43333333333333,71.610413537395,271.3566352812648,1813.2552766166687,392.9224911462396,0.5413550138473511,3.9927382184376166
1274,42.46666666666667,71.1173613679886,287.11640223411024,1813.972206010592,379.0002631692618,0.5508855581283569,3.0178577854965933
1275,42.5,73.05379703989028,309.0635937955201,1814.51068477692,355.95557106649875,0.46572113037109375,1.542423101481762
1276,42.53333333333333,69.77763958588541,338.3424857881963,1814.3190180110992,329.3148167461872,0.4841645658016205,-0.2964920891856558
1277,42.56666666666667,75.94600546866167,373.9551539508402,1814.1111774553417,297.84446356355846,0.5308540463447571,-2.5072631090352426
1278,42.6,75.76675289168843,399.49467399826347,1814.8059609113693,269.9782558950901,0.6215606331825256,-4.259288396970659
1279,42.63333333333333,76.86674501920193,417.84585414857867,1812.464667281437,249.4478596527189,0.5765437483787537,-5.54182915479771
1280,42.666666666666664,79.24793962822855,428.08303744949325,1811.9626892177105,239.59171044592858,0.6632084250450134,-6.2084404324234095
1281,42.7,78.56664112868309,430.23089884266557,1813.7402403723597,237.21718411349357,0.6378217935562134,-6.347258173156045
1282,42.733333333333334,78.66992526844442,431.0710711012989,1811.5651089693786,234.5895208067119,0.6224031448364258,-6.468764395699419
1283,42.766666666666666,78.54303589168191,430.8907085879296,1813.7407489357113,236.61744933623746,0.6269239783287048,-6.3882489313190804
1284,42.8,78.37855578574836,429.88988628686366,1811.9762650820612,236.46025899995044,0.6675392389297485,-6.36655819165791
1285,42.833333333333336,78.01067398822606,426.2641483096838,1811.259718412435,240.38539862565398,0.6493558883666992,-6.121173613898831
1286,42.86666666666667,77.53460976574272,413.99921786105335,1814.7424594869315,254.89850865663885,0.6833459734916687,-5.232787731743346
1287,42.9,76.31415852867403,393.65441382958886,1814.7138662501634,275.2015070014954,0.6165766716003418,-3.8980547107192263
1288,42.93333333333333,73.76523659657538,364.1372181731375,1815.5530955837428,305.7200532796383,0.5869678854942322,-1.920901481548941
1289,42.96666666666667,71.56315923668743,331.0356800287649,1814.1149756251514,338.1353681561112,0.5898106694221497,0.23343920731445914
1290,43.0,71.06690381245016,302.46855435884,1814.5802737741053,364.45687810593694,0.5653128027915955,2.036218369163291
1291,43.03333333333333,71.45030894217491,285.2699843366042,1813.6738576674998,381.8804934862584,0.5698654055595398,3.1739389443683432
1292,43.06666666666667,72.48281469665467,273.21239944062233,1813.4716651156546,391.7109689223468,0.5196536183357239,3.8937713075269453
1293,43.1,72.73784012467563,268.99407754470406,1812.7775746422826,397.2907405123204,0.5242671370506287,4.216903606616812
1294,43.13333333333333,72.20713799495697,265.166321888572,1811.7814445291758,399.24022135490475,0.4785146713256836,4.407234502598551
1295,43.166666666666664,70.26011975595951,261.02375544741153,1810.8680868799627,401.2327497853875,0.4159781038761139,4.605331021392477
1296,43.2,71.48296417683959,263.6831150985062,1811.0108473820387,400.7522316197455,0.4300187826156616,4.50541111986207
1297,43.233333333333334,72.7220538322419,267.06546656691285,1812.7786143332303,398.69805680606066,0.5196706056594849,4.32609744520062
1298,43.266666666666666,70.47149096505343,274.7785966532588,1813.2597265459954,389.9183286702633,0.4498256742954254,3.7798324931228127
1299,43.3,70.17680518934131,291.69987999327185,1813.2027444524408,373.7621628374517,0.42743077874183655,2.6955153185124905
1300,43.333333333333336,70.34187342090607,316.3728335643202,1814.8648041211486,350.8145434153229,0.5945281386375427,1.1310302938889345
1301,43.36666666666667,71.44331836572886,348.68116365648956,1815.2665435671986,320.43917833223344,0.5906419157981873,-0.9278492723554049
1302,43.4,74.4608743479088,382.12987308000623,1814.6670758182465,287.9936078416884,0.6058428287506104,-3.0963910367176344
1303,43.43333333333333,77.38322028442622,408.4996838558495,1815.201887460953,261.15871913523677,0.615324854850769,-4.84623276352138
1304,43.46666666666667,77.54223235799223,425.26231647565066,1811.641922864008,241.48785852754116,0.6083276271820068,-6.049447513827156
1305,43.5,78.26164848350882,430.78793409633937,1811.321921091044,235.45353164700717,0.6511701345443726,-6.430706681734766
1306,43.53333333333333,78.07943526818156,433.14645847423674,1813.5867978702604,235.1314263006747,0.5905200839042664,-6.50909087364739
1307,43.56666666666667,78.20717601123751,432.9202740557432,1811.6734451132536,232.83921020902395,0.6022196412086487,-6.584088497151298
1308,43.6,78.41995857041776,431.7526039218426,1811.6833829271436,234.06233153929114,0.6162846684455872,-6.506847928655978
1309,43.63333333333333,79.09489308522343,428.83043171915784,1811.9406248582363,238.06648209018707,0.6664745211601257,-6.282228859447376
1310,43.666666666666664,78.49485927748978,421.3942198561132,1813.5660778190315,249.32780116698146,0.5941740274429321,-5.66348520207932
1311,43.7,76.95234237135946,403.70644345785377,1813.814569596553,265.7059980785936,0.5262809991836548,-4.542828605626959
1312,43.733333333333334,75.34197413181663,377.5010726496249,1814.7008544919192,292.10838307154177,0.5967312455177307,-2.8106422469316326
1313,43.766666666666666,73.62097318565249,343.722499251169,1814.4230634771407,325.12093964748385,0.5385616421699524,-0.6122179548450982
1314,43.8,72.66175891709328,311.33288504891993,1813.773596834308,355.3519245930791,0.5410253405570984,1.4482516112651032
1315,43.833333333333336,70.9081938610971,289.4437732013702,1814.274015795541,378.08092013729214,0.48276644945144653,2.910556806516992
1316,43.86666666666667,71.41521286377906,275.2222400705576,1813.4769421113192,390.36391912148594,0.4677121341228485,3.78146801401546
1317,43.9,72.59836228621305,268.90625484819634,1812.918951782614,397.3350715500936,0.5543280243873596,4.220552827436305
1318,43.93333333333333,71.98425663468242,264.9937021654457,1811.8089963392854,399.26075177969636,0.4729931354522705,4.412925818885572
1319,43.96666666666667,70.73195090452134,260.5679455631733,1810.786898993367,401.40932627892494,0.41594159603118896,4.6274763930736835
1320,44.0,72.2054048874259,263.26794819140434,1810.7789281740784,401.117554545182,0.4213722050189972,4.533435836486815
1321,44.03333333333333,72.70235459610224,266.04340512851775,1812.7132523534299,398.30695032619536,0.5169962644577026,4.346868091514031
1322,44.06666666666667,72.38125259926618,271.4873686072171,1813.3860446568428,392.52839251740573,0.5368840098381042,3.9770128070211244
1323,44.1,71.22959374935031,288.0475099159002,1813.8764858828306,377.9949672898054,0.5250828266143799,2.954723842304082
1324,44.13333333333333,71.56495005661249,313.1450498812139,1814.0200964494168,354.68863952026965,0.5551683306694031,1.3657863713874443
1325,44.166666666666664,73.29180208488702,345.77038927193286,1813.8980451503753,323.6091587134719,0.5629317164421082,-0.7294449174909553
1326,44.2,75.0171991533339,379.70444170401544,1814.5421901029824,290.3223675947905,0.5990830063819885,-2.941444201427494
1327,44.233333333333334,77.5128470945537,408.4326049138755,1815.0132230414033,261.0424629416227,0.6002221703529358,-4.848726397386573
1328,44.266666666666666,77.79227781390995,426.0237299753696,1811.3796708028317,240.7992680887103,0.6348229646682739,-6.098608441534373
1329,44.3,78.44242214344442,431.73479118670224,1811.7761740424276,233.7140519950509,0.6333737969398499,-6.5173693487890745
1330,44.333333333333336,78.14091849454046,437.3337177404523,1811.5602498461603,230.92660064336062,0.5839977264404297,-6.790528310702463
1331,44.36666666666667,78.4914581515938,436.5870590868473,1811.4162569892048,231.15340774821044,0.5825623869895935,-6.760710444397357
1332,44.4,78.20252235282064,432.766885360688,1811.9293227754235,233.24635357461273,0.6238898038864136,-6.564826247469021
1333,44.43333333333333,78.9064922767967,428.7707501609184,1812.3729696641444,237.98566456094682,0.6707703471183777,-6.280687443578706
1334,44.46666666666667,76.7699271626532,418.1900907877445,1813.291225797069,250.96952285786568,0.5740726590156555,-5.500411418933574
1335,44.5,75.76013752716482,400.0294823865116,1813.8400910586058,268.3881389834184,0.6176542639732361,-4.331285432110643
1336,44.53333333333333,75.74527493136041,373.9136821716547,1814.5494839949429,296.7437840673298,0.5122256875038147,-2.541177374320905
1337,44.56666666666667,69.2976650232628,336.7078980868876,1814.2987075876893,331.3144854581982,0.5251409411430359,-0.17708802989294467
1338,44.6,70.95089669337868,306.67763988511564,1814.1519106894552,361.0503776890278,0.4701053500175476,1.7865516723520227
1339,44.63333333333333,71.16547918496728,285.5484124658376,1813.6017970177113,381.4476420696735,0.5749592185020447,3.1502346257933715
1340,44.666666666666664,72.26876702104806,271.87489388116,1813.0080206654488,393.05497558772566,0.5536288619041443,3.9821725136472907
1341,44.7,72.73446091213226,266.79466732188166,1812.6639338582993,397.9831900878131,0.5240464806556702,4.311872055121755
1342,44.733333333333334,71.51940543133617,263.3304923711717,1811.051656119585,400.6325782055855,0.4271298944950104,4.51302584329998
1343,44.766666666666666,70.54165621832311,260.19428428162337,1810.1063952325403,401.4451023221433,0.42488551139831543,4.642172246980612
1344,44.8,71.65128172304631,263.5241326405108,1810.8884059819281,400.8535593961358,0.42231565713882446,4.514683595859903
1345,44.833333333333336,72.94660820105076,267.5044431452386,1812.398478415358,398.6641948182553,0.5334007740020752,4.312109170820916
1346,44.86666666666667,71.77897885636091,278.64124843711255,1814.1141060338914,386.94647940383555,0.46307411789894104,3.5569842154458517
1347,44.9,71.61435273373127,297.227254677549,1813.4633953201294,369.3771557415843,0.5379565954208374,2.3719179646572224
1348,44.93333333333333,72.3255100203991,326.10077099945545,1813.9018368112684,343.7147762046397,0.46447181701660156,0.579459960891413
1349,44.96666666666667,75.06853986037522,359.99388939734695,1813.9256360139848,311.8072344973207,0.5705915689468384,-1.5873561752320935
1350,45.0,76.03466914770678,394.55542232826946,1814.0296997049927,275.5828010725975,0.629768967628479,-3.9160131916341756
1351,45.03333333333333,76.96674117973447,416.9286822742283,1813.5798059920312,252.6240005608119,0.5732412934303284,-5.404787828601547
1352,45.06666666666667,78.24782679907382,429.8292171090096,1812.6065113280536,236.86384318145141,0.6641222238540649,-6.348638730012701
1353,45.1,78.3013921453327,437.79951577420235,1811.57326247226,230.7200991887152,0.5628412365913391,-6.813012696947299
1354,45.13333333333333,78.3525285808742,438.0396839491546,1813.0030652102648,232.20597637030482,0.5477360486984253,-6.767077437313211
1355,45.166666666666664,78.28076864303351,437.06020525352955,1811.9769801950335,230.84284086684585,0.5745679140090942,-6.783270506811292
1356,45.2,78.41468504617512,430.37915504000483,1811.8824551043629,235.11033692266867,0.6374493837356567,-6.427067065501609
1357,45.233333333333334,77.54525368860364,424.60945564976635,1811.5354040096522,241.13190106526017,0.6254536509513855,-6.040125136370219
1358,45.266666666666666,77.32137320962846,409.2345641909093,1814.8602990829945,259.4471752109885,0.6605280637741089,-4.927095236008989
1359,45.3,74.60804388161898,382.40035653409956,1813.9014996493877,286.5913658993423,0.6133033633232117,-3.1529518793422016
1360,45.333333333333336,71.38730523289442,348.0715384990733,1815.0676709967554,321.11317794964907,0.5908483266830444,-0.8857570809541091
1361,45.36666666666667,71.02023921958803,315.3357804094873,1813.897818640077,353.1277405657589,0.6129060387611389,1.2421873880732046
1362,45.4,69.93882531215549,290.2258755095184,1814.019995778173,377.05837411005496,0.44157707691192627,2.8502292151685222
1363,45.43333333333333,71.9607689921081,274.3610986861527,1812.7650814277292,391.21499251366856,0.4810027480125427,3.8402971861168314
1364,45.46666666666667,72.90006706064045,267.2201406102769,1812.6875480808496,399.40877061854303,0.518810510635376,4.344971174103819
1365,45.5,69.997362168926,260.7226382111907,1810.637888195628,400.91037833284736,0.4319503903388977,4.60455014378428
1366,45.53333333333333,67.03680147008299,259.22584687821865,1810.1056349910796,401.68887556904554,0.44305330514907837,4.672464701309195
1367,45.56666666666667,70.67605080987215,260.5066897149682,1810.2037473626613,401.51828163773416,0.4269559681415558,4.634442672722466
1368,45.6,72.66827390869855,266.3852116636649,1812.8903160209238,399.62050979838966,0.5247359275817871,4.378151986409775
1369,45.63333333333333,71.44271043291688,275.55078848496674,1813.0714786971091,389.8604991157651,0.45588740706443787,3.7551536500119767
1370,45.666666666666664,72.67987084543407,294.0110859391809,1813.9019726306617,371.2493596886039,0.49132195115089417,2.539898785295657
1371,45.7,69.99261797310113,322.60754058886766,1813.6778111834526,346.2195244791448,0.5271817445755005,0.775819136027848
1372,45.733333333333334,74.9424246107623,357.2891112670243,1814.0757472525597,313.3718606744498,0.514693558216095,-1.4465472068288774
1373,45.766666666666666,76.2729814135678,393.74621667436656,1814.0774499851466,277.0029468749166,0.6052815318107605,-3.843275624700367
1374,45.8,76.78453018828705,417.5654022886872,1812.9538430471002,252.99521215735226,0.5586662888526917,-5.41484527982278
1375,45.833333333333336,78.2048137084335,430.8077457197726,1812.1390765187382,235.7068188959662,0.6436148285865784,-6.419874060430772
1376,45.86666666666667,77.56694421930015,438.96064661654236,1810.2033932775973,227.45324586055278,0.5618698000907898,-6.959808889587285
1377,45.9,77.74263061849028,439.2094022221506,1810.137115149331,227.3194442313075,0.5866662263870239,-6.973237658659848
1378,45.93333333333333,78.15084893165827,437.7525430926204,1811.5808214940905,230.53755705613494,0.5694276094436646,-6.816815080138421
1379,45.96666666666667,78.3819421581,430.6984618776381,1812.044923738098,235.6968333771415,0.6557640433311462,-6.417629558037509
1380,46.0,77.66251833036542,423.36484730092883,1811.388513383019,242.69455525761842,0.5685093402862549,-5.949276907837348
1381,46.03333333333333,76.82105280424133,405.89856629763244,1813.9174352129758,264.09679319941404,0.6015755534172058,-4.666792407635519
1382,46.06666666666667,75.6462807914205,377.86909200225176,1814.5693852244615,291.4740856758475,0.6114057302474976,-2.8442904210272024
1383,46.1,73.82931948423088,342.9254194919586,1814.5235017015934,327.7350171996057,0.5259783864021301,-0.49998664720780117
1384,46.13333333333333,73.24624162124694,308.33885847486255,1813.6923950620235,358.25511216597556,0.4591689109802246,1.642801119757957
1385,46.166666666666664,71.4734438014686,285.73706723049435,1813.494100049448,381.05149530174435,0.5727960467338562,3.1318081833278693
1386,46.2,72.08940948440433,270.24120701391104,1813.016431053573,394.71566740760653,0.5605686902999878,4.089628893102622
1387,46.233333333333334,72.54948704830409,264.9948555454701,1812.1956511541127,399.1091124644637,0.4868904948234558,4.408374509538441
1388,46.266666666666666,70.78718275039792,259.88964528758527,1810.427871058154,401.6196901246905,0.4264003038406372,4.657650272395177
1389,46.3,72.33182410344482,259.32567803771497,1810.4441416139841,402.07981715635657,0.4607485234737396,4.695261866642642
1390,46.333333333333336,70.40419918150604,260.4957955242634,1810.8150292291998,400.6192418693662,0.415810763835907,4.603052262628953
1391,46.36666666666667,72.93445431801676,268.65963264849114,1812.7185331275105,397.7045798173964,0.5656694769859314,4.242029988366845
1392,46.4,71.80184815185666,281.64715335006713,1813.3547914428175,384.6424609106481,0.5502543449401855,3.38452585411088
1393,46.43333333333333,71.28689304410815,303.10489945970176,1814.044217626542,363.63523065792174,0.5568646788597107,1.9892264283490846
1394,46.46666666666667,70.8344773429215,335.1714884972185,1814.5287057973921,333.78038439602255,0.5633071064949036,-0.045710065246172896
1395,46.5,76.05289767718665,374.7373091981769,1814.5964345462085,297.4591836488843,0.5178983807563782,-2.5451176328209697
1396,46.53333333333333,76.45904942627922,406.69742863214015,1813.55704691419,264.4690687326163,0.6007699370384216,-4.680765046022953
1397,46.56666666666667,78.65736154062748,427.69616906083934,1811.8040695233344,239.990434527874,0.6703042984008789,-6.18123674497918
1398,46.6,78.61053031949997,437.6331856172025,1811.81875971421,230.25953519178032,0.5616986751556396,-6.822850101949655
1399,46.63333333333333,78.33157052026093,439.96064271912576,1810.1503646999954,226.18465671022534,0.6556637287139893,-7.037002131172531
1400,46.666666666666664,77.78593878001719,439.3282307396114,1810.6597559858203,226.7983073884845,0.6088415384292603,-6.992174953565034
1401,46.7,77.83898070089818,433.39030331922174,1812.1254780901431,231.67570838532447,0.59034264087677,-6.634254417162982
1402,46.733333333333334,78.39831143249869,427.7192903327696,1813.9991255879343,241.6801262833297,0.6535816192626953,-6.118177665049462
1403,46.766666666666666,77.47885384359658,413.117234166269,1814.326866896683,255.88785443592667,0.6722598075866699,-5.17264144940816
1404,46.8,75.23911936358809,389.31526366006136,1813.324786638999,280.6539725171089,0.5062888264656067,-3.5773502380031914
1405,46.833333333333336,72.32322539066672,354.9208277634501,1814.235068608147,315.25433970572203,0.5164972543716431,-1.3045032334420603
1406,46.86666666666667,69.9102914600253,319.4647948165357,1813.359449657476,349.2254040073246,0.5622330904006958,0.9779417455502062
1407,46.9,72.95552823734582,292.9701005850971,1813.4777787240685,374.3410758616567,0.4457683563232422,2.676680090941048
1408,46.93333333333333,71.87150353999138,274.46598640600445,1813.4059016257286,390.73032816814185,0.4876880347728729,3.819382543698814
1409,46.96666666666667,72.52173498052656,266.3486990280494,1813.031763150561,398.0497643717855,0.519388735294342,4.327215915865056
1410,47.0,70.97248184309304,260.0034385071516,1810.437111116183,401.5484465609014,0.4346283972263336,4.65206488451897
1411,47.03333333333333,72.3311302529335,258.6502768335879,1810.0467475206674,402.25167208178044,0.49045151472091675,4.72407621623721
1412,47.06666666666667,71.9877306604445,260.58292388209105,1810.4445599203586,401.40182236592176,0.4421396553516388,4.630975678695076
1413,47.1,72.95087826731503,266.74188087597787,1812.5470908674001,399.234828717488,0.5232110619544983,4.355412487576427
1414,47.13333333333333,72.47669219272137,278.83560859262946,1814.1745178925753,386.5942775864422,0.487796425819397,3.54037133026422
1415,47.166666666666664,71.74376822103262,299.39975378462077,1813.4204160758554,367.3015123512596,0.5634439587593079,2.232627327522276
1416,47.2,71.28179352490307,331.0358146548569,1814.2009835814654,338.0855745100677,0.5791800618171692,0.23174871550949339
1417,47.233333333333334,73.57368872696459,369.1516664753854,1814.3530474950253,301.92067541513444,0.5424572229385376,-2.211732633633281
1418,47.266666666666666,76.87231708575338,404.01770766115186,1813.7147735852063,267.5466261320464,0.528494119644165,-4.492741755181072
1419,47.3,78.40416685388685,426.67283678359536,1811.4969684231044,240.2775133327365,0.6517770886421204,-6.138604363811812
1420,47.333333333333336,78.07843029145599,438.17780532939435,1811.6587471116782,230.1008807831824,0.5537485480308533,-6.8443140678104974
1421,47.36666666666667,78.32003107895554,440.9606405574203,1810.825913439566,225.8959667315364,0.6587677597999573,-7.076214618077834
1422,47.4,78.17333702160418,440.1990556562304,1810.329638054651,225.98335848352312,0.6471319198608398,-7.049970716356785
1423,47.43333333333333,78.20880974930823,433.72424892728924,1812.759480288017,233.9758169723004,0.5851141810417175,-6.569164907725592
1424,47.46666666666667,78.57422835581899,427.1492824828334,1814.0765908081532,241.72841333214043,0.6612094044685364,-6.098340883977388
1425,47.5,77.48131128506512,412.1619922624003,1813.461687814337,256.45046045436857,0.676323413848877,-5.125520042666023
1426,47.53333333333333,74.05629647180439,386.97231285995844,1813.284623585981,282.5831055100128,0.5100377798080444,-3.4347959037687734
1427,47.56666666666667,72.01919172587395,351.1997938229084,1814.0807248380602,317.97628325942753,0.5876390337944031,-1.0925769057376025
1428,47.6,69.71583150112033,316.42984313092717,1813.963905406195,351.1523418680996,0.5875512957572937,1.1404283189980655
1429,47.63333333333333,70.81123009633421,289.89304336012003,1813.4796793277203,377.4397143944651,0.46372371912002563,2.875958047051872
1430,47.666666666666664,72.02477290490866,271.7251940061152,1812.850953130722,393.39001469378474,0.5268515944480896,3.9978512698776214
1431,47.7,72.02500852769018,264.63794452690485,1812.2591373910784,399.2300457485944,0.48452362418174744,4.422530353821549
1432,47.733333333333334,72.1233934059143,259.51228260211946,1810.301581152612,401.8736433171809,0.46491241455078125,4.682224035735315
1433,47.766666666666666,72.4331267120242,258.29753434218765,1811.7790803637265,406.216943445009,0.48500871658325195,4.8609158620786665
1434,47.8,70.18144517903328,259.9469185466766,1810.7049664867104,401.29356432904603,0.4332076907157898,4.642760105135015
1435,47.833333333333336,72.54744086188376,268.3274579267915,1812.5180220457912,397.8659603772372,0.5384654998779297,4.2577400757997035
1436,47.86666666666667,72.76343839194476,282.9376023714051,1812.9523785408617,383.6540380957365,0.5632897019386292,3.312396810469124
1437,47.9,70.44229515610337,305.66650746012925,1814.1919886926294,360.7573269531697,0.48287805914878845,1.8095612518397375
1438,47.93333333333333,69.74637812723219,338.40865369880794,1814.2354725949049,329.4099560616225,0.48074406385421753,-0.2955494674087614
1439,47.96666666666667,74.94347482445836,379.8845547224747,1814.6390926839292,290.45018058682086,0.5863142013549805,-2.942874146213124
1440,48.0,77.02853878676594,412.6033468462914,1813.290042909956,257.8844333652198,0.6647763252258301,-5.092198342733142
1441,48.03333333333333,78.41720660047233,431.00767186685204,1811.3089240863442,235.67979224694557,0.6724095344543457,-6.431113981019902
1442,48.06666666666667,78.23002122374177,441.2727385529369,1810.2591165466786,225.95447451514602,0.6714016795158386,-7.086404057975648
1443,48.1,78.96087557691038,441.90874519013465,1810.3168597495496,225.50982915861607,0.700242280960083,-7.124345706703168
1444,48.13333333333333,78.01043359223902,440.05347202005385,1809.636163758719,226.44394764826893,0.664142370223999,-7.032353602243141
1445,48.166666666666664,77.98264572542011,431.7647235245824,1811.3820365770578,233.47678375941516,0.6373199820518494,-6.525842796145345
1446,48.2,77.60256252977253,423.46620241476893,1811.5355576200843,242.8813025842607,0.5888522863388062,-5.945780371929441
1447,48.233333333333334,75.93061393863066,400.9277094081581,1813.3284845714927,266.7255937224105,0.5792347192764282,-4.416936896984515
1448,48.266666666666666,75.47140502355397,373.7707029699802,1814.4419146014452,297.606157806614,0.4982130229473114,-2.5078744646320876
1449,48.3,70.77883131298422,333.805681951344,1813.9112669296621,335.1444383076161,0.5604928731918335,0.04400415732155615
1450,48.333333333333336,72.15164600937962,300.86019943568857,1813.4231389726401,366.15340823767184,0.5879614949226379,2.1474384796610564
1451,48.36666666666667,72.00411620713473,279.55587575899364,1811.8007708043933,384.4258202996254,0.5114647150039673,3.4494513718240425
1452,48.4,72.53241567876637,267.08163514971585,1812.2764084574223,399.6418586109638,0.5382217168807983,4.3572467824094225
1453,48.43333333333333,67.64200357457399,259.49421211388113,1810.200229944122,401.78986965497734,0.4521450400352478,4.668361057467343
1454,48.46666666666667,72.77477497201562,256.56232399712206,1811.5782785503984,407.0511231610775,0.5388284921646118,4.946470847191709
1455,48.5,72.43312649506032,258.859922094959,1810.3617899330973,402.391802113688,0.4879305958747864,4.721223495122149
1456,48.53333333333333,71.75142270697356,265.4109182964623,1812.6032143448233,399.2267177395284,0.5060014128684998,4.395568357712449
1457,48.56666666666667,70.26082987876237,275.09023490229845,1813.0602777194679,389.6250998070538,0.4381946921348572,3.7600087726185505
1458,48.6,71.80849549143315,297.29170163060724,1812.8809739898682,369.49924696198104,0.5514978766441345,2.3748684149854062
1459,48.63333333333333,72.64314037807584,329.5318906340927,1813.925431634003,339.9434453887701,0.5821047425270081,0.34258146409678497
1460,48.666666666666664,73.20128388328553,368.69813254232406,1814.334100038755,302.8425263326764,0.5243425369262695,-2.1660900594500743
1461,48.7,76.70266542860419,405.4262719311714,1813.2055528329968,265.59786154149475,0.5665643811225891,-4.603694770550073
1462,48.733333333333334,78.8612748330623,427.7065447892152,1811.6314487153888,239.78026161032915,0.6926078200340271,-6.1897775162925965
1463,48.766666666666666,78.67735389497876,440.4331512289435,1810.2859810151936,226.03514299019577,0.6539511680603027,-7.058119373932175
1464,48.8,79.83078772645592,443.03570335238277,1810.9994177244603,225.1014853318393,0.6718726754188538,-7.175134834142157
1465,48.833333333333336,79.1894390044272,441.36836169784067,1810.993675992149,225.3245936363399,0.6770215630531311,-7.110951089512365
1466,48.86666666666667,78.6810205846727,433.2100180449963,1811.74706790303,231.16215573214293,0.5819595456123352,-6.649755096869345
1467,48.9,78.01002374745607,425.65685640903115,1811.3819949199915,240.57132322523594,0.6631313562393188,-6.0948202426428155
1468,48.93333333333333,76.60638157442287,407.0580707786739,1813.153360868144,263.10922131686806,0.5738123059272766,-4.738626844446886
1469,48.96666666666667,75.58205896551571,376.8979937537342,1813.942742748636,291.50524516147374,0.5851423144340515,-2.8122555162892082
1470,49.0,69.21921663118898,336.8084829789281,1815.0962915709733,330.4980418890178,0.5270246267318726,-0.2070936562383122
1471,49.03333333333333,71.02507187321186,302.75643593008516,1813.8928219617546,363.71788801380507,0.542016327381134,2.0032561510990226
1472,49.06666666666667,71.67226863985658,280.6033442109913,1812.266073292625,384.4827438129306,0.5496680736541748,3.4153861044660907
1473,49.1,73.1216112724781,266.60574276263117,1813.448357246113,397.71768237502727,0.5452635884284973,4.308384408108024
1474,49.13333333333333,72.49475204972923,258.63634080918433,1810.3562725414456,402.1559363326192,0.5113353133201599,4.721002811425586
1475,49.166666666666664,73.26465187493265,255.70985986642242,1811.5245773847462,408.0125795344472,0.5643692016601562,5.007349530988884
1476,49.2,72.79909228449463,257.8205743842959,1811.7285017423392,406.32452585633996,0.51804518699646,4.881195781023402
1477,49.233333333333334,72.4048281122148,265.0732033747822,1812.7842125623822,398.886312248683,0.4979466199874878,4.396668752610578
1478,49.266666666666666,70.86742510837317,275.7388467074156,1814.3150775129795,387.9554868845105,0.4355626404285431,3.6827506966492645
1479,49.3,71.94921740082502,298.28076372961254,1813.7440129404306,368.4606894337952,0.5543473362922668,2.3072980472385725
1480,49.333333333333336,71.05641621206999,331.17495874862,1813.8246644922972,338.27627318302393,0.5959170460700989,0.23346368323296574
1481,49.36666666666667,76.25459738539196,372.8787193011522,1814.3250860570968,300.4945920705959,0.4847349524497986,-2.3847765687654983
1482,49.4,77.24839632134437,407.8366148790717,1813.2897096534252,263.72281992379425,0.6039875149726868,-4.74540739725048
1483,49.43333333333333,78.52913848685026,429.67229179411083,1811.8336061190844,237.4085097036019,0.6852817535400391,-6.329559706962483
1484,49.46666666666667,78.64950788183808,442.20518501039294,1810.6476368170083,225.33233794533015,0.6827791333198547,-7.137167946600382
1485,49.5,79.74204428945184,444.0104274700254,1811.0845322234868,224.44410211068987,0.666039764881134,-7.2275849152775145
1486,49.53333333333333,78.89049401064516,442.25202447614816,1810.8747051463783,225.04557156846522,0.6926167607307434,-7.148090102105449
1487,49.56666666666667,78.02580483275652,433.0547964390218,1811.7706935346364,232.01451788981558,0.6062477827072144,-6.614320656011995
1488,49.6,77.68557584203333,423.53256906430124,1811.2257700730026,242.3453779168129,0.5962753295898438,-5.966810078448979
1489,49.63333333333333,75.38955946517513,400.02582567715643,1813.131173273182,268.80714780567365,0.6111800074577332,-4.318268915236124
1490,49.666666666666664,73.2118597879678,369.0424668152392,1813.6642778440237,301.85349211353065,0.49941572546958923,-2.210766569687338
1491,49.7,72.15211161388159,330.25472600198987,1813.298253257376,339.3685379518509,0.5793029069900513,0.2999048606837554
1492,49.733333333333334,71.61940972801447,296.3670974413365,1812.228187799561,370.4068069022,0.5573986768722534,2.435703617234532
1493,49.766666666666666,71.65598766976,274.4525346449971,1812.7440706448913,391.06070124884246,0.46997255086898804,3.8316229361729968
1494,49.8,72.1231694991827,263.99040408946274,1810.1816686835707,400.4475783060908,0.4669550657272339,4.489155587004736
1495,49.833333333333336,73.33126043919921,255.99849473628402,1811.0521897238136,408.03676927216054,0.5480571389198303,5.00024190391041
1496,49.86666666666667,73.42840428398847,255.2407789520949,1811.6507531672835,408.64403470321895,0.5736891627311707,5.0434550468048265
1497,49.9,72.40593202447295,258.8294343295276,1810.0466047584296,401.809913212806,0.48115718364715576,4.703943654148915
1498,49.93333333333333,72.98661135168373,268.5046387461163,1812.4547189263462,397.69590657752303,0.5625236630439758,4.247590931119109
1499,49.96666666666667,72.73709441979527,283.8574110214369,1812.9429050296903,382.41741315009295,0.5708436369895935,3.2415968179393424
1500,50.0,73.10700656537414,309.0069623156071,1813.2967562065542,357.66026401211025,0.4816363453865051,1.6014936526388646
1501,50.03333333333333,72.51638486803174,347.00687351649555,1814.5683099514365,322.69085906083586,0.5925372838973999,-0.7996974789436256
1502,50.06666666666667,76.2620691334989,389.43795717220905,1813.4269896477103,283.6486299407888,0.5043596625328064,-3.4848768315815635
1503,50.1,78.39915151666999,421.55133816038966,1812.015397429681,251.61957812372447,0.5668911337852478,-5.5983370800540335
1504,50.13333333333333,78.57999829343558,438.43969419302346,1811.1856538841844,230.67986150012015,0.5891585946083069,-6.837790626919061
1505,50.166666666666664,79.80144553034901,444.040699218244,1811.2031459466994,223.8036737494707,0.686019778251648,-7.24918290786431
1506,50.2,80.00965188722014,443.7970229067385,1811.0567092085182,224.0916863669038,0.6774603724479675,-7.233333591128387
1507,50.233333333333334,78.21302644245624,440.176306992656,1809.5392121439338,226.11450924799442,0.6517998576164246,-7.048300568729356
1508,50.266666666666666,79.13263590607941,428.922243405214,1812.0946449182034,237.45657219478935,0.6769174933433533,-6.304732487277069
1509,50.3,77.2330109781742,412.4620242723778,1813.8777954768539,256.63909276326297,0.6854591369628906,-5.127215545062354
1510,50.333333333333336,73.82648224747777,383.31827042494416,1813.6552734087766,286.0265357840926,0.5842838287353516,-3.20066327589372
1511,50.36666666666667,72.95006552059353,345.2778589006752,1814.0448142772316,324.07696062568425,0.5758797526359558,-0.697642653968132
1512,50.4,69.76733358427882,307.0706677971661,1813.8754301365555,360.47686250937284,0.45030221343040466,1.7539014484223288
1513,50.43333333333333,71.89013900219202,281.3591758807838,1811.8817382556797,383.61003760244546,0.5755442380905151,3.363127108235226
1514,50.46666666666667,72.48466409682929,266.1663442437857,1812.5195400520802,398.8835986813456,0.5461726784706116,4.3616620184088974
1515,50.5,72.9388250555247,256.39716544511316,1811.548833079481,407.4096412311554,0.5420677661895752,4.964147574163004
1516,50.53333333333333,73.16971108145415,254.8283774666995,1812.3903891337873,409.3536519802153,0.5499445796012878,5.077250630891937
1517,50.56666666666667,72.98726224334538,256.21941257337926,1811.790136843419,407.3218606798828,0.522185742855072,4.966542201543566
1518,50.6,72.25923275998831,264.5789344718963,1812.6741389716983,399.0455311973154,0.5058459639549255,4.417965643096348
1519,50.63333333333333,72.89393132191002,278.74938670992253,1813.677652365887,387.3265684575081,0.45836523175239563,3.569062418985369
1520,50.666666666666664,72.04796460874081,301.21900237935034,1813.4246403627396,365.1911660211027,0.5888589024543762,2.103902899292737
1521,50.7,71.06238315289616,336.06162037926913,1814.409448993218,333.0289385427281,0.5513601303100586,-0.09967016778937901
1522,50.733333333333334,75.88778842683108,377.51668580487666,1815.067494822079,292.14014311320784,0.5854487419128418,-2.8104006746325885
1523,50.766666666666666,76.2957758022815,414.2492108117104,1813.1411323495329,256.4438912217915,0.6551089286804199,-5.191493668070254
1524,50.8,77.96199271603227,434.40047068883774,1811.3149296467423,232.47694907796384,0.5635013580322266,-6.6446093366591015
1525,50.833333333333336,79.60241349144876,444.3770772152312,1811.7374294993042,223.4566341538459,0.679931640625,-7.268391949524372
1526,50.86666666666667,79.54867522497177,444.54270229383854,1812.0971165708065,222.59015827834605,0.6782373785972595,-7.300259312403286
1527,50.9,79.05881068899632,441.78977087294163,1810.948294523716,225.1291872809589,0.6748062372207642,-7.130697096209977
1528,50.93333333333333,78.63461244312525,430.408592917186,1811.7872201078535,235.4936405132942,0.6659498810768127,-6.416674034441008
1529,50.96666666666667,76.79829942170232,414.4478432031304,1813.4727850832403,254.70950100021957,0.6538072824478149,-5.255246679348686
1530,51.0,72.76034817529917,387.6548912294746,1813.924050441897,282.50880329782365,0.4595586955547333,-3.455803629672433
1531,51.03333333333333,71.96917721059323,348.1923801566424,1814.3594548725425,321.3727470353961,0.5893032550811768,-0.8818520538828066
1532,51.06666666666667,73.39149547231496,309.50449869463444,1813.658063564366,358.4957290222466,0.5076282620429993,1.6125400621811
1533,51.1,72.55739386324585,282.05168034814,1812.7029030490755,384.9435403951526,0.5772305727005005,3.3838626767854816
1534,51.13333333333333,72.86858820417226,266.42207198390963,1812.614512956214,398.75940377909836,0.535409152507782,4.349943678442829
1535,51.166666666666664,73.03094249793887,256.2405240274608,1811.5431868112803,408.1020628183067,0.5488738417625427,4.9921970002667
1536,51.2,73.21613744796812,254.80521939226986,1812.429986778915,409.75763222929237,0.5539860725402832,5.091231378704425
1537,51.233333333333334,73.11121848531664,256.45547405587433,1811.8437460163832,407.61475194728376,0.5523787140846252,4.9686007844838915
1538,51.266666666666666,72.1806714382112,265.2855166410744,1812.936632296717,399.2653841756523,0.5198342204093933,4.401177815886474
1539,51.3,72.44109970095158,279.24994930124876,1813.1610873860955,386.239932599771,0.5055062174797058,3.517149670889535
1540,51.333333333333336,70.8772869214356,302.03024326299726,1813.540322469908,363.3799183494009,0.554110050201416,2.016239694437505
1541,51.36666666666667,69.69994015315027,337.31227920002937,1814.5885535499692,330.50951895320566,0.49804559350013733,-0.22337670921536462
1542,51.4,73.87167951357067,382.1749967953414,1814.3647127753854,289.17809831790925,0.5313980579376221,-3.0584826964005347
1543,51.43333333333333,76.65201510065198,416.8597905989766,1812.400508329487,253.63981284260453,0.6071263551712036,-5.371974609495611
1544,51.46666666666667,78.71179886474907,438.8442880159736,1810.7081285184026,227.31866836844682,0.590850293636322,-6.962949725124117
1545,51.5,79.0068513094306,445.21772674017546,1812.4044511241793,222.29942601858676,0.6741722226142883,-7.328126615550101
1546,51.53333333333333,79.0764203459382,445.05242868038715,1812.4652452732325,222.1769292926848,0.6761733293533325,-7.326771558690373
1547,51.56666666666667,78.74780337094069,441.5731222342551,1811.126422309047,224.81552302314043,0.6730326414108276,-7.131863675892643
1548,51.6,78.84766924465895,429.1501072326764,1812.2420614652992,236.88352782676964,0.6815294623374939,-6.329325347525822
1549,51.63333333333333,77.75263504029364,410.68145339589415,1813.8751354995966,257.7579182511628,0.6770040392875671,-5.033814066704183
1550,51.666666666666664,74.72077744956016,379.19800345941854,1814.6477638626457,289.54136789711714,0.5828735828399658,-2.949783234529607
1551,51.7,69.72573726782203,336.537233425349,1814.3739307030976,331.26110930444895,0.5273662805557251,-0.1732720234843554
1552,51.733333333333334,71.52816773488522,300.5070646735802,1813.113598330462,366.7697907082349,0.5767033696174622,2.178902101496094
1553,51.766666666666666,70.63543907553553,274.8268802306473,1812.521003997457,390.64058322583435,0.45100730657577515,3.8038574742093187
1554,51.8,70.47514029763639,259.84151401884554,1810.4928443656027,401.4542321625173,0.4337459206581116,4.652807598236983
1555,51.833333333333336,73.31193177737892,254.00520280988218,1812.4871689131737,409.5870578247309,0.5531433820724487,5.1119163332548005
1556,51.86666666666667,73.2539295196265,254.11017124029993,1812.5256296675325,409.9294101325363,0.547417402267456,5.119392142960282
1557,51.9,72.54570645256936,257.7036143598318,1811.5315375862479,406.567097123307,0.51187664270401,4.892797977011778
1558,51.93333333333333,72.99845779688954,268.66584530091956,1812.45409233464,397.58343195598127,0.576242208480835,4.238655867189436
1559,51.96666666666667,71.30192213257551,285.82465175489483,1813.2225102964937,380.5213057492092,0.5778499245643616,3.1117279926577477
1560,52.0,70.31238585899472,315.8367533473255,1814.3116807263614,352.4426818650842,0.5982433557510376,1.202441588160779
1561,52.03333333333333,74.72070747870654,356.99779602530003,1814.352798420483,314.6230474768296,0.4991236925125122,-1.395360690898625
1562,52.06666666666667,75.26659854503646,398.57219041402635,1814.0926166287184,271.993373954618,0.5961142778396606,-4.163534350781809
1563,52.1,78.68560112625957,428.302601025125,1810.9147640567303,240.285813069278,0.6761677861213684,-6.194654424008794
1564,52.13333333333333,79.36378792973458,443.1810134513386,1811.726099645114,224.6817374492228,0.6695742607116699,-7.1886389963821
1565,52.166666666666664,79.2840621627748,446.2745276768178,1811.740238747716,220.89519359529837,0.6807250380516052,-7.412116657788489
1566,52.2,79.52900397717357,444.3380744850822,1812.414695291078,223.24009660066963,0.6711634993553162,-7.271052999666066
1567,52.233333333333334,78.4252490178436,438.22911338337065,1810.4173227078854,227.53959228053094,0.5820322036743164,-6.935712710098215
1568,52.266666666666666,77.65856362111121,423.7716732483506,1811.2077021883308,242.62638520425557,0.5871572494506836,-5.965409531318549
1569,52.3,75.99590135003814,396.63467518406287,1813.9564939198076,272.7322167011499,0.6393734812736511,-4.077823977413168
1570,52.333333333333336,74.7624004525751,359.17055353636147,1814.3303118492843,312.8733312517107,0.5703041553497314,-1.5245219156526864
1571,52.36666666666667,70.00211448244453,316.0698098664224,1813.8256542815507,352.18130763979553,0.5872638821601868,1.1863245836992355
1572,52.4,71.93808715341092,284.3532203001209,1812.9761760078668,382.3334860944212,0.5886521935462952,3.221032581343421
1573,52.43333333333333,73.1462735575378,266.66059871857317,1812.815842425716,398.7316653800458,0.5490232706069946,4.341414816414063
1574,52.46666666666667,73.53366995493174,255.26692505317925,1812.2888561095594,409.0900773071825,0.5512827634811401,5.05564680712731
1575,52.5,73.36996028776169,253.72795962891877,1812.0224400774598,411.4244812673286,0.538178563117981,5.182571097560782
1576,52.53333333333333,73.41113330767453,254.905735723722,1812.62673570683,409.41718725101947,0.550544261932373,5.076813559919719
1577,52.56666666666667,72.12158262531162,264.34295912406446,1812.062221834898,400.0215267546952,0.4839707016944885,4.458835906969904
1578,52.6,72.72959766660034,279.63819055601954,1813.2561948078394,386.89852083835007,0.5219622254371643,3.5264053534308566
1579,52.63333333333333,71.49595554047823,304.06807765848043,1813.7449975225509,362.5577376583919,0.5364919900894165,1.9227747898965144
1580,52.666666666666664,73.76370765206218,344.00861777386666,1814.393522976041,328.0840916995287,0.5473163723945618,-0.5241681328063159
1581,52.7,72.97755527903139,386.45918588992356,1813.530482723695,285.6630606316015,0.49600669741630554,-3.314320129421028
1582,52.733333333333334,78.06908240237534,422.07951504742505,1812.0742458465934,250.08877574875652,0.5934012532234192,-5.664468159268739
1583,52.766666666666666,79.0836834290266,441.5490939176738,1810.327799068743,225.758579557091,0.6628804802894592,-7.1049750856595075
1584,52.8,79.74878665921092,446.5420393765479,1811.604435843575,220.40600774948263,0.6579611897468567,-7.439274126504855
1585,52.833333333333336,79.3386114402622,445.919060335958,1811.8764156975985,221.04606914340704,0.6641092300415039,-7.395304377824348
1586,52.86666666666667,78.48471990414858,441.27396938906907,1810.4622884735109,225.34227706100344,0.6710464954376221,-7.106595912778264
1587,52.9,78.65983167448341,427.0660011659309,1811.673975372994,239.90971658505796,0.6880027055740356,-6.163750381907239
1588,52.93333333333333,76.71562207802087,404.30062509865763,1813.4537000718653,266.67186153092234,0.5274519324302673,-4.530966762620041
1589,52.96666666666667,73.23866111999155,367.0166218441635,1814.334180749321,304.2004178189814,0.5460109114646912,-2.066252510784132
1590,53.0,69.09888965264112,321.9365463552177,1814.3578714700936,346.8479818578869,0.5068550109863281,0.8177715790284193
1591,53.03333333333333,70.31665440651179,288.3172706632852,1813.0149821687342,379.86905663944464,0.4928435981273651,3.007240649380891
1592,53.06666666666667,73.50092468025386,267.8825554273745,1812.55280842669,397.31354786462634,0.5568152070045471,4.2564584983051885
1593,53.1,73.19029422847032,255.06881945007743,1811.9045288833142,409.08727890696525,0.559864342212677,5.062151169691291
1594,53.13333333333333,73.79830276084245,253.38592983793168,1811.4122135232687,411.7280005107448,0.5384246706962585,5.206763453791109
1595,53.166666666666664,73.44549648205935,254.76393528684676,1812.17619630934,410.0910792543471,0.541965126991272,5.104889516001859
1596,53.2,71.63752143939138,263.74989745084645,1811.4767708209156,400.66371816446184,0.47615936398506165,4.49952550178284
1597,53.233333333333334,72.95329567894638,278.4750276299119,1813.5634438774407,386.84288609053493,0.4676501750946045,3.5625537514655092
1598,53.266666666666666,71.73428299381136,302.44028873754144,1813.6336716163098,364.63397373981553,0.5679661631584167,2.044849780374954
1599,53.3,73.64062620848418,342.29822072072625,1814.285746165067,329.286421597448,0.5080572962760925,-0.4282936705760319
1600,53.333333333333336,73.32280383776724,384.22909784130457,1813.6549557736457,287.24512430482804,0.5175784230232239,-3.1896387205323986
1601,53.36666666666667,78.09224568393826,421.68374124041793,1811.479174653852,250.5729347853899,0.591838538646698,-5.637671934084438
1602,53.4,78.9430483051896,441.68088884792627,1810.372287947744,225.8907873696208,0.6611768007278442,-7.1042097320058915
1603,53.43333333333333,79.78339022958279,446.26552823174,1811.3687418979048,220.1579672975274,0.6590925455093384,-7.4394961134229725
1604,53.46666666666667,79.3840037568897,445.57326416037085,1811.752994488573,220.94040740488768,0.6741454601287842,-7.388206389955829
1605,53.5,78.66573113954067,441.2113661951244,1811.0870780777395,225.4840143613875,0.6638359427452087,-7.098139292564262
1606,53.53333333333333,78.68744944161475,426.4806248960078,1811.6169893740891,240.46328996294736,0.6684251427650452,-6.126823501580294
1607,53.56666666666667,75.59319165377356,399.60533621197345,1813.5452037234425,268.5375744066052,0.6379925608634949,-4.312800975098351
1608,53.6,74.55855300868005,362.88383893711716,1814.8022673181533,308.22683927897214,0.5924137830734253,-1.7989355547488233
1609,53.63333333333333,70.07321311435699,317.92125232211055,1813.6975444829225,351.2902326157272,0.5894246697425842,1.0963762903178702
1610,53.666666666666664,71.70177616244554,284.33007646394634,1812.8119864165783,383.07378228203356,0.5790313482284546,3.2459425001098805
1611,53.7,72.66831947111487,265.60739081238506,1812.1867773311258,399.3689787907362,0.5202056765556335,4.397149221775488
1612,53.733333333333334,73.3414221598208,254.26203880154193,1812.269993269205,410.3198941430092,0.5516574382781982,5.12819637165403
1613,53.766666666666666,73.71760586352349,253.41764757163972,1811.7526984228969,412.0199787652928,0.5426779985427856,5.214017585738818
1614,53.8,73.14154374479651,254.9267028968185,1812.1624121596574,409.2338321547538,0.5582528114318848,5.070699906771756
1615,53.833333333333336,72.38341616314948,265.3186726283908,1813.018051032889,398.6663245357722,0.5212022662162781,4.380794985468456
1616,53.86666666666667,72.05745287345648,282.48138633076996,1813.0983006407023,384.28135749889015,0.5784242153167725,3.3463174056927936
1617,53.9,73.76621640549004,310.36265986308456,1813.6894677852572,356.5168410213232,0.5281775593757629,1.519503682750224
1618,53.93333333333333,72.12760337318181,350.36182895486354,1814.5031183783174,320.0721439956546,0.6035666465759277,-0.9959370429966806
1619,53.96666666666667,76.625323877801,395.23786650562135,1813.8285711440503,276.1310471192002,0.6204351782798767,-3.922197863295735
1620,54.0,78.54309577371478,427.1712911910705,1810.5391717965842,241.0344803745508,0.6864842772483826,-6.134007691322242
1621,54.03333333333333,79.97322061306238,444.32988070827906,1812.0093772426724,224.05389906845093,0.6757965087890625,-7.247823879960192
1622,54.06666666666667,80.12541991208792,448.07813089715836,1811.2892289725185,218.44509369653613,0.6300759315490723,-7.555981684310107
1623,54.1,79.70480070250035,445.2683853127554,1812.0173832101107,221.0744586510852,0.6692049503326416,-7.37416642517324
1624,54.13333333333333,78.72680517200827,438.950093926996,1810.2531313808859,226.7346276197314,0.6089503765106201,-6.987311309711007
1625,54.166666666666664,78.57142539936007,421.78791167765854,1812.409249370575,249.20475161709487,0.5935311913490295,-5.684396815878583
1626,54.2,76.03778812562767,390.4545683692753,1814.3480082917808,280.6410301873088,0.5348065495491028,-3.614718704641538
1627,54.233333333333334,73.30965061906875,346.06703206190764,1814.2886886293054,324.6990316724062,0.5935248136520386,-0.7031875408788301
1628,54.266666666666666,71.82251396211386,302.68158295506834,1813.5630763406157,365.52120508589894,0.573623776435852,2.0662573039533987
1629,54.3,72.1166566772163,273.93044446285364,1813.2765529633045,393.1640489748895,0.4756011962890625,3.917465324963378
1630,54.333333333333336,72.97444336599708,257.0226675587475,1811.759702017176,407.3844946826994,0.515377938747406,4.9423696401172785
1631,54.36666666666667,73.90436967942118,253.35568333634288,1811.438748206675,412.1906054056052,0.5366155505180359,5.223118143365799
1632,54.4,73.57573317767381,253.25931752405316,1811.5200367645145,411.9129482914456,0.5306039452552795,5.2159657097235295
1633,54.43333333333333,72.73042885525227,257.0130360978663,1811.7730149212957,406.6030150609076,0.5258839130401611,4.916399793849656
1634,54.46666666666667,71.97491200006009,270.2862743186355,1813.0554446319163,394.9337331459224,0.5869396328926086,4.094933605793006
1635,54.5,73.16514833090604,293.2980046167612,1812.595597049737,372.3030014140844,0.4698999524116516,2.60058913520017
1636,54.53333333333333,71.89781171309949,329.9626470473826,1813.8419296105862,339.9448157326818,0.5882583856582642,0.32832848644343776
1637,54.56666666666667,76.2018889244454,373.70659751808046,1814.266205095601,299.28651431113553,0.4809061884880066,-2.451781391174006
1638,54.6,77.08614183096587,412.69142577714996,1812.990143708998,258.261606858176,0.6616604328155518,-5.08377466455201
1639,54.63333333333333,78.61837464884222,438.8582917331099,1810.0015079466164,227.77223918536902,0.6137858033180237,-6.951058657765083
1640,54.666666666666664,79.79216902238727,446.9946247434944,1811.4194411512137,219.42044205064028,0.6502718925476074,-7.487026640245027
1641,54.7,80.20521141910552,447.6870140030265,1810.7850565360368,217.94871579618453,0.6264653205871582,-7.561926528594065
1642,54.733333333333334,79.92719779937863,442.99411745019256,1812.0160050554991,224.18736049832106,0.6763059496879578,-7.199773859228234
1643,54.766666666666666,78.79724900690913,428.7290441692166,1811.993997974491,236.8366453479238,0.6717727184295654,-6.317821716060219
1644,54.8,76.94398036618233,405.05510573432446,1813.1755723291337,265.6452312669903,0.5559151768684387,-4.590688051886132
1645,54.833333333333336,74.56121580646783,364.8244582151741,1814.7324912980973,306.12479246839285,0.5707988142967224,-1.9319755445808164
1646,54.86666666666667,69.90371007747054,317.35310005581977,1813.8609347792506,352.21843493410347,0.5897036790847778,1.1453093199082924
1647,54.9,72.98470771053732,282.3325667866975,1811.7414267150282,385.29687953724266,0.5845859050750732,3.38893830347921
1648,54.93333333333333,73.39329323508441,263.0664720543146,1811.1036389312505,401.53245111528037,0.4481287896633148,4.5558737290564855
1649,54.96666666666667,74.18812698413431,253.72318240956812,1811.8070357266665,412.0631573197126,0.5621851682662964,5.206680023688571
1650,55.0,74.47059747603238,252.9414047878772,1811.997833769083,412.7247422092609,0.5506114959716797,5.254153218514893
1651,55.03333333333333,73.36927164438367,254.33468720650077,1812.3519570186616,409.66686668885944,0.5478717684745789,5.10431830105486
1652,55.06666666666667,73.46190806441605,266.6838914190948,1812.5462065225959,398.9126245441049,0.5483154654502869,4.348034934110577
1653,55.1,71.77176524103879,285.83480154250265,1813.0274957778931,380.40926052632074,0.5647788047790527,3.108904828462621
1654,55.13333333333333,70.43019117476344,318.2602234646976,1813.9716419044853,349.94116787124574,0.5808396339416504,1.0409759251030801
1655,55.166666666666664,74.6747277323544,361.45090126945377,1814.155293156457,311.37306025191543,0.5949592590332031,-1.6490305821077524
1656,55.2,77.17268840012997,404.86091264100077,1813.1474863539338,268.00052780893833,0.5441527962684631,-4.507747871212516
1657,55.233333333333334,77.92633448420465,432.7103575895131,1812.0370747255802,237.6576587732196,0.6098895072937012,-6.417652613512457
1658,55.266666666666666,79.99693389807939,446.2519018148035,1811.6857183264256,221.00381629422753,0.6587095856666565,-7.411094481551671
1659,55.3,79.62812653261423,448.9010770910025,1811.2327402548433,216.73406712267698,0.5898269414901733,-7.636460368327677
1660,55.333333333333336,79.23169293842614,444.7935539333202,1811.9460628411055,222.25404346533418,0.6700950860977173,-7.31866287252525
1661,55.36666666666667,78.08641911874712,432.8135959498942,1811.079847973162,233.61724726481737,0.5859313607215881,-6.557002025387505
1662,55.4,77.49434300398677,410.707654388842,1813.3439723216177,258.3587888886094,0.6528430581092834,-5.015778523882865
1663,55.43333333333333,76.26056307867579,373.84149438102844,1814.395686973852,298.8587102881819,0.49024271965026855,-2.4701962718547366
1664,55.46666666666667,69.53247353930921,321.4073484361291,1814.4087377855956,346.1988380573183,0.5059922337532043,0.8140131085316464
1665,55.5,72.57797245402038,284.8844226400815,1812.664997722268,382.57872580023707,0.6044869422912598,3.213403153868027
1666,55.53333333333333,73.98595721349716,263.8979779074371,1810.8765272091032,401.57262284685373,0.496934711933136,4.532074685783768
1667,55.56666666666667,74.47016560941488,253.37095130205006,1811.2673849214195,412.8609287597954,0.5676629543304443,5.2467526215810345
1668,55.6,74.55702590835989,252.34871751296706,1812.0658120263695,413.6640758056298,0.5356994867324829,5.304300650487031
1669,55.63333333333333,73.3874169851631,253.95837007000745,1811.8485296361685,411.07981937894374,0.5607456564903259,5.164339507266455
1670,55.666666666666664,72.42241976115406,265.90920428571997,1812.8227844022513,398.74351204221546,0.5312624573707581,4.3645808090872285
1671,55.7,71.96669037051797,284.5618227245681,1812.9092417808056,381.5000923300341,0.5791950821876526,3.187023194493585
1672,55.733333333333334,69.78177767463923,316.88557314533443,1813.5141210430324,351.50389084115625,0.5919902324676514,1.1373436845664002
1673,55.766666666666666,74.90562146050185,359.5885357668638,1814.3020479636966,312.57298250157834,0.5738097429275513,-1.5483169806157837
1674,55.8,74.52756644327194,402.25833460882905,1813.3108710092008,269.21457349552065,0.5171780586242676,-4.37548586624189
1675,55.833333333333336,77.80572111332566,432.00265740542415,1810.7137457134427,235.58315620613433,0.6186089515686035,-6.466691347125383
1676,55.86666666666667,79.34789575892388,446.09307947615684,1811.600090490842,220.83311502003298,0.640678346157074,-7.409097199517846
1677,55.9,80.1067909588039,452.0876993433118,1810.6744609302402,216.10609617697,0.5909250378608704,-7.765006838619484
1678,55.93333333333333,79.26922877573371,445.28473310772927,1811.978150932169,221.25568771822006,0.6570607423782349,-7.367135771180103
1679,55.96666666666667,77.80976890008748,432.4395228708863,1810.928705722195,233.55983384705485,0.6170574426651001,-6.5461990311791505
1680,56.0,77.53810375218242,409.12446803598107,1813.627686450517,259.38979520566465,0.6397796869277954,-4.929461330492078
1681,56.03333333333333,73.16335555830598,368.17447023985386,1813.7232842106462,302.2485091504991,0.4997621774673462,-2.1691149552489284
1682,56.06666666666667,68.89377789670824,318.72530768725875,1813.42962966429,350.9030759634286,0.557079017162323,1.0566944088266905
1683,56.1,72.94562687338889,280.71199148108064,1811.5645162240387,384.0052948184371,0.5754094123840332,3.400010131909551
1684,56.13333333333333,72.72426252461374,258.90565938416717,1811.9897861445784,406.5902068147898,0.4905557930469513,4.853458109395263
1685,56.166666666666664,74.83512479489445,252.14764834588877,1811.5689734032035,414.0694445151031,0.5372797846794128,5.326488881536104
1686,56.2,74.47743856436014,251.86065088892374,1811.614473333919,414.22408422393204,0.5139288902282715,5.3397003773256655
1687,56.233333333333334,73.3058975777477,254.39126097401976,1811.9167587037086,410.619620640713,0.5561453700065613,5.134702487107225
1688,56.266666666666666,73.70681776815951,267.9457603231995,1812.365918210876,398.0413505122393,0.5733079314231873,4.279196384306243
1689,56.3,70.3849607131958,290.5468709770858,1813.2506600590766,376.632148119694,0.46167775988578796,2.8277094741738336
1690,56.333333333333336,73.13434336427152,326.1251152154565,1814.1959183425545,343.98357710378764,0.5149670243263245,0.5876751445215692
1691,56.36666666666667,73.37416613271535,368.67481586729286,1813.9954220143795,302.9656824118316,0.5012449622154236,-2.161911510198779
1692,56.4,76.95723100166619,410.66791181183754,1813.1120661314906,259.37960658152105,0.6207117438316345,-4.980166761215749
1693,56.43333333333333,78.26110954521299,438.5914821285188,1810.1953925172925,227.59114897512197,0.6170085072517395,-6.946073993251265
1694,56.46666666666667,79.37238989697099,447.6027471819073,1811.0951591146827,217.93287786634565,0.6048109531402588,-7.55476851969221
1695,56.5,79.59882122036815,448.8976360437512,1811.1331386431395,216.27608477903604,0.5844568610191345,-7.6515411884589035
1696,56.53333333333333,79.68531951506733,443.83609929612726,1812.4847885123372,223.93300982798934,0.6593918800354004,-7.232530992014764
1697,56.56666666666667,78.67545763060451,428.1010758270763,1811.7962614269613,238.8163183968842,0.6749005913734436,-6.232919558761234
1698,56.6,75.61342215311154,397.5602163861215,1813.573148238188,270.8601138593018,0.6194511651992798,-4.169579727126144
1699,56.63333333333333,73.45310345290899,351.30486791473925,1814.0337712493003,318.57127460945844,0.5658859014511108,-1.077385106911962
1700,56.666666666666664,71.58067776879668,304.1191171111643,1813.9326803974748,364.4744578761034,0.5175765752792358,1.983941312116093
1701,56.7,72.58210583303571,271.5161256517202,1812.7917567037343,395.88914958367815,0.567563533782959,4.087986273957217
1702,56.733333333333334,73.91000791995823,253.58522353527994,1811.8077491039276,411.70872278119697,0.5800544619560242,5.198771052765852
1703,56.766666666666666,74.14517117196023,250.53720408762396,1812.0116006885887,413.2757244416863,0.49448466300964355,5.349731219558047
1704,56.8,74.92556044173688,252.19366942386142,1811.7967386205792,413.7942231121227,0.5444746613502502,5.315564157200236
1705,56.833333333333336,73.16781959028542,257.2741517022014,1811.8632649555325,406.4293888423085,0.5299302935600281,4.90315534678413
1706,56.86666666666667,72.39980865268409,275.42659228093623,1812.3693453724384,390.5183544503331,0.4749488830566406,3.784365191730715
1707,56.9,72.06677277419567,302.48078656583726,1813.6824095160782,363.85796712700034,0.5487886667251587,2.018355003958895
1708,56.93333333333333,73.55707319855392,344.00933722611666,1814.5532951825858,327.48117682833674,0.5535286068916321,-0.5439215626576043
1709,56.96666666666667,76.54692468228862,389.5164486316144,1813.9296303191484,284.263196260893,0.49663180112838745,-3.46682725306084
1710,57.0,79.04918356739283,425.19462135623695,1809.9441522412478,243.0285459941745,0.6120525002479553,-6.00791263346049
1711,57.03333333333333,80.23739237071275,444.7469152676426,1812.4539102119088,223.59401655508577,0.6828646063804626,-7.275619271074626
1712,57.06666666666667,79.91946173501611,452.8646713233829,1810.8515281960904,215.04700562042595,0.6243032813072205,-7.823050314704739
1713,57.1,79.82975020514726,447.6663651159525,1811.1483356616557,218.23446971106975,0.6232524514198303,-7.548772445395561
1714,57.13333333333333,78.71788123036325,439.2092230099797,1809.779241895926,226.29738984423875,0.6322682499885559,-7.011875973222155
1715,57.166666666666664,76.72532014681548,415.13674368335603,1812.5262276200056,253.83127718111874,0.6519796848297119,-5.309166098074193
1716,57.2,76.41944779444002,376.8780502162576,1814.7703133107723,292.7075279782295,0.5984219312667847,-2.7720825765223385
1717,57.233333333333334,74.1316979315281,327.1841359096289,1814.4985512884914,344.15745630227923,0.5672823190689087,0.5587723010194299
1718,57.266666666666666,72.55586708837151,284.9106996246308,1810.9946531974972,381.6179744510189,0.5890535712242126,3.1840141584934902
1719,57.3,73.28363795077503,259.40790474740265,1811.4616812895536,406.62218165070414,0.4347269535064697,4.841089294760684
1720,57.333333333333336,73.99418578588366,250.98873924087434,1812.4427209503174,413.5722550613314,0.5077543258666992,5.342885990395087
1721,57.36666666666667,72.95452260972857,250.24234680195897,1811.7012711657167,414.526251565367,0.47308388352394104,5.397516016432207
1722,57.4,73.83865348762274,253.70861241668612,1811.457575464952,411.859854536536,0.571911633014679,5.200507949635172
1723,57.43333333333333,73.44634567871393,267.5251959037736,1812.6037574954628,398.2623740107477,0.5722753405570984,4.298993481704603
1724,57.46666666666667,70.42774844182432,290.340322224313,1812.9771979077757,375.6902328157902,0.41497334837913513,2.8041010295621565
1725,57.5,73.00931900908351,328.20998542901276,1812.9998936321617,341.17263433110713,0.557424008846283,0.4268364120023953
1726,57.53333333333333,76.10003299693251,373.041211800915,1814.0951811418652,299.98975307020174,0.45656806230545044,-2.406841028293018
1727,57.56666666666667,76.61320969915838,412.47500744562967,1813.235169705385,257.7439141000986,0.6606280207633972,-5.091545635023923
1728,57.6,78.98710802962184,440.90781353926957,1810.1373186614574,226.55042961876393,0.6555163264274597,-7.058645304316414
1729,57.63333333333333,79.36292810184956,452.50222881051303,1810.8995852631808,216.47854962055982,0.5836306810379028,-7.762081307837389
1730,57.666666666666664,79.49285019982756,452.55902214548587,1810.7249549357116,215.97906121743918,0.5947490930557251,-7.781503769979926
1731,57.7,80.2960272951603,443.20426411510704,1812.033579998219,224.7185349584222,0.6769774556159973,-7.190764112352008
1732,57.733333333333334,78.6817465458393,425.26735958424507,1810.6731760701,242.20930467566848,0.6449363231658936,-6.033320078100714
1733,57.766666666666666,76.51121991170719,390.23006194948556,1813.8705258848488,281.2616673197001,0.5528468489646912,-3.5889302694655805
1734,57.8,70.13126295066773,336.805159092176,1814.4930247843563,331.2608724341251,0.49584415555000305,-0.1821085299883231
1735,57.833333333333336,73.85393251848816,293.5123189409852,1812.769619878322,374.7979332475424,0.47630783915519714,2.676343009796436
1736,57.86666666666667,73.18601201222837,265.248545994693,1811.1631295612692,400.2598989025891,0.5590475797653198,4.4419896030960615
1737,57.9,75.18671895068064,251.53110421010928,1812.5365144387604,412.860971881368,0.5434521436691284,5.3052577074510365
1738,57.93333333333333,72.65809352918268,249.0067145745814,1810.8162385859073,415.4547587180048,0.457663357257843,5.47003070525972
1739,57.96666666666667,75.07089359310568,252.58958374210596,1811.8234357199074,411.3077282806538,0.5497331023216248,5.221635848516911
1740,58.0,73.3700312349528,264.2543389225483,1811.2552068653642,400.2871014008403,0.5147894024848938,4.475694649204342
1741,58.03333333333333,71.18757912651897,285.55182791135013,1812.2486553048252,381.28234476925877,0.562557578086853,3.1471826115445682
1742,58.06666666666667,70.28627338731289,320.790835136342,1813.5828230918466,348.33514530988185,0.5415266752243042,0.9052053796140976
1743,58.1,73.95075699243546,364.33742644107156,1814.4447498855234,306.6530661213219,0.5940908789634705,-1.8982318093139865
1744,58.13333333333333,77.30498288973271,407.4918223784268,1813.3094091065288,264.5958023293078,0.6222631931304932,-4.705588623833249
1745,58.166666666666664,78.70373127956688,437.79948843675254,1810.4318562508345,231.86782296460868,0.6242462396621704,-6.781587033883642
1746,58.2,79.72587570664882,449.1154248276651,1810.478296936965,217.33533393618166,0.6008467078208923,-7.627593282435752
1747,58.233333333333334,79.33826277929545,453.2770741105616,1811.2475614919067,214.9987103269875,0.6113178730010986,-7.833649178823562
1748,58.266666666666666,79.60531711915135,444.60532571966576,1811.9322700128675,222.95194187189043,0.676389217376709,-7.291447653903046
1749,58.3,78.47003231683969,427.1549938944414,1811.0143070881843,240.0117464565873,0.6683033108711243,-6.164982959279113
1750,58.333333333333336,76.58384249796346,393.6178493396044,1814.4815022662342,275.95155463101867,0.6262015104293823,-3.873363068597146
1751,58.36666666666667,74.0879445601046,345.44669260396955,1814.4234084497214,327.9356354614854,0.5855148434638977,-0.5764841509437278
1752,58.4,72.474176713413,297.2371504004449,1812.3565427673816,371.2726620440185,0.5442056059837341,2.4365813258077926
1753,58.43333333333333,73.03983215928972,265.97887399347127,1810.755046525085,399.3674706747562,0.571415364742279,4.389468268708735
1754,58.46666666666667,73.74593679095209,251.20795179605707,1812.9519456078767,413.6207612436682,0.5285254120826721,5.334997447567195
1755,58.5,72.91875068882406,247.99311483626963,1810.698201552707,416.49925216118095,0.4164177477359772,5.538447776291361
1756,58.53333333333333,74.48784881711452,251.63977065438218,1811.5525856868744,414.75062585414946,0.533704936504364,5.364359989250147
1757,58.56666666666667,73.53607066034377,263.7307516895831,1810.919085109508,400.33946520109174,0.5070157051086426,4.495860628154879
1758,58.6,71.5146126990676,286.0912398393571,1812.610925114441,380.5554695880227,0.5575243234634399,3.1055721763603232
1759,58.63333333333333,69.17360442166179,320.7711417582274,1814.076354751444,346.67065781527606,0.508766233921051,0.8503763312128062
1760,58.666666666666664,73.49983812510669,365.3885030296341,1814.4585158102393,305.4463251306117,0.5766669511795044,-1.971946655130759
1761,58.7,77.54270425444692,409.0723103514224,1812.4485380591273,263.49060347530843,0.5938466787338257,-4.796641663398868
1762,58.733333333333334,78.63045172666013,438.791745437479,1809.784866901666,227.72527952162028,0.609288215637207,-6.9513292772005535
1763,58.766666666666666,79.71345278839469,451.9753311425567,1811.1677404778004,216.15914297953844,0.589147686958313,-7.755705103904338
1764,58.8,79.46317561504543,453.26123401108384,1810.7460195255935,214.85108592848778,0.6105104684829712,-7.840728729860973
1765,58.833333333333336,79.86186867115498,443.66094839093125,1812.2830086258055,223.77591495581268,0.6813459396362305,-7.233506021057958
1766,58.86666666666667,78.27777736192047,425.60890478639004,1810.318032656324,241.6732611120105,0.665863037109375,-6.061859615847589
1767,58.9,76.48690303315595,389.4364640267372,1813.8267104617537,282.16911183513105,0.508837878704071,-3.533088141570888
1768,58.93333333333333,69.84074309855401,335.97904826307297,1814.0713572052657,332.3645834040269,0.5091355443000793,-0.1187304496981134
1769,58.96666666666667,73.8483268225342,292.63789285776613,1812.9436448765457,376.29987747283576,0.420315682888031,2.7541825553065276
1770,59.0,74.04623238493204,262.52753115490674,1809.8618678191663,402.24596462976336,0.5086836814880371,4.601902916075261
1771,59.03333333333333,73.49577677810193,249.32658920670747,1811.6021151978373,415.2462664027303,0.48010873794555664,5.452933195163105
1772,59.06666666666667,71.15204159007966,243.71579472832678,1810.218619803202,417.00645211174486,0.4150710701942444,5.690498448729499
1773,59.1,75.08194605896622,251.6625280507531,1812.8601672800182,411.8088919161886,0.5610249638557434,5.265267285041072
1774,59.13333333333333,73.97063934609592,266.9338084323913,1811.7660010396837,397.4849935961589,0.5750212669372559,4.296252506824453
1775,59.166666666666664,73.51741068122386,293.17867751628756,1812.6710787860989,373.77457490751146,0.4689265191555023,2.653303959235021
1776,59.2,71.09026604989766,331.6404765735097,1814.6168820907951,337.5419832067013,0.6134800314903259,0.19393459694345616
1777,59.233333333333334,76.36630623289383,376.4659887132734,1814.3219613431932,295.76830466703774,0.6096782088279724,-2.65847875202869
1778,59.266666666666666,76.42326684702374,416.4330664595306,1812.7680100062787,254.44757221523523,0.6032368540763855,-5.329759427195
1779,59.3,80.29441438562274,443.12313692415876,1811.2551973189534,224.61430767664314,0.6740886569023132,-7.194709806381127
1780,59.333333333333336,79.75235658301115,453.6065459232748,1810.4144852541685,214.72239857199193,0.6094045042991638,-7.858905405937056
1781,59.36666666666667,79.72558454111218,452.45496105804443,1810.935034124857,215.7603941637099,0.6046521067619324,-7.785327763166247
1782,59.4,78.94155190525949,440.7294657525569,1810.3054569954932,225.66880423983932,0.6410985589027405,-7.080703841294468
1783,59.43333333333333,76.31261553574912,414.7937743302554,1812.468964775181,254.07978067469,0.6418817043304443,-5.28873231714057
1784,59.46666666666667,76.08713812120259,375.22332262515425,1814.5019272465765,296.27790033284424,0.5518651604652405,-2.6001469774190475
1785,59.5,69.43348061979115,321.35495339307784,1814.4506191926002,346.5518478482276,0.4985114634037018,0.8272557082293808
1786,59.53333333333333,73.22456237267255,280.8389463809371,1811.2729044827104,387.0582509539008,0.5656282901763916,3.4972318106632225
1787,59.56666666666667,74.19830476008356,253.88532375327944,1811.001666645181,411.79483775494845,0.583414614200592,5.195027638019078
1788,59.6,71.03467280565202,243.32189158395528,1809.9997635569632,417.39826676173806,0.42777544260025024,5.716460666844361
1789,59.63333333333333,70.99054560545086,243.7932569110513,1810.3952036735118,416.979370245415,0.4273100793361664,5.685989825735927
1790,59.666666666666664,73.77706503377854,254.296888191998,1812.0078201828837,411.29954424010515,0.5808690786361694,5.16113623747232
1791,59.7,71.78588394903541,275.52905477845667,1812.2690134602904,391.16331779072283,0.4646156132221222,3.8010324435439697
1792,59.733333333333334,70.02007156203688,306.51707185503244,1813.8774518060566,360.30245717345474,0.44970735907554626,1.7666002940323589
1793,59.766666666666666,72.15269481281042,349.118042139785,1814.2417545672954,321.2815536421776,0.5989474058151245,-0.9154397591983553
1794,59.8,76.40990233261958,395.52013147847725,1814.2439949363948,275.9791984338164,0.6271138191223145,-3.9350239351650176
1795,59.833333333333336,78.56792013079821,429.41238934335115,1810.2936606689452,239.2723916752815,0.6665818095207214,-6.265862035758981
1796,59.86666666666667,79.59620073053837,447.4034695398867,1811.048805214107,219.70509340929166,0.6428669095039368,-7.491813233195058
1797,59.9,79.71890118553043,453.8065497434258,1810.4409665644587,213.70990317986607,0.5899214148521423,-7.898022431620452
1798,59.93333333333333,80.04860297996402,446.1369927499652,1811.1289291097999,220.0336629268289,0.6529200077056885,-7.44150449655013
1799,59.96666666666667,78.23653773409426,429.6596200182781,1810.8440116991817,236.3332650465943,0.6712613701820374,-6.366793856865528
1800,60.0,75.5160131784521,396.8020278376222,1813.7192061574221,272.4166323129296,0.6253670454025269,-4.093094850919877
1801,60.03333333333333,74.01733995496333,348.6697886738107,1814.0093823387385,322.4083738153935,0.6326162815093994,-0.86469016126315
1802,60.06666666666667,72.02729966633916,300.2378958308,1813.100045898211,369.1203065151274,0.5641599893569946,2.2656228371077343
1803,60.1,73.50960692412853,266.2580230937019,1810.5567241750598,399.92217421753406,0.5827355980873108,4.400185586883333
1804,60.13333333333333,73.76098909455538,249.34615088774265,1811.5286208506823,416.07155385388137,0.49490711092948914,5.480313980155371
1805,60.166666666666664,72.9431847278744,243.43361583589316,1809.756274966681,418.4056630685866,0.4795893728733063,5.752748643677259
1806,60.2,73.86923888680339,250.5775566585973,1812.4497323552966,414.3355468174219,0.5273299217224121,5.380850238602962
1807,60.233333333333334,73.63357531607747,265.2451422652304,1811.3683860771298,399.28091987479627,0.559194028377533,4.410631912823317
1808,60.266666666666666,73.4660937317282,292.84923738030193,1812.9782827272118,374.7682452109992,0.4367026090621948,2.696243396122475
1809,60.3,71.89550842447281,331.01577402604073,1814.0119720196963,338.2752959776759,0.5945383310317993,0.23875416500655688
1810,60.333333333333336,76.53913703476191,375.7916894687295,1814.440434039879,296.40874930054844,0.5754268765449524,-2.6153085648621786
1811,60.36666666666667,78.385789578712,415.72885331903694,1810.8351790993333,252.81967193758115,0.6476328372955322,-5.371956011833866
1812,60.4,80.33736759423017,443.46502048148585,1811.1522292955756,225.04650364532472,0.6716111898422241,-7.192367258456961
1813,60.43333333333333,79.68396479255557,453.8850316564202,1810.88096151703,214.23961183194518,0.6076446771621704,-7.881230525807134
1814,60.46666666666667,79.88428321034313,452.91598415056467,1811.1347085938276,215.96181345626115,0.5969716310501099,-7.793579534408351
1815,60.5,79.33034186170102,439.1837449407041,1809.2716427318096,226.73890224223732,0.6274105906486511,-7.001134142017833
1816,60.53333333333333,78.01669039681852,411.19114848540204,1811.7450032746792,255.65035708642603,0.6504265069961548,-5.126544934489989
1817,60.56666666666667,73.89138395684361,367.3172276965022,1814.2628382499993,303.53584159407916,0.5032219290733337,-2.0988447511626456
1818,60.6,70.28143075335026,315.58878625628466,1814.0304022340595,353.98972333611846,0.5873106122016907,1.261566936465751
1819,60.63333333333333,71.74814915584327,275.01042256674765,1812.7027997742653,393.12819287199676,0.4774022698402405,3.881372859563113
1820,60.666666666666664,75.11311525372639,252.13479052352272,1811.2731778572083,414.75758735743466,0.581760823726654,5.351172793325864
1821,60.7,73.38185142752826,242.75389488077164,1809.5387270126819,418.922978743428,0.510007381439209,5.794012521239657
1822,60.733333333333334,71.52968654556274,244.04486906319858,1810.3042658637523,417.1285337857306,0.42220497131347656,5.6846940205418415
1823,60.766666666666666,73.39679069294631,257.7808387501359,1811.4756867424012,407.3677702384174,0.519405722618103,4.919012632911556
1824,60.8,71.68938839234113,284.3228098009538,1812.7529817856669,382.9958926804513,0.5805290341377258,3.243712575932594
1825,60.833333333333336,70.03852970127463,319.97601467400193,1813.5674841789485,348.87222384552285,0.5490239262580872,0.9494991533620256
1826,60.86666666666667,74.73480383942277,364.03125865168295,1814.6972498538971,307.0864987841606,0.5946347117424011,-1.8744831399414317
1827,60.9,77.91692671309113,408.16594913668035,1813.2363109354317,264.7747808300406,0.6295965909957886,-4.723675907222264
1828,60.93333333333333,78.8152272854954,439.09666822028163,1810.0502762213289,227.4479311131716,0.6096314787864685,-6.969996129827901
1829,60.96666666666667,79.35205951288343,453.33681338119504,1810.917453975004,215.08667009043097,0.6115220785140991,-7.83426925241131
1830,61.0,79.53932820374668,453.7664266117632,1810.2526080639898,214.22589754463434,0.5920419692993164,-7.8799984149507605
1831,61.03333333333333,80.56780233527422,442.54042958125325,1811.5347331573128,224.52915976517795,0.6859784126281738,-7.1784728313882695
1832,61.06666666666667,76.94399924204052,416.8242579892397,1811.971404096198,251.96771048847776,0.6096739172935486,-5.427759766490381
1833,61.1,76.11720657680146,376.49819092734157,1813.8498353407085,296.0112712422073,0.5766881704330444,-2.6518851427760417
1834,61.13333333333333,73.70130363096595,325.0239011202097,1814.5226663906276,345.5217955213845,0.49296489357948303,0.6746175053453799
1835,61.166666666666664,74.00548917047978,281.08481875344813,1810.711257571584,385.6380235731602,0.5470471382141113,3.4451639057655807
1836,61.2,74.22521674368977,252.8626655014716,1810.400231594634,410.9920686602056,0.597184419631958,5.204094477993175
1837,61.233333333333334,73.67987606050075,240.50387479376198,1810.0165005851507,419.24651225454807,0.5496769547462463,5.877461260335142
1838,61.266666666666666,73.07090876471102,241.9514339832306,1809.7151785350204,418.3193904163301,0.5218591094017029,5.798891818963089
1839,61.3,73.39378465828895,254.25077273473443,1811.454176074767,411.13176725942344,0.5710018277168274,5.157661217595506
1840,61.333333333333336,73.29988485754133,279.8106902981162,1810.8748885708928,386.7155538904786,0.5569902658462524,3.5207034418193226
1841,61.36666666666667,70.45784712753891,315.16500856778845,1813.7042929276704,353.59948731536866,0.5875688195228577,1.2630323792326847
1842,61.4,74.64828666886538,358.4879669222176,1814.6752683746279,313.49375641038415,0.5333414077758789,-1.4812436994935405
1843,61.43333333333333,74.557429678154,402.03527360245585,1813.5932343209386,269.3939764860988,0.5261790156364441,-4.361670030621173
1844,61.46666666666667,78.68433405715822,436.84071503881216,1811.6135560106038,235.39204945122674,0.5949553847312927,-6.630729137090343
1845,61.5,79.9905785918951,453.1407036288917,1811.0358246986627,215.75467456171512,0.6163780093193054,-7.808522625193027
1846,61.53333333333333,79.69146089485884,454.55180464068053,1809.2790260128916,211.98730594035388,0.587489128112793,-7.983328515352246
1847,61.56666666666667,79.98969771851301,443.9514516792082,1811.5818177922606,222.9128762222141,0.6789485216140747,-7.274492569391557
1848,61.6,78.29056130808294,421.4074681049943,1811.7588567258715,249.97545702921153,0.5586588382720947,-5.647923051589434
1849,61.63333333333333,76.23191288888715,377.6484826878041,1813.9780006820918,292.14223724864723,0.6005386114120483,-2.8169816552292684
1850,61.666666666666664,73.2628489050299,327.0046360446751,1814.093527443117,344.1144826990664,0.5549692511558533,0.5631164758357124
1851,61.7,72.92382156879604,282.29218047783974,1810.4164513809144,384.3332040572345,0.5664888620376587,3.3610572228457936
1852,61.733333333333334,74.57683069743067,253.05278385027052,1810.91010528121,413.51299886079283,0.6069741249084473,5.279893270522443
1853,61.766666666666666,74.4178321841076,239.4554308721274,1810.6622136258006,423.8408643337667,0.5931165218353271,6.061968236007536
1854,61.8,73.81312464879751,241.43815253490806,1809.929964972663,418.73480639797447,0.5461388230323792,5.830975911909831
1855,61.833333333333336,73.88825403580665,254.11133329887986,1811.8089441410184,411.3414677923448,0.5738346576690674,5.169490783116996
1856,61.86666666666667,72.46465004608929,281.83976347486976,1811.9704086658835,385.5360249444306,0.5781086683273315,3.4115065382639997
1857,61.9,69.82363000848294,317.0666940559715,1813.7901876288354,351.9814331301212,0.6231810450553894,1.1469256543309478
1858,61.93333333333333,74.55250850326419,360.9628770211697,1814.7009174114467,311.74630105745194,0.5751245617866516,-1.6200632808223758
1859,61.96666666666667,77.71291676324456,405.8522653362453,1813.2929463206947,267.4603356345102,0.5549399256706238,-4.559013096120795
1860,62.0,78.87164245241284,437.9122901313543,1810.3782791885258,232.11034736737608,0.6401045918464661,-6.778213721915602
1861,62.03333333333333,79.28649779937267,453.56376151257155,1811.1434821794987,214.86962202122808,0.5979461669921875,-7.8473821765905605
1862,62.06666666666667,79.6430636283934,454.02293433706166,1809.5321491015493,211.87595139487982,0.585520327091217,-7.968392583092882
1863,62.1,80.38139043480157,442.861155145745,1811.343406590867,224.3635716246724,0.6770889163017273,-7.194338333045595
1864,62.13333333333333,77.13778813164234,413.67728380770984,1812.975952535063,255.06448104018867,0.6598290801048279,-5.220922939257965
1865,62.166666666666664,76.76506315774769,373.59391862503884,1814.2491270001829,299.89997652913814,0.47052985429763794,-2.4286971749859667
1866,62.2,69.96170539237858,319.5126062805057,1813.7397517696857,350.3317573261678,0.555302083492279,1.012527634390096
1867,62.233333333333334,74.51320940044522,277.8981111073971,1812.1902963584423,391.74178169968127,0.4674541652202606,3.7483681706050502
1868,62.266666666666666,74.90529720797241,250.92536886262445,1811.333253548801,413.9926564391762,0.5532947778701782,5.364890715976928
1869,62.3,74.3005824043721,238.78749626321493,1810.0536507506968,424.8925711753011,0.5510649085044861,6.119796014755828
1870,62.333333333333336,73.5813555798471,242.90274642701746,1810.0686825696648,418.38819183460475,0.4988058805465698,5.770589543289162
1871,62.36666666666667,73.1675535925597,258.60517307893036,1811.4083316053986,406.76472388710977,0.4730260372161865,4.87185015076767
1872,62.4,71.49536496477722,288.15804260216953,1812.8126789653063,379.47449448082597,0.5309343934059143,3.0018991946358278
1873,62.43333333333333,73.20322071990668,327.2967210742712,1814.3525649673402,343.16658656864763,0.5459127426147461,0.5222131799969641
1874,62.46666666666667,76.39077875591367,372.9011720259845,1814.4480143241703,300.1532351524243,0.46996456384658813,-2.3967669987455293
1875,62.5,77.46096788314432,412.9086456817515,1813.4504824974179,257.37101696535944,0.6512383222579956,-5.1197993483128945
1876,62.53333333333333,80.01405582020283,443.6901588085972,1811.046400820309,224.76346427411437,0.6767489314079285,-7.208029157266147
1877,62.56666666666667,79.19507420746982,454.90121456677315,1809.3793462089895,211.44044238764047,0.6175988912582397,-8.009716977239414
1878,62.6,79.40577716779113,452.92481371291876,1810.8094280894875,215.0719278282225,0.591366708278656,-7.822089838837159
1879,62.63333333333333,78.89448766491711,437.2076947004914,1810.1626487613619,231.5003664163053,0.600826621055603,-6.776051080606636
1880,62.666666666666664,74.41773585214167,402.03254289497136,1813.0826623176397,266.99490622240455,0.5194851756095886,-4.441100358214593
1881,62.7,72.62835993022323,355.002702123785,1814.1637326177417,316.3603348171875,0.49116989970207214,-1.2711090149220665
1882,62.733333333333334,69.8447141885817,304.11837335895893,1813.7721101977527,363.6580594896525,0.45699408650398254,1.9553842724429105
1883,62.766666666666666,73.3119829808563,266.60992550093084,1809.1734522532283,399.1882474387586,0.5758798718452454,4.36754869839337
1884,62.8,73.61844750904143,243.80245357630253,1809.5079923423468,418.46858780301216,0.45948317646980286,5.745792971268318
1885,62.833333333333336,74.92398680266291,238.42753429846763,1810.1466900726675,425.79716239865127,0.5679915547370911,6.162928895133681
1886,62.86666666666667,73.77886409833133,248.15013680858016,1810.680120650202,416.42643387349847,0.4679897129535675,5.533719422116907
1887,62.9,74.32045347591043,268.2394303621333,1810.9963641747117,396.588373680266,0.62215656042099,4.226757363154758
1888,62.93333333333333,71.98988728148342,299.60487884748613,1813.4775196691871,367.218590923205,0.5736536979675293,2.223406861255428
1889,62.96666666666667,74.17054466464222,342.5894092555404,1814.6311804448903,329.26745895370544,0.5144944787025452,-0.43854862643049697
1890,63.0,72.54464658398032,385.85421637071966,1813.7735109166085,285.61797607824803,0.48001766204833984,-3.2946743608293203
1891,63.03333333333333,79.30699285905064,425.2212100636512,1810.0079231348336,243.17736803333165,0.6349915266036987,-6.004578997030574
1892,63.06666666666667,80.46016438118815,447.55012823212445,1810.822056255579,219.56267432701253,0.6277658939361572,-7.505890733653137
1893,63.1,80.05541738173366,455.00818166851997,1809.00030552482,211.76252007107735,0.6346805691719055,-8.008394000485774
1894,63.13333333333333,80.07564492493867,446.4277180668801,1811.1299414632977,220.40489309751206,0.6501361727714539,-7.438995208463517
1895,63.166666666666664,78.73179490748643,424.8212386563182,1810.2627541632116,241.9040217328131,0.6367160081863403,-6.030303885084878
1896,63.2,73.54483578442336,383.62372411837873,1813.4933332990706,286.31518085125686,0.5033770203590393,-3.2009953074581103
1897,63.233333333333334,71.15949879238009,332.3906486589428,1814.6226381427227,337.2949758960962,0.5932289361953735,0.16117146645523067
1898,63.266666666666666,71.41987064450979,286.18053111017645,1812.7464498708785,382.16600646274685,0.5397561192512512,3.1550674072480493
1899,63.3,74.18655377898813,253.2067231996715,1809.9506112561703,411.3296434232146,0.6071494221687317,5.205107591654023
1900,63.333333333333336,75.18684093862623,238.35542005859912,1810.0413332768917,426.49361886321304,0.5823751091957092,6.189316033025827
1901,63.36666666666667,74.82654029325097,238.76771609954537,1810.0300624368788,425.5479505179882,0.5884355902671814,6.143758543966325
1902,63.4,73.80841436280608,253.9689175524205,1811.493054267645,411.78496340299546,0.5999593138694763,5.1893507012725
1903,63.43333333333333,72.36088815184831,283.25045485883953,1812.519990342176,384.0277067540586,0.5822639465332031,3.314449200071844
1904,63.46666666666667,69.9739417216897,319.90507572751045,1813.5565999685823,349.06930792840274,0.5629603266716003,0.9582749633635965
1905,63.5,74.1597760960281,364.1932248512963,1814.8699526741923,306.79739874372484,0.6054131388664246,-1.8885094469505248
1906,63.53333333333333,77.38672674628943,408.3194402386904,1812.759327979368,264.5238453882575,0.6289788484573364,-4.73679361943986
1907,63.56666666666667,79.4517654842168,440.6240184828401,1810.0938039503098,226.97619824925064,0.6480982303619385,-7.037559533754206
1908,63.6,79.30695011716485,453.7449445833623,1810.837745782119,214.13929510726928,0.5888944268226624,-7.878439036378974
1909,63.63333333333333,79.5615157987088,453.1358753145456,1810.941474914813,214.7901320940137,0.6051297783851624,-7.8382027321822685
1910,63.666666666666664,78.7564270345658,437.36214217931627,1810.0049433528065,231.43457862642407,0.5917081832885742,-6.783314376665639
1911,63.7,74.90071764272302,401.38520206430553,1813.507544433683,267.47412211655455,0.5462967753410339,-4.404343284445395
1912,63.733333333333334,72.71933918008506,353.24550899766683,1814.3138026331783,316.8682796047762,0.5009045600891113,-1.1965809093361326
1913,63.766666666666666,70.69657900155782,303.72178550344705,1813.5561452122747,364.91289920451936,0.47068676352500916,2.010806319145624
1914,63.8,73.93999753630459,265.3864497601539,1808.2924799356044,400.5909957748175,0.5734331011772156,4.457579475467284
1915,63.833333333333336,74.09787803471684,241.18673261276484,1810.1033936271906,422.8395460532546,0.5427446365356445,5.973599101161437
1916,63.86666666666667,74.92472990397663,237.80611295010596,1809.9691355059267,427.08029138388036,0.5390447974205017,6.2257183334562605
1917,63.9,74.61650894464255,249.1914146299839,1811.076031578386,414.5401409425348,0.4945583641529083,5.439404319159566
1918,63.93333333333333,71.9147166713357,270.83507774546445,1812.2864573568224,394.748661648345,0.5622438788414001,4.072557911438625
1919,63.96666666666667,70.74419389624596,305.30766567993163,1813.8661228197218,361.76246575077175,0.4620737135410309,1.8550001991993574
1920,64.0,72.61853558844626,347.98855114366006,1814.7179304176987,321.57378316972256,0.6209763288497925,-0.8686868032846126
1921,64.03333333333333,76.72160583354831,394.4268264220521,1813.8132270240187,277.03017844632865,0.5997141003608704,-3.866301468783198
1922,64.06666666666666,78.39401467967629,429.9412448934257,1810.320910465324,239.10000931064783,0.6501850485801697,-6.2880612117647505
1923,64.1,79.42037232848406,452.4840802152753,1810.9537529011905,217.14305337952376,0.5781971216201782,-7.739917987710608
1924,64.13333333333334,79.34232998432518,454.28730396577714,1809.5608126346172,212.17561931233405,0.5819591879844666,-7.965748605977637
1925,64.16666666666667,80.11356370350718,442.36803105280995,1811.0059001714826,224.90656323985456,0.6799963712692261,-7.160862996269246
1926,64.2,77.43110215317756,412.01856163684795,1813.4448410024227,257.1312792467594,0.6419143080711365,-5.098434330658478
1927,64.23333333333333,73.13995253164768,368.0401331437349,1814.0620394741654,303.3617378379643,0.484340101480484,-2.1276629957502795
1928,64.26666666666667,70.17917306973933,315.736350745631,1813.862957750535,353.1993338753343,0.5867955088615417,1.2308083946536097
1929,64.3,71.8900391988039,272.82796112886666,1813.4047074564933,395.4310342818551,0.529585599899292,4.026993284929758
1930,64.33333333333333,74.37512273442745,247.78830613387228,1810.3176542713047,417.9406851583302,0.469076931476593,5.598094929478171
1931,64.36666666666666,75.21514279289394,237.20007727036028,1809.5163058376431,428.2241774889765,0.5465186238288879,6.285490558968385
1932,64.4,73.25770056895017,243.4017716122389,1810.0381982756555,418.1358832283795,0.4791584610939026,5.745085225010407
1933,64.43333333333334,73.59587610496283,266.6395016925901,1810.4226161928057,398.70367226538957,0.5986524820327759,4.3482674013114195
1934,64.46666666666667,72.36722436521053,298.3907149526641,1813.2827802607953,369.0043553727388,0.5528885722160339,2.322712884431658
1935,64.5,69.99676855573058,337.44476125491263,1814.3608000486433,330.8533682033509,0.5013529658317566,-0.21650137167783975
1936,64.53333333333333,73.16862951647639,384.0445539999008,1813.7567387402714,287.24630871068837,0.5268216729164124,-3.183075824890691
1937,64.56666666666666,78.15619296916425,424.95649285878835,1811.837365542388,247.7709911138892,0.587435781955719,-5.835475921661594
1938,64.6,79.62364492655992,447.4990668660879,1810.935673300469,219.86406260536947,0.6213218569755554,-7.49035305963838
1939,64.63333333333334,79.08257973373235,454.69410084003806,1808.739082306397,212.14674402251245,0.5871938467025757,-7.982457550101788
1940,64.66666666666667,79.57489053753615,443.7033398257937,1811.0837034214378,223.4666110212356,0.6878087520599365,-7.248729577443762
1941,64.7,75.95628020712813,415.72108818151355,1812.0479541627408,253.14413475927114,0.6052346229553223,-5.349882562630069
1942,64.73333333333333,76.11090274529941,374.9183534120798,1813.8713924386143,296.864098787418,0.5276092886924744,-2.571801744729543
1943,64.76666666666667,69.1962141198665,320.99931399985553,1814.1454607870162,346.67224729271385,0.5071350932121277,0.8429154063398642
1944,64.8,70.83670512811541,287.9643845417917,1813.5897299202322,379.4678087928824,0.5323092937469482,3.005560843886345
1945,64.83333333333333,70.61735984527469,289.2865668097556,1814.2198143111646,377.63044713075163,0.5094766020774841,2.9005503287318057
1946,64.86666666666666,72.92179490912557,308.8793350446641,1814.0999404616953,358.00694800392387,0.4722181558609009,1.6161805689825666
1947,64.9,70.25422651938796,334.39470961500706,1815.1224869228602,333.28671387953756,0.5638879537582397,-0.0363829592575902
1948,64.93333333333334,72.68361065195799,354.0688400854468,1816.3269545659602,315.21939984132496,0.5478780269622803,-1.2763738336169366
1949,64.96666666666667,71.51735251903534,360.9644669325352,1817.0811290655822,308.49566100665334,0.5043094158172607,-1.721699476775684
1950,65.0,71.48692463563681,350.2731775105476,1816.808450587842,318.2284560462594,0.6052384376525879,-1.0518526243638666
1951,65.03333333333333,70.49426321422457,335.72642809670566,1816.388180256185,332.2157121140674,0.5558558106422424,-0.11521257723450112
1952,65.06666666666666,68.50069602411688,323.5100070848703,1815.3189117067277,343.20912233873605,0.49089154601097107,0.6461051938050596
1953,65.1,70.32272549000382,320.59324135105015,1816.4427145631641,346.63482980920674,0.5421572327613831,0.8544444304919502
1954,65.13333333333334,70.5233064340949,323.796743086791,1815.739300934595,343.9009195038199,0.5044823288917542,0.6599948171997508
1955,65.16666666666667,67.40903643103837,327.52997070478796,1817.1925625859112,339.789504303658,0.48346495628356934,0.40142567940155943
1956,65.2,70.36628836713433,333.1214928419292,1816.8304544143916,335.4102336060345,0.5454911589622498,0.07508605882748796
1957,65.23333333333333,70.4453730058074,335.4465351357877,1817.2062443286388,332.68652977007105,0.5590802431106567,-0.09053129703262305
1958,65.26666666666667,70.48430760929584,335.4795077886194,1817.2149858036548,332.618744881849,0.5591343641281128,-0.09383787451541777
1959,65.3,70.50307194804549,335.55929191886486,1817.1345789870531,332.65184136681927,0.5614784955978394,-0.09537472056385925
1960,65.33333333333333,70.56542736923099,335.5119605959773,1817.1530187478274,332.68082074506583,0.5580996870994568,-0.09287379768339342
1961,65.36666666666666,70.49378285617829,335.5948815901041,1816.999262949875,332.61579569173006,0.5544251203536987,-0.09773166198826141
1962,65.4,70.45278969932795,335.5315641510427,1816.9301703660637,332.6374512912408,0.5578457713127136,-0.0949455757941656
1963,65.43333333333334,70.50191032339335,335.63476844809355,1816.873176773423,332.6128081532441,0.5589525103569031,-0.09914581238104463
1964,65.46666666666667,70.74896753569246,335.5417263055921,1816.914361075458,332.62491826381387,0.566432535648346,-0.09570721973150162
1965,65.5,70.68470586979389,335.57581523762343,1816.8182384796858,332.67775124847145,0.5625696182250977,-0.09509392023658318
1966,65.53333333333333,70.64502664624453,335.546680025065,1816.9333875065834,332.6191692089714,0.5646979808807373,-0.09605163778710822
1967,65.56666666666666,70.67742629745007,335.58434235231874,1816.886721394974,332.6425209779114,0.5629268884658813,-0.09652553668465054
1968,65.6,70.91603363419772,335.4660252187401,1816.8229081934303,332.66000729088336,0.5696620941162109,-0.0920855793725736
1969,65.63333333333334,70.74523185148239,335.5042904886365,1816.7771236060946,332.71221780614854,0.5653582215309143,-0.09162137598921934
1970,65.66666666666667,70.72571204447746,335.47011585586966,1816.8300343723058,332.701840531905,0.5622280836105347,-0.09083670298300955
1971,65.7,70.59586132761837,335.51426605424285,1816.764526682803,332.6614649627596,0.5699344277381897,-0.09360683200257494
1972,65.73333333333333,70.92994535864591,335.5527168282628,1816.8399728370875,332.62159410585684,0.5730823278427124,-0.0961909839585341
1973,65.76666666666667,70.79080424813628,335.55899511226716,1816.7256185489089,332.5047040522464,0.5734225511550903,-0.10023158206990097
1974,65.8,70.76930746619105,335.461641246435,1816.7983270528644,332.53798099692983,0.5733177661895752,-0.09593954887835822
1975,65.83333333333333,70.69135451115369,335.5642493267238,1816.8654656599074,332.52748347045184,0.5721859931945801,-0.09964280790264476
1976,65.86666666666666,70.76416195064186,335.4825619892597,1816.9549524151892,332.48439606968014,0.5761581659317017,-0.09837532393673475
1977,65.9,70.72794503680467,335.44879655038415,1816.869850717032,332.3220041326791,0.57002192735672,-0.10259865872213325
1978,65.93333333333334,70.76735262156726,335.42176371789276,1816.8283212254523,332.34705646456706,0.5695337057113647,-0.10089428143036529
1979,65.96666666666667,70.71924652063846,335.4175340069115,1816.87170922969,332.4175804947447,0.5628919005393982,-0.09843613861863021
1980,66.0,70.83285098162294,335.4437710158646,1816.8895894405991,332.45933831369507,0.5691025257110596,-0.097932230830569
1981,66.03333333333333,70.59413038972616,335.4928332766444,1816.8690535917103,332.5293579841964,0.5646108984947205,-0.09723237830177266
1982,66.06666666666666,70.76191029942035,335.5010349455088,1816.8893095571846,332.553114390786,0.5685210824012756,-0.09673019604780626
1983,66.1,70.66310754874945,335.5530307750076,1816.8850301614732,332.51467305469515,0.5659103393554688,-0.09969231063483579
1984,66.13333333333334,70.74765186668039,335.54340300251243,1816.9863655315996,332.463884032578,0.5691041350364685,-0.10104188826823901
1985,66.16666666666667,70.78470712897777,335.5043965839773,1816.9689643769532,332.57891150545777,0.5701648592948914,-0.09599089586756691
1986,66.2,70.89515302969217,335.41587553495765,1816.9559302714288,332.5156528093688,0.5732765197753906,-0.09516871988164428
1987,66.23333333333333,70.89921025438309,335.3818688322395,1817.0242793199986,332.51078262099253,0.5702620148658752,-0.0942091590052828
1988,66.26666666666667,70.86552878053189,335.3421594507098,1817.1966966158182,332.53391091712865,0.569191575050354,-0.09213639031855991
1989,66.3,71.08209866132736,335.4926885617316,1817.0418644600213,332.61716077426746,0.5737550854682922,-0.09436383378152356
1990,66.33333333333333,71.04320137562752,335.41103897598384,1817.0802722751916,332.5245573869869,0.5737584829330444,-0.09471910120773487
1991,66.36666666666666,71.02950010614991,335.3958777565092,1817.036178487429,332.5932207077473,0.5736928582191467,-0.09197002759932771
1992,66.4,71.12402432896495,335.4097662658215,1816.933426560083,332.56435013689025,0.5790197849273682,-0.09338372824586963
1993,66.43333333333334,70.97092332802416,335.3918070800573,1816.9935396594942,332.4386639333643,0.5739340782165527,-0.0969073800512458
1994,66.46666666666667,70.9641024173379,335.31825697318317,1816.9443187981128,332.4417093198467,0.5720793008804321,-0.09439619615266084
1995,66.5,70.91710890722274,335.33618209561706,1816.8606154322088,332.4534444625784,0.5714316964149475,-0.0946013139073706
1996,66.53333333333333,70.943743827945,335.35167895822525,1817.002814214781,332.253447883597,0.5767024755477905,-0.10166630742241947
1997,66.56666666666666,70.91356675480009,335.44244688526095,1816.8419435200751,332.40017310238665,0.5747398138046265,-0.0998375842811227
1998,66.6,71.05958735624552,335.3986308112741,1816.912679605332,332.4002794418119,0.5801700353622437,-0.09840043863308087
1999,66.63333333333334,71.08759912979603,335.493453359434,1816.8831651398987,332.4858767939694,0.5809236764907837,-0.09870644458167689
2000,66.66666666666667,71.21012254225612,335.3225561126083,1816.8872943966,332.63645553548037,0.5828148722648621,-0.08816183624135127
2001,66.7,71.06661394869685,335.393281132707,1816.9792907731653,332.51494599526524,0.5794281363487244,-0.09445850767837974
2002,66.73333333333333,71.01438466605543,335.4082073802918,1816.9010308142274,332.49926324884666,0.5753589272499084,-0.09546442646021168
2003,66.76666666666667,70.99175055941343,335.4152968922704,1816.8863623197406,332.4968379722744,0.5756871700286865,-0.09577624097278721
2004,66.8,70.90697799547314,335.3485828835547,1816.902591869396,332.40703548029586,0.574429988861084,-0.09652835932048863
2005,66.83333333333333,70.7876834395826,335.3936189454794,1816.7804106089861,332.55390337996187,0.5690455436706543,-0.09318685635213746
2006,66.86666666666666,70.78913883333803,335.33936755940914,1816.819975275603,332.6115514441684,0.568787693977356,-0.0895128655642565
2007,66.9,70.77225513756275,335.4707140253067,1816.8629030994355,332.6383291813694,0.5688705444335938,-0.09294108262068447
2008,66.93333333333334,70.89437803468704,335.3408598370254,1816.9141582142233,332.59582177930923,0.5711357593536377,-0.09007857042198181
2009,66.96666666666667,70.85608477644921,335.3652335601151,1816.9094136479378,332.56825771073994,0.5738533735275269,-0.09178114542458553
2010,67.0,70.82696431743503,335.35415994027557,1816.9247994250356,332.5593678324252,0.5734180808067322,-0.09170714975500215
2011,67.03333333333333,70.71599206233024,335.358950936833,1816.7010050807237,332.53562227403,0.5695410370826721,-0.09264952124771458
2012,67.06666666666666,70.58298191734552,335.27973546893594,1816.6696937203765,332.46513455818297,0.5656726360321045,-0.09235773483323566
2013,67.1,70.58779677993058,335.38277053415476,1816.8920938547492,332.5200537048571,0.5666074156761169,-0.0939248936221896
2014,67.13333333333334,70.60543377432228,335.38925688652694,1816.8907298027902,332.5526735744081,0.5647966265678406,-0.09306847480777437
2015,67.16666666666667,70.56714572321772,335.4091008375794,1816.9278147891403,332.606958372917,0.5664806962013245,-0.091934502349926
2016,67.2,70.83544370007515,335.39299148591755,1817.0530862661958,332.74237253201306,0.5689073204994202,-0.08697035169874703
2017,67.23333333333333,70.79713308472634,335.4307520978123,1816.924539285335,332.6833883499481,0.5658671259880066,-0.0901493310765338
2018,67.26666666666667,70.81806793020368,335.4507895806521,1816.9229728060693,332.6250450792059,0.5673424601554871,-0.09272243158194048
2019,67.3,70.67665824528933,335.5001922577709,1816.9463738800525,332.6556550495468,0.5624550580978394,-0.09333027486564655
2020,67.33333333333333,70.61498192107081,335.4882195395827,1816.9395820425273,332.64055230183976,0.5635493397712708,-0.09343003560294379
2021,67.36666666666666,70.6402890228033,335.4847904253453,1816.9156218526066,332.6347588236414,0.5651068091392517,-0.09351024675274315
2022,67.4,70.61759763769507,335.5764333677381,1817.0588826734065,332.56950368010325,0.5650344491004944,-0.09864872734626054
2023,67.43333333333334,70.65302436905503,335.538419558987,1816.983065727839,332.58321238059403,0.568625271320343,-0.09695803958725387
2024,67.46666666666667,70.71877267150879,335.5035263418257,1816.933451727894,332.56659381468893,0.5731430649757385,-0.09636482951988208
2025,67.5,70.57840007397533,335.52180923770965,1816.9124094852925,332.61934191222565,0.5707632899284363,-0.0952274730394948
2026,67.53333333333333,70.69026578636766,335.52982019531726,1816.9613088061928,332.6795644156769,0.5705715417861938,-0.09351783180429218
2027,67.56666666666666,70.6097995216608,335.5194775268138,1816.8368201348424,332.71368751952053,0.5694871544837952,-0.09206121848693641
2028,67.6,70.79502593145371,335.5814556477994,1816.956926352635,332.6072692821674,0.5702301859855652,-0.09759012689656982
2029,67.63333333333334,70.74395176454783,335.6119865890443,1816.8140840551735,332.5531161807381,0.5704943537712097,-0.10037408116687685
2030,67.66666666666667,70.79703979025483,335.62726540294585,1816.9146333651363,332.5305203139812,0.5701449513435364,-0.10161414010946632
2031,67.7,70.68740620233416,335.6634512909472,1816.9282873364866,332.5051294641882,0.5705280303955078,-0.10362734927167336
2032,67.73333333333333,70.7740056022048,335.6519639209747,1816.9326849775166,332.53697677957786,0.5716516375541687,-0.10221031411707118
2033,67.76666666666667,70.68562579667568,335.67493041629194,1816.909907674709,332.5472661292061,0.5715742111206055,-0.10262242577582074
2034,67.8,70.87465775305033,335.6332323437721,1816.886500091809,332.51795707433297,0.5718836188316345,-0.10222836479419303
2035,67.83333333333333,70.79922678623795,335.5886234837413,1816.9775936816395,332.5870570349164,0.5703805088996887,-0.09848760202515114
2036,67.86666666666666,70.8184102992177,335.4349243133634,1817.0629021463812,332.623796506276,0.5713682174682617,-0.09223543474939616
2037,67.9,70.83628855745197,335.692489737612,1816.9192520923675,332.64612691771686,0.574303150177002,-0.09996292214739
2038,67.93333333333334,70.99598439270854,335.64815577082635,1816.9546482318192,332.5910370204635,0.5790141224861145,-0.10032300677389687
2039,67.96666666666667,70.86698677785397,335.6535195520461,1817.0419486420094,332.59114349549117,0.578350841999054,-0.10048308289098727
2040,68.0,71.01587086868287,335.645755716306,1816.937187412104,332.64240387165324,0.5828620791435242,-0.09856069327207663
2041,68.03333333333333,70.86786287803054,335.49978566744625,1816.8140300311654,332.59681314155085,0.576250433921814,-0.0952652055553991
2042,68.06666666666666,70.91973069883585,335.46381522458495,1816.9233789624661,332.64732124967503,0.5769659876823425,-0.09242425007314639
2043,68.1,70.88116927323341,335.5441489243567,1816.7681276324392,332.61772694153115,0.5744932293891907,-0.09603798851846021
2044,68.13333333333334,70.87764447792172,335.44624679078163,1816.6154961413504,332.70363948797586,0.574089765548706,-0.0900133395642063
2045,68.16666666666667,70.79918643095493,335.51933780207037,1816.5998085674853,332.72250010445043,0.5717986822128296,-0.09178989681436164
2046,68.2,70.86926837009192,335.5317214498609,1816.5981687544256,332.54656696307956,0.5736348032951355,-0.09797431121459432
2047,68.23333333333333,70.76694039018155,335.622167402488,1816.6619457230001,332.5883053366415,0.5726390480995178,-0.0995634425332716
2048,68.26666666666667,70.65346176825166,335.520725503093,1816.73873618553,332.5790848053627,0.5698993802070618,-0.09652646399239517
2049,68.3,70.58937020204067,335.59969167948367,1816.6648690944164,332.59650825304834,0.5656465888023376,-0.09854646369623776
2050,68.33333333333333,70.62035872012376,335.5370602802336,1816.588649680838,332.5820964810811,0.5657112002372742,-0.09697014174236684
2051,68.36666666666666,70.59918564829826,335.5829633298516,1816.5849931884468,332.73737666730506,0.5643908381462097,-0.09337988942554878
2052,68.4,70.67975171639323,335.59693623811603,1816.6291807046086,332.78866188583225,0.5683945417404175,-0.0921573824945164
2053,68.43333333333334,70.64800425863265,335.5614238060206,1816.539453119412,332.69375537264796,0.5699105262756348,-0.09410960264664632
2054,68.46666666666667,70.78498440882564,335.6184829217553,1816.6195833070576,332.5620467940226,0.5711984634399414,-0.10030773342935288
2055,68.5,70.74086480236053,335.48544066611527,1816.626938816762,332.5213766421594,0.5742043256759644,-0.0972733548541501
2056,68.53333333333333,70.80292254909277,335.59741572830677,1816.704119380361,332.5601644695781,0.5783728957176208,-0.09967431330635526
2057,68.56666666666666,70.83328447546958,335.5948052188158,1816.718233098188,332.58277568653,0.5780569314956665,-0.09884752651531788
2058,68.6,70.74502964113951,335.5442862624973,1816.7023289943636,332.5673781933822,0.577631950378418,-0.09769087888825236
2059,68.63333333333334,70.77956638663412,335.61332308658956,1816.6268101571768,332.65731373846455,0.5729857683181763,-0.09701117815763725
2060,68.66666666666667,70.56634382469058,335.51302610562743,1816.7780767284512,332.59300851706564,0.5678839683532715,-0.09580998961007808
2061,68.7,70.6536969571054,335.57129696467223,1816.6822663437129,332.5997449745588,0.5686862468719482,-0.09751113254544742
2062,68.73333333333333,70.8078042365551,335.5412112333238,1816.765177140537,332.5761335540868,0.5692493915557861,-0.09730264682540758
2063,68.76666666666667,70.73522547700405,335.51162191534934,1816.7167380000412,332.60536743097305,0.5720404982566833,-0.09537097681931389
2064,68.8,70.70156873703598,335.50208591857853,1816.8422904453307,332.5957743184589,0.5730664730072021,-0.095364155246829
2065,68.83333333333333,70.6339966361463,335.51226803380547,1816.8422674471587,332.56073969508407,0.5700141787528992,-0.09684409282842663
2066,68.86666666666666,70.54815660988092,335.4828937270433,1816.8728945034056,332.57134912068693,0.5699425935745239,-0.09552579747626043
2067,68.9,70.49754023677707,335.5296145135522,1816.8036305181236,332.6130915080808,0.5718141794204712,-0.0956901568575219
2068,68.93333333333334,70.50194807510972,335.5775266487658,1816.772469296786,332.54626787836105,0.5724128484725952,-0.09945661774929361
2069,68.96666666666667,70.36590000177623,335.5148128032386,1816.8084920279443,332.5060063237384,0.5646530985832214,-0.09871022550356723
2070,69.0,70.43756664514541,335.57557896395025,1816.9003914216519,332.4493078833457,0.5639765858650208,-0.10256270254980068
2071,69.03333333333333,70.4103016612947,335.4907050778747,1816.8244447316795,332.58389804071857,0.5596551895141602,-0.09536547900128267
2072,69.06666666666666,70.36957406824231,335.41440820818843,1816.9323558432995,332.5273491155647,0.5494386553764343,-0.09470953593986346
2073,69.1,70.32020219999552,335.49672756145594,1816.8537307341396,332.5520296798319,0.5531737804412842,-0.09660198211541131
2074,69.13333333333334,70.39971816287637,335.4442965023994,1816.8892457698018,332.5337653343603,0.556410551071167,-0.09548353715032655
2075,69.16666666666667,70.41692687055469,335.3822947323501,1816.8814337680788,332.5920270809218,0.5580263733863831,-0.09153946357473157
2076,69.2,70.57977041788698,335.31352867918906,1816.954664070183,332.6142334432602,0.5619752407073975,-0.08855950808648089
2077,69.23333333333333,70.44031687937975,335.37217358397544,1816.7066016641945,332.4993130420588,0.5590505599975586,-0.09425975701227468
2078,69.26666666666667,70.45018092554808,335.40438708016575,1816.7139469765962,332.49710570571125,0.5599381923675537,-0.09538925444731991
2079,69.3,70.42108433256149,335.45883395069836,1816.7386932266802,332.47299787186535,0.5598165392875671,-0.0979636453629136
2080,69.33333333333333,70.40366733955145,335.4952064276427,1816.72972155298,332.545302334822,0.5612610578536987,-0.09678427079571274
2081,69.36666666666666,70.4032151868105,335.4710652898401,1816.7722989801348,332.4794072562985,0.5602636337280273,-0.09815176699219591
2082,69.4,70.49585399344564,335.39916302368937,1816.7675285951466,332.4302853033293,0.5651044249534607,-0.09740981420619561
2083,69.43333333333334,70.5387386414647,335.2764701624334,1816.7455716327966,332.4183355833132,0.5651681423187256,-0.09377978560903796
2084,69.46666666666667,70.6182437561512,335.2739544661611,1816.7381206589819,332.40540296264703,0.5622696280479431,-0.09412626749444947
2085,69.5,70.7155603041947,335.4102644149065,1816.6520074751825,332.42028470551446,0.5662421584129333,-0.09812101178200729
2086,69.53333333333333,71.01660681018829,335.537727010259,1816.7072497353256,332.36298112571984,0.5757541060447693,-0.10419906895393047
2087,69.56666666666666,70.89849210391641,335.5239478507459,1816.6350142126441,332.45574143213184,0.5745616555213928,-0.10069967330553987
2088,69.6,70.93601166893244,335.42957051248254,1816.6041767014265,332.520434693443,0.5774152278900146,-0.0954826658920088
2089,69.63333333333334,70.86348237714768,335.5608160901725,1816.647021645054,332.501574944824,0.579365074634552,-0.10040272621590064
2090,69.66666666666667,70.92240542963744,335.55834639024437,1816.7244287189515,332.4811640671343,0.5808694362640381,-0.10099047599171965
2091,69.7,70.98080516523123,335.5548717135906,1816.6953876687198,332.55417246942295,0.5819017887115479,-0.0984853049157501
2092,69.73333333333333,71.26182980978489,335.61206274336877,1816.7701840161621,332.50086151332187,0.5925323963165283,-0.10212412360819752
2093,69.76666666666667,71.19947395467162,335.5565197712779,1816.766380856183,332.4949347650558,0.587260901927948,-0.10049212030216632
2094,69.8,71.29417999322415,335.41344402067364,1816.8236248251499,332.45824524963126,0.58664870262146,-0.0970022338673056
2095,69.83333333333333,71.30987038761974,335.3593232468635,1816.8167479377805,332.47158820324915,0.5888710618019104,-0.0947890160333141
2096,69.86666666666666,71.41625862971544,335.2708004621327,1816.961922163102,332.47289475977794,0.5911058783531189,-0.09183835993522896
2097,69.9,71.32482223694325,335.4464105985165,1817.0079597303302,332.58591954749676,0.5892805457115173,-0.093885261506682
2098,69.93333333333334,71.48360248459578,335.47827803730667,1817.000270964095,332.5765974228777,0.5908246040344238,-0.09524624001557254
2099,69.96666666666667,71.43990075057745,335.6139201712072,1816.9728825277925,332.59687958674135,0.5871971249580383,-0.0990319414023003
2100,70.0,71.32465994795561,335.57191249122025,1817.0572879888355,332.7517539962553,0.5825398564338684,-0.09255886964745862
2101,70.03333333333333,71.26949254035354,335.5815367922932,1816.7729496548325,332.83590517562254,0.5799014568328857,-0.09012469917952377
2102,70.06666666666666,71.3397632380724,335.53205210282505,1816.9989466165275,332.5476076303646,0.5862561464309692,-0.09795492011978157
2103,70.1,71.29610706647038,335.5850607197493,1816.9929594980597,332.5415635046355,0.5826459527015686,-0.09989097961956019
2104,70.13333333333334,71.4538489249587,335.52944940403404,1817.0407115139246,332.4562132201046,0.585935115814209,-0.10087339944482356
2105,70.16666666666667,71.45927996498347,335.6100139533818,1816.9986396126271,332.5599827623226,0.5884760022163391,-0.10011446365558878
2106,70.2,71.46785047245622,335.6011177831143,1817.0583576207996,332.57152876678555,0.5889632105827332,-0.09944055567224276
2107,70.23333333333333,71.44268179368376,335.5754036571294,1817.034522402078,332.6190376746148,0.5867517590522766,-0.09703707796995316
2108,70.26666666666667,71.62055703305006,335.59050087225734,1817.1054706780164,332.72889077574837,0.5930886268615723,-0.09393265617347986
2109,70.3,71.35035064184069,335.51835039941966,1816.8575996341765,332.6678982132204,0.5879086852073669,-0.0935651999669787
2110,70.33333333333333,71.38717982776761,335.49751839482485,1816.8759868896902,332.67068685006274,0.5882671475410461,-0.09279084154136444
2111,70.36666666666666,71.26430449988246,335.4775611886233,1816.8813645565986,332.65736835912315,0.5834081768989563,-0.09256612441282677
2112,70.4,71.24587732301354,335.4008360322237,1816.807111269766,332.6990401247717,0.5812205076217651,-0.08868286942467347
2113,70.43333333333334,71.3233295253992,335.4126384337604,1816.7031586642684,332.73539117653223,0.5837309956550598,-0.08788622721857715
2114,70.46666666666667,71.2682901264906,335.31509862987696,1816.8938319524498,332.7661221042402,0.5870445966720581,-0.08366370088995526
2115,70.5,71.09657883116007,335.3932077989131,1816.7540928894668,332.77292712232173,0.5798115730285645,-0.08600250046004394
2116,70.53333333333333,71.26089426150322,335.35164511185883,1816.9438597025276,332.7111732877545,0.5871172547340393,-0.0866639470417176
2117,70.56666666666666,71.13142019395232,335.62556744356453,1816.8088068425448,332.6412668724023,0.5819228291511536,-0.09794917563948366
2118,70.6,71.18221143994927,335.5804912433207,1816.8895855352491,332.6078622987121,0.5829033255577087,-0.09756442029914245
2119,70.63333333333334,71.19247253003121,335.54499031031133,1816.8700095345973,332.5773180141881,0.5815274715423584,-0.09740340362921214
2120,70.66666666666667,71.08379141357541,335.4279858082503,1816.7874502192706,332.6184455259256,0.5797802805900574,-0.09221190592859405
2121,70.7,71.21324335080982,335.5670830920547,1816.8370429567547,332.56165262488054,0.5784906148910522,-0.0986457169539739
2122,70.73333333333333,71.20486680905223,335.57979131782054,1816.8639905224384,332.5411065786891,0.5800535678863525,-0.0997351846127899
2123,70.76666666666667,71.16597690012455,335.5904038893998,1816.8067981908769,332.62525374422444,0.5813758373260498,-0.09732266997714002
2124,70.8,71.1849668813169,335.5414761462301,1816.8252140856237,332.616744312086,0.5834622979164124,-0.09599608726438032
2125,70.83333333333333,71.08323077889085,335.60465906768144,1816.8269643333017,332.6817458790809,0.5817200541496277,-0.09593070843145078
2126,70.86666666666666,71.15214805588126,335.5748237126589,1816.919126253313,332.7252033660032,0.579938530921936,-0.09352397892157512
2127,70.9,71.04494012421965,335.5603901900619,1816.774052699235,332.76668968176915,0.5751031637191772,-0.09169069276154197
2128,70.93333333333334,70.86615407045484,335.53314321421385,1816.7088192520857,332.7585406808883,0.5746260285377502,-0.09105796548235245
