{
  "train_datasets": [
    "swept_sine",
    "multisine_05",
    "multisine_06"
  ],
  "test_datasets": [
    "random_steps_01",
    "random_steps_02"
  ],
  "n_train_total": 3302,
  "dt": 0.04999700012206887,
  "models": {
    "NARX": {
      "fit_seconds": 0.16957466599706095,
      "max_lag": 10,
      "loss_metric": "analytical / non-iterative",
      "best_loss": null,
      "final_loss": null,
      "train_fr": {
        "swept_sine": {
          "MSE": 1.7845484159361131,
          "RMSE": 1.3358699098101257,
          "MAE": 0.964497307452738,
          "R2": 0.8216279248046954,
          "NRMSE": 0.12990795704136454,
          "FIT%": 0.5776588166004828
        },
        "multisine_05": {
          "MSE": 0.6097472062103134,
          "RMSE": 0.7808631161799828,
          "MAE": 0.6110960656398835,
          "R2": 0.674417445325421,
          "NRMSE": 0.0951343046958123,
          "FIT%": 0.42940158195576905
        },
        "multisine_06": {
          "MSE": 0.3454863823036382,
          "RMSE": 0.587780896511309,
          "MAE": 0.4749874263706249,
          "R2": 0.8192387784682643,
          "NRMSE": 0.07831979675049844,
          "FIT%": 0.5748397695788849
        }
      },
      "test_osa": {
        "random_steps_01": {
          "MSE": 0.2512325339929998,
          "RMSE": 0.5012310185862401,
          "MAE": 0.34777063058240526,
          "R2": 0.9612187650349734,
          "NRMSE": 0.0486502903348161,
          "FIT%": 0.8030704822404051
        },
        "random_steps_02": {
          "MSE": 0.13685995672731355,
          "RMSE": 0.36994588351178276,
          "MAE": 0.2502509012016775,
          "R2": 0.9779994697351513,
          "NRMSE": 0.035788812916019416,
          "FIT%": 0.8516742427464175
        }
      },
      "test_fr": {
        "random_steps_01": {
          "MSE": 17.702885471352783,
          "RMSE": 4.207479705399989,
          "MAE": 3.9996257544201645,
          "R2": -1.7326865279423442,
          "NRMSE": 0.4083847600312407,
          "FIT%": -0.6530839446145329
        },
        "random_steps_02": {
          "MSE": 25.556301219409217,
          "RMSE": 5.055324046924116,
          "MAE": 4.695947903381347,
          "R2": -3.108229988377545,
          "NRMSE": 0.48905543921117567,
          "FIT%": -1.0268769050876139
        }
      }
    }
  }
}