{
  "n_train": 880,
  "n_test": 221,
  "dt": 0.04999699960937676,
  "models": {
    "NARX": {
      "fit_seconds": 0.06704500000341795,
      "osa_metrics": {
        "MSE": 0.00864469364624335,
        "RMSE": 0.09297684467781939,
        "MAE": 0.07426394390175357,
        "R2": 0.9946755391684399,
        "NRMSE": 0.014231433325872504,
        "FIT%": 0.9270310968181641
      },
      "fr_metrics": {
        "MSE": 0.7433333509954373,
        "RMSE": 0.8621678206680167,
        "MAE": 0.6533940731078801,
        "R2": 0.542164306321314,
        "NRMSE": 0.13196709243109853,
        "FIT%": 0.32336443067284304
      }
    },
    "RandomForest": {
      "fit_seconds": 0.23804408399155363,
      "osa_metrics": {
        "MSE": 0.019577751790873243,
        "RMSE": 0.13992051954903986,
        "MAE": 0.0958345411386396,
        "R2": 0.987941623284035,
        "NRMSE": 0.02141683288762583,
        "FIT%": 0.8901893597324696
      },
      "fr_metrics": {
        "MSE": 0.2165400606989809,
        "RMSE": 0.4653386516280169,
        "MAE": 0.35449533761548957,
        "R2": 0.8666281167573345,
        "NRMSE": 0.07122672335830932,
        "FIT%": 0.6347988455074856
      }
    },
    "NeuralODE": {
      "fit_seconds": 116.42162762500811,
      "osa_metrics": {
        "MSE": 3.7892591065505736,
        "RMSE": 1.946601938391764,
        "MAE": 1.6169527257611684,
        "R2": -1.3338897269342471,
        "NRMSE": 0.297955214486273,
        "FIT%": -0.5277073433528578
      },
      "fr_metrics": {
        "MSE": 3.18989348037621,
        "RMSE": 1.7860272899304226,
        "MAE": 1.4961593983875878,
        "R2": -0.9647269860734724,
        "NRMSE": 0.27337697233015734,
        "FIT%": -0.40168719266228314
      }
    }
  }
}